--
-- PostgreSQL database dump
--

-- Dumped from database version 17.5
-- Dumped by pg_dump version 17.5 (Homebrew)

SET statement_timeout = 0;
SET lock_timeout = 0;
SET idle_in_transaction_session_timeout = 0;
SET transaction_timeout = 0;
SET client_encoding = 'UTF8';
SET standard_conforming_strings = on;
SELECT pg_catalog.set_config('search_path', '', false);
SET check_function_bodies = false;
SET xmloption = content;
SET client_min_messages = warning;
SET row_security = off;

SET default_tablespace = '';

SET default_table_access_method = heap;

--
-- Name: analytics_dashboard; Type: TABLE; Schema: public; Owner: scooteruser
--

CREATE TABLE public.analytics_dashboard (
    id bigint NOT NULL,
    name character varying(100) NOT NULL,
    description text NOT NULL,
    is_default boolean NOT NULL,
    is_public boolean NOT NULL,
    date_created timestamp with time zone NOT NULL,
    date_updated timestamp with time zone NOT NULL,
    owner_id integer NOT NULL
);


ALTER TABLE public.analytics_dashboard OWNER TO scooteruser;

--
-- Name: analytics_dashboard_id_seq; Type: SEQUENCE; Schema: public; Owner: scooteruser
--

ALTER TABLE public.analytics_dashboard ALTER COLUMN id ADD GENERATED BY DEFAULT AS IDENTITY (
    SEQUENCE NAME public.analytics_dashboard_id_seq
    START WITH 1
    INCREMENT BY 1
    NO MINVALUE
    NO MAXVALUE
    CACHE 1
);


--
-- Name: analytics_dashboardwidget; Type: TABLE; Schema: public; Owner: scooteruser
--

CREATE TABLE public.analytics_dashboardwidget (
    id bigint NOT NULL,
    title character varying(100) NOT NULL,
    widget_type character varying(20) NOT NULL,
    data_source character varying(200) NOT NULL,
    config jsonb NOT NULL,
    position_x smallint NOT NULL,
    position_y smallint NOT NULL,
    width smallint NOT NULL,
    height smallint NOT NULL,
    date_created timestamp with time zone NOT NULL,
    date_updated timestamp with time zone NOT NULL,
    dashboard_id bigint NOT NULL,
    CONSTRAINT analytics_dashboardwidget_height_check CHECK ((height >= 0)),
    CONSTRAINT analytics_dashboardwidget_position_x_check CHECK ((position_x >= 0)),
    CONSTRAINT analytics_dashboardwidget_position_y_check CHECK ((position_y >= 0)),
    CONSTRAINT analytics_dashboardwidget_width_check CHECK ((width >= 0))
);


ALTER TABLE public.analytics_dashboardwidget OWNER TO scooteruser;

--
-- Name: analytics_dashboardwidget_id_seq; Type: SEQUENCE; Schema: public; Owner: scooteruser
--

ALTER TABLE public.analytics_dashboardwidget ALTER COLUMN id ADD GENERATED BY DEFAULT AS IDENTITY (
    SEQUENCE NAME public.analytics_dashboardwidget_id_seq
    START WITH 1
    INCREMENT BY 1
    NO MINVALUE
    NO MAXVALUE
    CACHE 1
);


--
-- Name: analytics_reportschedule; Type: TABLE; Schema: public; Owner: scooteruser
--

CREATE TABLE public.analytics_reportschedule (
    id bigint NOT NULL,
    name character varying(100) NOT NULL,
    report_type character varying(20) NOT NULL,
    description text NOT NULL,
    frequency character varying(20) NOT NULL,
    include_charts boolean NOT NULL,
    include_raw_data boolean NOT NULL,
    date_range_days integer NOT NULL,
    next_run_date timestamp with time zone NOT NULL,
    last_run_date timestamp with time zone,
    is_active boolean NOT NULL,
    date_created timestamp with time zone NOT NULL,
    date_updated timestamp with time zone NOT NULL,
    created_by_id integer NOT NULL,
    CONSTRAINT analytics_reportschedule_date_range_days_check CHECK ((date_range_days >= 0))
);


ALTER TABLE public.analytics_reportschedule OWNER TO scooteruser;

--
-- Name: analytics_reportschedule_id_seq; Type: SEQUENCE; Schema: public; Owner: scooteruser
--

ALTER TABLE public.analytics_reportschedule ALTER COLUMN id ADD GENERATED BY DEFAULT AS IDENTITY (
    SEQUENCE NAME public.analytics_reportschedule_id_seq
    START WITH 1
    INCREMENT BY 1
    NO MINVALUE
    NO MAXVALUE
    CACHE 1
);


--
-- Name: analytics_reportschedule_recipients; Type: TABLE; Schema: public; Owner: scooteruser
--

CREATE TABLE public.analytics_reportschedule_recipients (
    id bigint NOT NULL,
    reportschedule_id bigint NOT NULL,
    user_id integer NOT NULL
);


ALTER TABLE public.analytics_reportschedule_recipients OWNER TO scooteruser;

--
-- Name: analytics_reportschedule_recipients_id_seq; Type: SEQUENCE; Schema: public; Owner: scooteruser
--

ALTER TABLE public.analytics_reportschedule_recipients ALTER COLUMN id ADD GENERATED BY DEFAULT AS IDENTITY (
    SEQUENCE NAME public.analytics_reportschedule_recipients_id_seq
    START WITH 1
    INCREMENT BY 1
    NO MINVALUE
    NO MAXVALUE
    CACHE 1
);


--
-- Name: analytics_savedreport; Type: TABLE; Schema: public; Owner: scooteruser
--

CREATE TABLE public.analytics_savedreport (
    id bigint NOT NULL,
    title character varying(200) NOT NULL,
    report_data jsonb NOT NULL,
    date_generated timestamp with time zone NOT NULL,
    is_public boolean NOT NULL,
    generated_by_id integer,
    report_schedule_id bigint
);


ALTER TABLE public.analytics_savedreport OWNER TO scooteruser;

--
-- Name: analytics_savedreport_allowed_users; Type: TABLE; Schema: public; Owner: scooteruser
--

CREATE TABLE public.analytics_savedreport_allowed_users (
    id bigint NOT NULL,
    savedreport_id bigint NOT NULL,
    user_id integer NOT NULL
);


ALTER TABLE public.analytics_savedreport_allowed_users OWNER TO scooteruser;

--
-- Name: analytics_savedreport_allowed_users_id_seq; Type: SEQUENCE; Schema: public; Owner: scooteruser
--

ALTER TABLE public.analytics_savedreport_allowed_users ALTER COLUMN id ADD GENERATED BY DEFAULT AS IDENTITY (
    SEQUENCE NAME public.analytics_savedreport_allowed_users_id_seq
    START WITH 1
    INCREMENT BY 1
    NO MINVALUE
    NO MAXVALUE
    CACHE 1
);


--
-- Name: analytics_savedreport_id_seq; Type: SEQUENCE; Schema: public; Owner: scooteruser
--

ALTER TABLE public.analytics_savedreport ALTER COLUMN id ADD GENERATED BY DEFAULT AS IDENTITY (
    SEQUENCE NAME public.analytics_savedreport_id_seq
    START WITH 1
    INCREMENT BY 1
    NO MINVALUE
    NO MAXVALUE
    CACHE 1
);


--
-- Name: auth_group; Type: TABLE; Schema: public; Owner: scooteruser
--

CREATE TABLE public.auth_group (
    id integer NOT NULL,
    name character varying(150) NOT NULL
);


ALTER TABLE public.auth_group OWNER TO scooteruser;

--
-- Name: auth_group_id_seq; Type: SEQUENCE; Schema: public; Owner: scooteruser
--

ALTER TABLE public.auth_group ALTER COLUMN id ADD GENERATED BY DEFAULT AS IDENTITY (
    SEQUENCE NAME public.auth_group_id_seq
    START WITH 1
    INCREMENT BY 1
    NO MINVALUE
    NO MAXVALUE
    CACHE 1
);


--
-- Name: auth_group_permissions; Type: TABLE; Schema: public; Owner: scooteruser
--

CREATE TABLE public.auth_group_permissions (
    id bigint NOT NULL,
    group_id integer NOT NULL,
    permission_id integer NOT NULL
);


ALTER TABLE public.auth_group_permissions OWNER TO scooteruser;

--
-- Name: auth_group_permissions_id_seq; Type: SEQUENCE; Schema: public; Owner: scooteruser
--

ALTER TABLE public.auth_group_permissions ALTER COLUMN id ADD GENERATED BY DEFAULT AS IDENTITY (
    SEQUENCE NAME public.auth_group_permissions_id_seq
    START WITH 1
    INCREMENT BY 1
    NO MINVALUE
    NO MAXVALUE
    CACHE 1
);


--
-- Name: auth_permission; Type: TABLE; Schema: public; Owner: scooteruser
--

CREATE TABLE public.auth_permission (
    id integer NOT NULL,
    name character varying(255) NOT NULL,
    content_type_id integer NOT NULL,
    codename character varying(100) NOT NULL
);


ALTER TABLE public.auth_permission OWNER TO scooteruser;

--
-- Name: auth_permission_id_seq; Type: SEQUENCE; Schema: public; Owner: scooteruser
--

ALTER TABLE public.auth_permission ALTER COLUMN id ADD GENERATED BY DEFAULT AS IDENTITY (
    SEQUENCE NAME public.auth_permission_id_seq
    START WITH 1
    INCREMENT BY 1
    NO MINVALUE
    NO MAXVALUE
    CACHE 1
);


--
-- Name: auth_user; Type: TABLE; Schema: public; Owner: scooteruser
--

CREATE TABLE public.auth_user (
    id integer NOT NULL,
    password character varying(128) NOT NULL,
    last_login timestamp with time zone,
    is_superuser boolean NOT NULL,
    username character varying(150) NOT NULL,
    first_name character varying(150) NOT NULL,
    last_name character varying(150) NOT NULL,
    email character varying(254) NOT NULL,
    is_staff boolean NOT NULL,
    is_active boolean NOT NULL,
    date_joined timestamp with time zone NOT NULL
);


ALTER TABLE public.auth_user OWNER TO scooteruser;

--
-- Name: auth_user_groups; Type: TABLE; Schema: public; Owner: scooteruser
--

CREATE TABLE public.auth_user_groups (
    id bigint NOT NULL,
    user_id integer NOT NULL,
    group_id integer NOT NULL
);


ALTER TABLE public.auth_user_groups OWNER TO scooteruser;

--
-- Name: auth_user_groups_id_seq; Type: SEQUENCE; Schema: public; Owner: scooteruser
--

ALTER TABLE public.auth_user_groups ALTER COLUMN id ADD GENERATED BY DEFAULT AS IDENTITY (
    SEQUENCE NAME public.auth_user_groups_id_seq
    START WITH 1
    INCREMENT BY 1
    NO MINVALUE
    NO MAXVALUE
    CACHE 1
);


--
-- Name: auth_user_id_seq; Type: SEQUENCE; Schema: public; Owner: scooteruser
--

ALTER TABLE public.auth_user ALTER COLUMN id ADD GENERATED BY DEFAULT AS IDENTITY (
    SEQUENCE NAME public.auth_user_id_seq
    START WITH 1
    INCREMENT BY 1
    NO MINVALUE
    NO MAXVALUE
    CACHE 1
);


--
-- Name: auth_user_user_permissions; Type: TABLE; Schema: public; Owner: scooteruser
--

CREATE TABLE public.auth_user_user_permissions (
    id bigint NOT NULL,
    user_id integer NOT NULL,
    permission_id integer NOT NULL
);


ALTER TABLE public.auth_user_user_permissions OWNER TO scooteruser;

--
-- Name: auth_user_user_permissions_id_seq; Type: SEQUENCE; Schema: public; Owner: scooteruser
--

ALTER TABLE public.auth_user_user_permissions ALTER COLUMN id ADD GENERATED BY DEFAULT AS IDENTITY (
    SEQUENCE NAME public.auth_user_user_permissions_id_seq
    START WITH 1
    INCREMENT BY 1
    NO MINVALUE
    NO MAXVALUE
    CACHE 1
);


--
-- Name: customers_customer; Type: TABLE; Schema: public; Owner: scooteruser
--

CREATE TABLE public.customers_customer (
    id bigint NOT NULL,
    first_name character varying(100) NOT NULL,
    last_name character varying(100) NOT NULL,
    email character varying(254) NOT NULL,
    phone character varying(17) NOT NULL,
    address text NOT NULL,
    city character varying(100) NOT NULL,
    state character varying(100) NOT NULL,
    postal_code character varying(20) NOT NULL,
    country character varying(100) NOT NULL,
    driver_license character varying(50) NOT NULL,
    date_of_birth date NOT NULL,
    notes text NOT NULL,
    is_active boolean NOT NULL,
    date_created timestamp with time zone NOT NULL,
    date_updated timestamp with time zone NOT NULL
);


ALTER TABLE public.customers_customer OWNER TO scooteruser;

--
-- Name: customers_customer_id_seq; Type: SEQUENCE; Schema: public; Owner: scooteruser
--

ALTER TABLE public.customers_customer ALTER COLUMN id ADD GENERATED BY DEFAULT AS IDENTITY (
    SEQUENCE NAME public.customers_customer_id_seq
    START WITH 1
    INCREMENT BY 1
    NO MINVALUE
    NO MAXVALUE
    CACHE 1
);


--
-- Name: customers_payment; Type: TABLE; Schema: public; Owner: scooteruser
--

CREATE TABLE public.customers_payment (
    id bigint NOT NULL,
    amount numeric(10,2) NOT NULL,
    payment_date timestamp with time zone NOT NULL,
    status character varying(20) NOT NULL,
    transaction_id character varying(100) NOT NULL,
    notes text NOT NULL,
    date_created timestamp with time zone NOT NULL,
    date_updated timestamp with time zone NOT NULL,
    payment_method_id bigint,
    rental_id bigint NOT NULL
);


ALTER TABLE public.customers_payment OWNER TO scooteruser;

--
-- Name: customers_payment_id_seq; Type: SEQUENCE; Schema: public; Owner: scooteruser
--

ALTER TABLE public.customers_payment ALTER COLUMN id ADD GENERATED BY DEFAULT AS IDENTITY (
    SEQUENCE NAME public.customers_payment_id_seq
    START WITH 1
    INCREMENT BY 1
    NO MINVALUE
    NO MAXVALUE
    CACHE 1
);


--
-- Name: customers_paymentmethod; Type: TABLE; Schema: public; Owner: scooteruser
--

CREATE TABLE public.customers_paymentmethod (
    id bigint NOT NULL,
    payment_type character varying(20) NOT NULL,
    card_number character varying(16) NOT NULL,
    card_holder_name character varying(100) NOT NULL,
    expiry_date character varying(7) NOT NULL,
    is_default boolean NOT NULL,
    is_active boolean NOT NULL,
    date_created timestamp with time zone NOT NULL,
    date_updated timestamp with time zone NOT NULL,
    customer_id bigint NOT NULL
);


ALTER TABLE public.customers_paymentmethod OWNER TO scooteruser;

--
-- Name: customers_paymentmethod_id_seq; Type: SEQUENCE; Schema: public; Owner: scooteruser
--

ALTER TABLE public.customers_paymentmethod ALTER COLUMN id ADD GENERATED BY DEFAULT AS IDENTITY (
    SEQUENCE NAME public.customers_paymentmethod_id_seq
    START WITH 1
    INCREMENT BY 1
    NO MINVALUE
    NO MAXVALUE
    CACHE 1
);


--
-- Name: customers_rental; Type: TABLE; Schema: public; Owner: scooteruser
--

CREATE TABLE public.customers_rental (
    id bigint NOT NULL,
    rental_number character varying(100) NOT NULL,
    start_date timestamp with time zone NOT NULL,
    expected_end_date timestamp with time zone NOT NULL,
    end_date timestamp with time zone,
    rate_type character varying(20) NOT NULL,
    rate_amount numeric(10,2) NOT NULL,
    status character varying(20) NOT NULL,
    deposit_amount numeric(10,2) NOT NULL,
    deposit_returned boolean NOT NULL,
    total_amount numeric(10,2),
    mileage_start integer NOT NULL,
    mileage_end integer,
    notes text NOT NULL,
    date_created timestamp with time zone NOT NULL,
    date_updated timestamp with time zone NOT NULL,
    created_by_id integer,
    customer_id bigint NOT NULL,
    scooter_id bigint NOT NULL,
    category_id bigint,
    CONSTRAINT customers_rental_mileage_end_check CHECK ((mileage_end >= 0)),
    CONSTRAINT customers_rental_mileage_start_check CHECK ((mileage_start >= 0))
);


ALTER TABLE public.customers_rental OWNER TO scooteruser;

--
-- Name: customers_rental_id_seq; Type: SEQUENCE; Schema: public; Owner: scooteruser
--

ALTER TABLE public.customers_rental ALTER COLUMN id ADD GENERATED BY DEFAULT AS IDENTITY (
    SEQUENCE NAME public.customers_rental_id_seq
    START WITH 1
    INCREMENT BY 1
    NO MINVALUE
    NO MAXVALUE
    CACHE 1
);


--
-- Name: customers_rentalcategory; Type: TABLE; Schema: public; Owner: scooteruser
--

CREATE TABLE public.customers_rentalcategory (
    id bigint NOT NULL,
    category character varying(1) NOT NULL,
    description text NOT NULL,
    one_day_price numeric(8,2) NOT NULL,
    two_to_ten_days_price numeric(8,2) NOT NULL,
    eleven_to_twentynine_days_price numeric(8,2) NOT NULL,
    thirty_plus_days_price numeric(8,2) NOT NULL,
    date_created timestamp with time zone NOT NULL,
    date_updated timestamp with time zone NOT NULL
);


ALTER TABLE public.customers_rentalcategory OWNER TO scooteruser;

--
-- Name: customers_rentalcategory_id_seq; Type: SEQUENCE; Schema: public; Owner: scooteruser
--

ALTER TABLE public.customers_rentalcategory ALTER COLUMN id ADD GENERATED BY DEFAULT AS IDENTITY (
    SEQUENCE NAME public.customers_rentalcategory_id_seq
    START WITH 1
    INCREMENT BY 1
    NO MINVALUE
    NO MAXVALUE
    CACHE 1
);


--
-- Name: django_admin_log; Type: TABLE; Schema: public; Owner: scooteruser
--

CREATE TABLE public.django_admin_log (
    id integer NOT NULL,
    action_time timestamp with time zone NOT NULL,
    object_id text,
    object_repr character varying(200) NOT NULL,
    action_flag smallint NOT NULL,
    change_message text NOT NULL,
    content_type_id integer,
    user_id integer NOT NULL,
    CONSTRAINT django_admin_log_action_flag_check CHECK ((action_flag >= 0))
);


ALTER TABLE public.django_admin_log OWNER TO scooteruser;

--
-- Name: django_admin_log_id_seq; Type: SEQUENCE; Schema: public; Owner: scooteruser
--

ALTER TABLE public.django_admin_log ALTER COLUMN id ADD GENERATED BY DEFAULT AS IDENTITY (
    SEQUENCE NAME public.django_admin_log_id_seq
    START WITH 1
    INCREMENT BY 1
    NO MINVALUE
    NO MAXVALUE
    CACHE 1
);


--
-- Name: django_content_type; Type: TABLE; Schema: public; Owner: scooteruser
--

CREATE TABLE public.django_content_type (
    id integer NOT NULL,
    app_label character varying(100) NOT NULL,
    model character varying(100) NOT NULL
);


ALTER TABLE public.django_content_type OWNER TO scooteruser;

--
-- Name: django_content_type_id_seq; Type: SEQUENCE; Schema: public; Owner: scooteruser
--

ALTER TABLE public.django_content_type ALTER COLUMN id ADD GENERATED BY DEFAULT AS IDENTITY (
    SEQUENCE NAME public.django_content_type_id_seq
    START WITH 1
    INCREMENT BY 1
    NO MINVALUE
    NO MAXVALUE
    CACHE 1
);


--
-- Name: django_migrations; Type: TABLE; Schema: public; Owner: scooteruser
--

CREATE TABLE public.django_migrations (
    id bigint NOT NULL,
    app character varying(255) NOT NULL,
    name character varying(255) NOT NULL,
    applied timestamp with time zone NOT NULL
);


ALTER TABLE public.django_migrations OWNER TO scooteruser;

--
-- Name: django_migrations_id_seq; Type: SEQUENCE; Schema: public; Owner: scooteruser
--

ALTER TABLE public.django_migrations ALTER COLUMN id ADD GENERATED BY DEFAULT AS IDENTITY (
    SEQUENCE NAME public.django_migrations_id_seq
    START WITH 1
    INCREMENT BY 1
    NO MINVALUE
    NO MAXVALUE
    CACHE 1
);


--
-- Name: django_session; Type: TABLE; Schema: public; Owner: scooteruser
--

CREATE TABLE public.django_session (
    session_key character varying(40) NOT NULL,
    session_data text NOT NULL,
    expire_date timestamp with time zone NOT NULL
);


ALTER TABLE public.django_session OWNER TO scooteruser;

--
-- Name: inventory_inventoryalert; Type: TABLE; Schema: public; Owner: scooteruser
--

CREATE TABLE public.inventory_inventoryalert (
    id bigint NOT NULL,
    alert_type character varying(20) NOT NULL,
    title character varying(200) NOT NULL,
    description text NOT NULL,
    severity character varying(10) NOT NULL,
    status character varying(15) NOT NULL,
    threshold_value numeric(10,2),
    current_value numeric(10,2),
    email_sent boolean NOT NULL,
    dashboard_notification boolean NOT NULL,
    date_created timestamp with time zone NOT NULL,
    date_updated timestamp with time zone NOT NULL,
    date_acknowledged timestamp with time zone,
    date_resolved timestamp with time zone,
    acknowledged_by_id integer,
    created_by_id integer,
    part_id bigint,
    resolved_by_id integer,
    scooter_id bigint,
    store_id bigint
);


ALTER TABLE public.inventory_inventoryalert OWNER TO scooteruser;

--
-- Name: inventory_inventoryalert_id_seq; Type: SEQUENCE; Schema: public; Owner: scooteruser
--

ALTER TABLE public.inventory_inventoryalert ALTER COLUMN id ADD GENERATED BY DEFAULT AS IDENTITY (
    SEQUENCE NAME public.inventory_inventoryalert_id_seq
    START WITH 1
    INCREMENT BY 1
    NO MINVALUE
    NO MAXVALUE
    CACHE 1
);


--
-- Name: inventory_parts; Type: TABLE; Schema: public; Owner: scooteruser
--

CREATE TABLE public.inventory_parts (
    id bigint NOT NULL,
    part_number character varying(100) NOT NULL,
    name character varying(200) NOT NULL,
    description text NOT NULL,
    current_stock numeric(10,2) NOT NULL,
    reorder_level numeric(10,2) NOT NULL,
    unit_price numeric(10,2) NOT NULL,
    category character varying(100) NOT NULL,
    location_in_store character varying(100) NOT NULL,
    date_created timestamp with time zone NOT NULL,
    date_updated timestamp with time zone NOT NULL,
    store_id bigint NOT NULL
);


ALTER TABLE public.inventory_parts OWNER TO scooteruser;

--
-- Name: inventory_parts_id_seq; Type: SEQUENCE; Schema: public; Owner: scooteruser
--

ALTER TABLE public.inventory_parts ALTER COLUMN id ADD GENERATED BY DEFAULT AS IDENTITY (
    SEQUENCE NAME public.inventory_parts_id_seq
    START WITH 1
    INCREMENT BY 1
    NO MINVALUE
    NO MAXVALUE
    CACHE 1
);


--
-- Name: inventory_purchase; Type: TABLE; Schema: public; Owner: scooteruser
--

CREATE TABLE public.inventory_purchase (
    id bigint NOT NULL,
    invoice_number character varying(100) NOT NULL,
    invoice_date date NOT NULL,
    due_date date NOT NULL,
    status character varying(20) NOT NULL,
    total_amount numeric(10,2) NOT NULL,
    amount_paid numeric(10,2) NOT NULL,
    notes text NOT NULL,
    date_created timestamp with time zone NOT NULL,
    date_updated timestamp with time zone NOT NULL,
    created_by_id integer,
    supplier_id bigint NOT NULL,
    store_id bigint,
    discount_amount numeric(10,2) NOT NULL,
    discount_percent numeric(5,2) NOT NULL,
    subtotal numeric(10,2) NOT NULL,
    vat_amount numeric(10,2) NOT NULL,
    vat_percent numeric(5,2) NOT NULL
);


ALTER TABLE public.inventory_purchase OWNER TO scooteruser;

--
-- Name: inventory_purchase_id_seq; Type: SEQUENCE; Schema: public; Owner: scooteruser
--

ALTER TABLE public.inventory_purchase ALTER COLUMN id ADD GENERATED BY DEFAULT AS IDENTITY (
    SEQUENCE NAME public.inventory_purchase_id_seq
    START WITH 1
    INCREMENT BY 1
    NO MINVALUE
    NO MAXVALUE
    CACHE 1
);


--
-- Name: inventory_purchaseitem; Type: TABLE; Schema: public; Owner: scooteruser
--

CREATE TABLE public.inventory_purchaseitem (
    id bigint NOT NULL,
    description character varying(200) NOT NULL,
    quantity numeric(10,2) NOT NULL,
    unit_price numeric(10,2) NOT NULL,
    part_id bigint,
    purchase_id bigint NOT NULL,
    scooter_id bigint,
    store_id bigint
);


ALTER TABLE public.inventory_purchaseitem OWNER TO scooteruser;

--
-- Name: inventory_purchaseitem_id_seq; Type: SEQUENCE; Schema: public; Owner: scooteruser
--

ALTER TABLE public.inventory_purchaseitem ALTER COLUMN id ADD GENERATED BY DEFAULT AS IDENTITY (
    SEQUENCE NAME public.inventory_purchaseitem_id_seq
    START WITH 1
    INCREMENT BY 1
    NO MINVALUE
    NO MAXVALUE
    CACHE 1
);


--
-- Name: inventory_scooter; Type: TABLE; Schema: public; Owner: scooteruser
--

CREATE TABLE public.inventory_scooter (
    id bigint NOT NULL,
    vin character varying(100) NOT NULL,
    make character varying(100) NOT NULL,
    model character varying(100) NOT NULL,
    year integer NOT NULL,
    color character varying(50) NOT NULL,
    status character varying(20) NOT NULL,
    hourly_rate numeric(8,2) NOT NULL,
    daily_rate numeric(8,2) NOT NULL,
    purchase_date date NOT NULL,
    purchase_price numeric(10,2) NOT NULL,
    mileage integer NOT NULL,
    last_maintenance date,
    notes text NOT NULL,
    date_created timestamp with time zone NOT NULL,
    date_updated timestamp with time zone NOT NULL,
    store_id bigint NOT NULL,
    license_number character varying(100),
    supplier_id bigint,
    category_id integer,
    category character varying(1) NOT NULL,
    CONSTRAINT inventory_scooter_mileage_check CHECK ((mileage >= 0)),
    CONSTRAINT inventory_scooter_year_check CHECK ((year >= 0))
);


ALTER TABLE public.inventory_scooter OWNER TO scooteruser;

--
-- Name: inventory_scooter_id_seq; Type: SEQUENCE; Schema: public; Owner: scooteruser
--

ALTER TABLE public.inventory_scooter ALTER COLUMN id ADD GENERATED BY DEFAULT AS IDENTITY (
    SEQUENCE NAME public.inventory_scooter_id_seq
    START WITH 1
    INCREMENT BY 1
    NO MINVALUE
    NO MAXVALUE
    CACHE 1
);


--
-- Name: inventory_scootercategory; Type: TABLE; Schema: public; Owner: scooteruser
--

CREATE TABLE public.inventory_scootercategory (
    id integer NOT NULL,
    category character varying(1) NOT NULL,
    description text DEFAULT ''::text NOT NULL,
    one_day_price numeric(8,2) NOT NULL,
    two_to_ten_days_price numeric(8,2) NOT NULL,
    eleven_to_twentynine_days_price numeric(8,2) NOT NULL,
    thirty_plus_days_price numeric(8,2) NOT NULL,
    date_created timestamp with time zone DEFAULT now() NOT NULL,
    date_updated timestamp with time zone DEFAULT now() NOT NULL
);


ALTER TABLE public.inventory_scootercategory OWNER TO scooteruser;

--
-- Name: inventory_scootercategory_id_seq; Type: SEQUENCE; Schema: public; Owner: scooteruser
--

CREATE SEQUENCE public.inventory_scootercategory_id_seq
    AS integer
    START WITH 1
    INCREMENT BY 1
    NO MINVALUE
    NO MAXVALUE
    CACHE 1;


ALTER SEQUENCE public.inventory_scootercategory_id_seq OWNER TO scooteruser;

--
-- Name: inventory_scootercategory_id_seq; Type: SEQUENCE OWNED BY; Schema: public; Owner: scooteruser
--

ALTER SEQUENCE public.inventory_scootercategory_id_seq OWNED BY public.inventory_scootercategory.id;


--
-- Name: inventory_scootermaintenancehistory; Type: TABLE; Schema: public; Owner: scooteruser
--

CREATE TABLE public.inventory_scootermaintenancehistory (
    id bigint NOT NULL,
    maintenance_date date NOT NULL,
    description text NOT NULL,
    cost numeric(10,2) NOT NULL,
    performed_by character varying(100) NOT NULL,
    mileage_at_service integer NOT NULL,
    date_created timestamp with time zone NOT NULL,
    scooter_id bigint NOT NULL,
    CONSTRAINT inventory_scootermaintenancehistory_mileage_at_service_check CHECK ((mileage_at_service >= 0))
);


ALTER TABLE public.inventory_scootermaintenancehistory OWNER TO scooteruser;

--
-- Name: inventory_scootermaintenancehistory_id_seq; Type: SEQUENCE; Schema: public; Owner: scooteruser
--

ALTER TABLE public.inventory_scootermaintenancehistory ALTER COLUMN id ADD GENERATED BY DEFAULT AS IDENTITY (
    SEQUENCE NAME public.inventory_scootermaintenancehistory_id_seq
    START WITH 1
    INCREMENT BY 1
    NO MINVALUE
    NO MAXVALUE
    CACHE 1
);


--
-- Name: inventory_stocktransfer; Type: TABLE; Schema: public; Owner: scooteruser
--

CREATE TABLE public.inventory_stocktransfer (
    id bigint NOT NULL,
    transfer_number character varying(100) NOT NULL,
    transfer_date date NOT NULL,
    status character varying(20) NOT NULL,
    notes text NOT NULL,
    date_created timestamp with time zone NOT NULL,
    date_updated timestamp with time zone NOT NULL,
    created_by_id integer,
    destination_store_id bigint NOT NULL,
    source_store_id bigint NOT NULL
);


ALTER TABLE public.inventory_stocktransfer OWNER TO scooteruser;

--
-- Name: inventory_stocktransfer_id_seq; Type: SEQUENCE; Schema: public; Owner: scooteruser
--

ALTER TABLE public.inventory_stocktransfer ALTER COLUMN id ADD GENERATED BY DEFAULT AS IDENTITY (
    SEQUENCE NAME public.inventory_stocktransfer_id_seq
    START WITH 1
    INCREMENT BY 1
    NO MINVALUE
    NO MAXVALUE
    CACHE 1
);


--
-- Name: inventory_stocktransferitem; Type: TABLE; Schema: public; Owner: scooteruser
--

CREATE TABLE public.inventory_stocktransferitem (
    id bigint NOT NULL,
    quantity numeric(10,2) NOT NULL,
    date_added timestamp with time zone NOT NULL,
    part_id bigint NOT NULL,
    stock_transfer_id bigint NOT NULL
);


ALTER TABLE public.inventory_stocktransferitem OWNER TO scooteruser;

--
-- Name: inventory_stocktransferitem_id_seq; Type: SEQUENCE; Schema: public; Owner: scooteruser
--

ALTER TABLE public.inventory_stocktransferitem ALTER COLUMN id ADD GENERATED BY DEFAULT AS IDENTITY (
    SEQUENCE NAME public.inventory_stocktransferitem_id_seq
    START WITH 1
    INCREMENT BY 1
    NO MINVALUE
    NO MAXVALUE
    CACHE 1
);


--
-- Name: inventory_store; Type: TABLE; Schema: public; Owner: scooteruser
--

CREATE TABLE public.inventory_store (
    id bigint NOT NULL,
    name character varying(100) NOT NULL,
    location character varying(200) NOT NULL,
    contact_person character varying(100) NOT NULL,
    phone character varying(20) NOT NULL,
    email character varying(254) NOT NULL,
    is_active boolean NOT NULL,
    date_created timestamp with time zone NOT NULL
);


ALTER TABLE public.inventory_store OWNER TO scooteruser;

--
-- Name: inventory_store_id_seq; Type: SEQUENCE; Schema: public; Owner: scooteruser
--

ALTER TABLE public.inventory_store ALTER COLUMN id ADD GENERATED BY DEFAULT AS IDENTITY (
    SEQUENCE NAME public.inventory_store_id_seq
    START WITH 1
    INCREMENT BY 1
    NO MINVALUE
    NO MAXVALUE
    CACHE 1
);


--
-- Name: inventory_supplier; Type: TABLE; Schema: public; Owner: scooteruser
--

CREATE TABLE public.inventory_supplier (
    id bigint NOT NULL,
    name character varying(100) NOT NULL,
    address text NOT NULL,
    contact_person character varying(100) NOT NULL,
    phone character varying(20) NOT NULL,
    email character varying(254) NOT NULL,
    website character varying(200),
    account_number character varying(50),
    payment_terms character varying(100),
    notes text NOT NULL,
    is_active boolean NOT NULL,
    date_created timestamp with time zone NOT NULL,
    date_updated timestamp with time zone NOT NULL
);


ALTER TABLE public.inventory_supplier OWNER TO scooteruser;

--
-- Name: inventory_supplier_id_seq; Type: SEQUENCE; Schema: public; Owner: scooteruser
--

ALTER TABLE public.inventory_supplier ALTER COLUMN id ADD GENERATED BY DEFAULT AS IDENTITY (
    SEQUENCE NAME public.inventory_supplier_id_seq
    START WITH 1
    INCREMENT BY 1
    NO MINVALUE
    NO MAXVALUE
    CACHE 1
);


--
-- Name: landing_brand; Type: TABLE; Schema: public; Owner: scooteruser
--

CREATE TABLE public.landing_brand (
    id bigint NOT NULL,
    name character varying(100) NOT NULL,
    slug character varying(50) NOT NULL,
    description text NOT NULL,
    logo character varying(255),
    is_active boolean NOT NULL
);


ALTER TABLE public.landing_brand OWNER TO scooteruser;

--
-- Name: landing_brand_id_seq; Type: SEQUENCE; Schema: public; Owner: scooteruser
--

ALTER TABLE public.landing_brand ALTER COLUMN id ADD GENERATED BY DEFAULT AS IDENTITY (
    SEQUENCE NAME public.landing_brand_id_seq
    START WITH 1
    INCREMENT BY 1
    NO MINVALUE
    NO MAXVALUE
    CACHE 1
);


--
-- Name: landing_cart; Type: TABLE; Schema: public; Owner: scooteruser
--

CREATE TABLE public.landing_cart (
    id bigint NOT NULL,
    session_id character varying(100),
    created_at timestamp with time zone NOT NULL,
    updated_at timestamp with time zone NOT NULL,
    user_id integer
);


ALTER TABLE public.landing_cart OWNER TO scooteruser;

--
-- Name: landing_cart_id_seq; Type: SEQUENCE; Schema: public; Owner: scooteruser
--

ALTER TABLE public.landing_cart ALTER COLUMN id ADD GENERATED BY DEFAULT AS IDENTITY (
    SEQUENCE NAME public.landing_cart_id_seq
    START WITH 1
    INCREMENT BY 1
    NO MINVALUE
    NO MAXVALUE
    CACHE 1
);


--
-- Name: landing_cartitem; Type: TABLE; Schema: public; Owner: scooteruser
--

CREATE TABLE public.landing_cartitem (
    id bigint NOT NULL,
    quantity integer NOT NULL,
    color character varying(50),
    added_at timestamp with time zone NOT NULL,
    cart_id bigint NOT NULL,
    product_id bigint NOT NULL,
    CONSTRAINT landing_cartitem_quantity_check CHECK ((quantity >= 0))
);


ALTER TABLE public.landing_cartitem OWNER TO scooteruser;

--
-- Name: landing_cartitem_id_seq; Type: SEQUENCE; Schema: public; Owner: scooteruser
--

ALTER TABLE public.landing_cartitem ALTER COLUMN id ADD GENERATED BY DEFAULT AS IDENTITY (
    SEQUENCE NAME public.landing_cartitem_id_seq
    START WITH 1
    INCREMENT BY 1
    NO MINVALUE
    NO MAXVALUE
    CACHE 1
);


--
-- Name: landing_category; Type: TABLE; Schema: public; Owner: scooteruser
--

CREATE TABLE public.landing_category (
    id bigint NOT NULL,
    name character varying(100) NOT NULL,
    slug character varying(50) NOT NULL,
    description text NOT NULL,
    is_active boolean NOT NULL,
    image character varying(255)
);


ALTER TABLE public.landing_category OWNER TO scooteruser;

--
-- Name: landing_category_id_seq; Type: SEQUENCE; Schema: public; Owner: scooteruser
--

ALTER TABLE public.landing_category ALTER COLUMN id ADD GENERATED BY DEFAULT AS IDENTITY (
    SEQUENCE NAME public.landing_category_id_seq
    START WITH 1
    INCREMENT BY 1
    NO MINVALUE
    NO MAXVALUE
    CACHE 1
);


--
-- Name: landing_herovideo; Type: TABLE; Schema: public; Owner: scooteruser
--

CREATE TABLE public.landing_herovideo (
    id bigint NOT NULL,
    title character varying(200) NOT NULL,
    video_url character varying(200) NOT NULL,
    poster_image character varying(200) NOT NULL,
    is_active boolean NOT NULL,
    duration_seconds integer,
    description text NOT NULL,
    date_created timestamp with time zone NOT NULL,
    date_updated timestamp with time zone NOT NULL,
    video_file character varying(255),
    CONSTRAINT landing_herovideo_duration_seconds_check CHECK ((duration_seconds >= 0))
);


ALTER TABLE public.landing_herovideo OWNER TO scooteruser;

--
-- Name: landing_herovideo_id_seq; Type: SEQUENCE; Schema: public; Owner: scooteruser
--

ALTER TABLE public.landing_herovideo ALTER COLUMN id ADD GENERATED BY DEFAULT AS IDENTITY (
    SEQUENCE NAME public.landing_herovideo_id_seq
    START WITH 1
    INCREMENT BY 1
    NO MINVALUE
    NO MAXVALUE
    CACHE 1
);


--
-- Name: landing_homepagevideo; Type: TABLE; Schema: public; Owner: scooteruser
--

CREATE TABLE public.landing_homepagevideo (
    id bigint NOT NULL,
    title character varying(200) NOT NULL,
    description text NOT NULL,
    is_active boolean NOT NULL,
    created_at timestamp with time zone NOT NULL,
    updated_at timestamp with time zone NOT NULL,
    video_file character varying(100) NOT NULL
);


ALTER TABLE public.landing_homepagevideo OWNER TO scooteruser;

--
-- Name: landing_homepagevideo_id_seq; Type: SEQUENCE; Schema: public; Owner: scooteruser
--

ALTER TABLE public.landing_homepagevideo ALTER COLUMN id ADD GENERATED BY DEFAULT AS IDENTITY (
    SEQUENCE NAME public.landing_homepagevideo_id_seq
    START WITH 1
    INCREMENT BY 1
    NO MINVALUE
    NO MAXVALUE
    CACHE 1
);


--
-- Name: landing_product; Type: TABLE; Schema: public; Owner: scooteruser
--

CREATE TABLE public.landing_product (
    id bigint NOT NULL,
    name character varying(200) NOT NULL,
    slug character varying(50) NOT NULL,
    description text NOT NULL,
    price numeric(10,2) NOT NULL,
    sale_price numeric(10,2),
    image character varying(255) NOT NULL,
    stock integer NOT NULL,
    is_featured boolean NOT NULL,
    is_active boolean NOT NULL,
    date_added timestamp with time zone NOT NULL,
    date_updated timestamp with time zone NOT NULL,
    brand_id bigint NOT NULL,
    category_id bigint NOT NULL,
    image_url character varying(255),
    thumbnail_1 character varying(255),
    thumbnail_2 character varying(255),
    thumbnail_3 character varying(255),
    thumbnail_4 character varying(255),
    CONSTRAINT landing_product_stock_check CHECK ((stock >= 0))
);


ALTER TABLE public.landing_product OWNER TO scooteruser;

--
-- Name: landing_product_id_seq; Type: SEQUENCE; Schema: public; Owner: scooteruser
--

ALTER TABLE public.landing_product ALTER COLUMN id ADD GENERATED BY DEFAULT AS IDENTITY (
    SEQUENCE NAME public.landing_product_id_seq
    START WITH 1
    INCREMENT BY 1
    NO MINVALUE
    NO MAXVALUE
    CACHE 1
);


--
-- Name: landing_rentalcategory; Type: TABLE; Schema: public; Owner: scooteruser
--

CREATE TABLE public.landing_rentalcategory (
    id bigint NOT NULL,
    name character varying(200) NOT NULL,
    slug character varying(50) NOT NULL,
    description text NOT NULL,
    image character varying(255),
    daily_rate numeric(10,2) NOT NULL,
    weekly_rate numeric(10,2) NOT NULL,
    monthly_rate numeric(10,2) NOT NULL,
    is_active boolean NOT NULL,
    date_added timestamp with time zone NOT NULL,
    date_updated timestamp with time zone NOT NULL
);


ALTER TABLE public.landing_rentalcategory OWNER TO scooteruser;

--
-- Name: landing_rentalcategory_id_seq; Type: SEQUENCE; Schema: public; Owner: scooteruser
--

ALTER TABLE public.landing_rentalcategory ALTER COLUMN id ADD GENERATED BY DEFAULT AS IDENTITY (
    SEQUENCE NAME public.landing_rentalcategory_id_seq
    START WITH 1
    INCREMENT BY 1
    NO MINVALUE
    NO MAXVALUE
    CACHE 1
);


--
-- Name: landing_restorationgallery; Type: TABLE; Schema: public; Owner: scooteruser
--

CREATE TABLE public.landing_restorationgallery (
    id bigint NOT NULL,
    title character varying(200) NOT NULL,
    description text NOT NULL,
    brand_category character varying(20) NOT NULL,
    year character varying(4) NOT NULL,
    model character varying(100) NOT NULL,
    image character varying(255) NOT NULL,
    restoration_type character varying(100) NOT NULL,
    is_featured boolean NOT NULL,
    is_active boolean NOT NULL,
    date_added timestamp with time zone NOT NULL,
    date_updated timestamp with time zone NOT NULL,
    before_image character varying(255) NOT NULL,
    after_image character varying(255) NOT NULL,
    make character varying(100) NOT NULL,
    date_completed date
);


ALTER TABLE public.landing_restorationgallery OWNER TO scooteruser;

--
-- Name: landing_restorationgallery_id_seq; Type: SEQUENCE; Schema: public; Owner: scooteruser
--

ALTER TABLE public.landing_restorationgallery ALTER COLUMN id ADD GENERATED BY DEFAULT AS IDENTITY (
    SEQUENCE NAME public.landing_restorationgallery_id_seq
    START WITH 1
    INCREMENT BY 1
    NO MINVALUE
    NO MAXVALUE
    CACHE 1
);


--
-- Name: landing_wishlist; Type: TABLE; Schema: public; Owner: scooteruser
--

CREATE TABLE public.landing_wishlist (
    id bigint NOT NULL,
    created_at timestamp with time zone NOT NULL,
    user_id integer NOT NULL
);


ALTER TABLE public.landing_wishlist OWNER TO scooteruser;

--
-- Name: landing_wishlist_id_seq; Type: SEQUENCE; Schema: public; Owner: scooteruser
--

ALTER TABLE public.landing_wishlist ALTER COLUMN id ADD GENERATED BY DEFAULT AS IDENTITY (
    SEQUENCE NAME public.landing_wishlist_id_seq
    START WITH 1
    INCREMENT BY 1
    NO MINVALUE
    NO MAXVALUE
    CACHE 1
);


--
-- Name: landing_wishlist_products; Type: TABLE; Schema: public; Owner: scooteruser
--

CREATE TABLE public.landing_wishlist_products (
    id bigint NOT NULL,
    wishlist_id bigint NOT NULL,
    product_id bigint NOT NULL
);


ALTER TABLE public.landing_wishlist_products OWNER TO scooteruser;

--
-- Name: landing_wishlist_products_id_seq; Type: SEQUENCE; Schema: public; Owner: scooteruser
--

ALTER TABLE public.landing_wishlist_products ALTER COLUMN id ADD GENERATED BY DEFAULT AS IDENTITY (
    SEQUENCE NAME public.landing_wishlist_products_id_seq
    START WITH 1
    INCREMENT BY 1
    NO MINVALUE
    NO MAXVALUE
    CACHE 1
);


--
-- Name: service_jobcard; Type: TABLE; Schema: public; Owner: scooteruser
--

CREATE TABLE public.service_jobcard (
    id bigint NOT NULL,
    job_card_number character varying(100) NOT NULL,
    status character varying(20) NOT NULL,
    priority character varying(20) NOT NULL,
    description text NOT NULL,
    mileage integer NOT NULL,
    date_created timestamp with time zone NOT NULL,
    date_updated timestamp with time zone NOT NULL,
    estimated_completion date,
    actual_completion date,
    labor_hours numeric(5,2) NOT NULL,
    labor_rate numeric(10,2) NOT NULL,
    total_cost numeric(10,2) NOT NULL,
    notes text NOT NULL,
    scooter_id bigint NOT NULL,
    technician_id integer NOT NULL,
    previous_scooter_status character varying(20),
    store_id bigint,
    service_type character varying(20) NOT NULL,
    discount_amount numeric(10,2) NOT NULL,
    discount_percent numeric(5,2) NOT NULL,
    subtotal numeric(10,2) NOT NULL,
    vat_amount numeric(10,2) NOT NULL,
    vat_percent numeric(5,2) NOT NULL,
    CONSTRAINT service_jobcard_mileage_check CHECK ((mileage >= 0))
);


ALTER TABLE public.service_jobcard OWNER TO scooteruser;

--
-- Name: service_jobcard_id_seq; Type: SEQUENCE; Schema: public; Owner: scooteruser
--

ALTER TABLE public.service_jobcard ALTER COLUMN id ADD GENERATED BY DEFAULT AS IDENTITY (
    SEQUENCE NAME public.service_jobcard_id_seq
    START WITH 1
    INCREMENT BY 1
    NO MINVALUE
    NO MAXVALUE
    CACHE 1
);


--
-- Name: service_jobcarditem; Type: TABLE; Schema: public; Owner: scooteruser
--

CREATE TABLE public.service_jobcarditem (
    id bigint NOT NULL,
    quantity numeric(10,2) NOT NULL,
    unit_price numeric(10,2) NOT NULL,
    total_price numeric(10,2) NOT NULL,
    date_added timestamp with time zone NOT NULL,
    job_card_id bigint NOT NULL,
    part_id bigint NOT NULL
);


ALTER TABLE public.service_jobcarditem OWNER TO scooteruser;

--
-- Name: service_jobcarditem_id_seq; Type: SEQUENCE; Schema: public; Owner: scooteruser
--

ALTER TABLE public.service_jobcarditem ALTER COLUMN id ADD GENERATED BY DEFAULT AS IDENTITY (
    SEQUENCE NAME public.service_jobcarditem_id_seq
    START WITH 1
    INCREMENT BY 1
    NO MINVALUE
    NO MAXVALUE
    CACHE 1
);


--
-- Name: service_servicechecklist; Type: TABLE; Schema: public; Owner: scooteruser
--

CREATE TABLE public.service_servicechecklist (
    id bigint NOT NULL,
    item_name character varying(200) NOT NULL,
    is_checked boolean NOT NULL,
    notes text NOT NULL,
    date_created timestamp with time zone NOT NULL,
    date_updated timestamp with time zone NOT NULL,
    job_card_id bigint NOT NULL
);


ALTER TABLE public.service_servicechecklist OWNER TO scooteruser;

--
-- Name: service_servicechecklist_id_seq; Type: SEQUENCE; Schema: public; Owner: scooteruser
--

ALTER TABLE public.service_servicechecklist ALTER COLUMN id ADD GENERATED BY DEFAULT AS IDENTITY (
    SEQUENCE NAME public.service_servicechecklist_id_seq
    START WITH 1
    INCREMENT BY 1
    NO MINVALUE
    NO MAXVALUE
    CACHE 1
);


--
-- Name: users_userprofile; Type: TABLE; Schema: public; Owner: scooteruser
--

CREATE TABLE public.users_userprofile (
    id bigint NOT NULL,
    phone character varying(20) NOT NULL,
    "position" character varying(100) NOT NULL,
    bio text NOT NULL,
    date_updated timestamp with time zone NOT NULL,
    store_id bigint,
    user_id integer NOT NULL
);


ALTER TABLE public.users_userprofile OWNER TO scooteruser;

--
-- Name: users_userprofile_id_seq; Type: SEQUENCE; Schema: public; Owner: scooteruser
--

ALTER TABLE public.users_userprofile ALTER COLUMN id ADD GENERATED BY DEFAULT AS IDENTITY (
    SEQUENCE NAME public.users_userprofile_id_seq
    START WITH 1
    INCREMENT BY 1
    NO MINVALUE
    NO MAXVALUE
    CACHE 1
);


--
-- Name: inventory_scootercategory id; Type: DEFAULT; Schema: public; Owner: scooteruser
--

ALTER TABLE ONLY public.inventory_scootercategory ALTER COLUMN id SET DEFAULT nextval('public.inventory_scootercategory_id_seq'::regclass);


--
-- Data for Name: analytics_dashboard; Type: TABLE DATA; Schema: public; Owner: scooteruser
--

COPY public.analytics_dashboard (id, name, description, is_default, is_public, date_created, date_updated, owner_id) FROM stdin;
\.


--
-- Data for Name: analytics_dashboardwidget; Type: TABLE DATA; Schema: public; Owner: scooteruser
--

COPY public.analytics_dashboardwidget (id, title, widget_type, data_source, config, position_x, position_y, width, height, date_created, date_updated, dashboard_id) FROM stdin;
\.


--
-- Data for Name: analytics_reportschedule; Type: TABLE DATA; Schema: public; Owner: scooteruser
--

COPY public.analytics_reportschedule (id, name, report_type, description, frequency, include_charts, include_raw_data, date_range_days, next_run_date, last_run_date, is_active, date_created, date_updated, created_by_id) FROM stdin;
\.


--
-- Data for Name: analytics_reportschedule_recipients; Type: TABLE DATA; Schema: public; Owner: scooteruser
--

COPY public.analytics_reportschedule_recipients (id, reportschedule_id, user_id) FROM stdin;
\.


--
-- Data for Name: analytics_savedreport; Type: TABLE DATA; Schema: public; Owner: scooteruser
--

COPY public.analytics_savedreport (id, title, report_data, date_generated, is_public, generated_by_id, report_schedule_id) FROM stdin;
\.


--
-- Data for Name: analytics_savedreport_allowed_users; Type: TABLE DATA; Schema: public; Owner: scooteruser
--

COPY public.analytics_savedreport_allowed_users (id, savedreport_id, user_id) FROM stdin;
\.


--
-- Data for Name: auth_group; Type: TABLE DATA; Schema: public; Owner: scooteruser
--

COPY public.auth_group (id, name) FROM stdin;
1	Managers
2	Directors
3	Staff
\.


--
-- Data for Name: auth_group_permissions; Type: TABLE DATA; Schema: public; Owner: scooteruser
--

COPY public.auth_group_permissions (id, group_id, permission_id) FROM stdin;
1	1	1
2	1	2
3	1	4
4	1	5
5	1	6
6	1	8
7	1	9
8	1	10
9	1	12
10	1	13
11	1	14
12	1	16
13	1	17
14	1	18
15	1	20
16	1	21
17	1	22
18	1	24
19	1	25
20	1	26
21	1	28
22	1	29
23	1	30
24	1	32
25	1	33
26	1	34
27	1	36
28	1	37
29	1	38
30	1	40
31	1	41
32	1	42
33	1	44
34	1	45
35	1	46
36	1	48
37	1	49
38	1	50
39	1	52
40	1	53
41	1	54
42	1	56
43	1	57
44	1	58
45	1	60
46	1	61
47	1	62
48	1	64
49	1	65
50	1	66
51	1	68
52	1	69
53	1	70
54	1	72
55	2	1
56	2	2
57	2	3
58	2	4
59	2	5
60	2	6
61	2	7
62	2	8
63	2	9
64	2	10
65	2	11
66	2	12
67	2	13
68	2	14
69	2	15
70	2	16
71	2	17
72	2	18
73	2	19
74	2	20
75	2	21
76	2	22
77	2	23
78	2	24
79	2	25
80	2	26
81	2	27
82	2	28
83	2	29
84	2	30
85	2	31
86	2	32
87	2	33
88	2	34
89	2	35
90	2	36
91	2	37
92	2	38
93	2	39
94	2	40
95	2	41
96	2	42
97	2	43
98	2	44
99	2	45
100	2	46
101	2	47
102	2	48
103	2	49
104	2	50
105	2	51
106	2	52
107	2	53
108	2	54
109	2	55
110	2	56
111	2	57
112	2	58
113	2	59
114	2	60
115	2	61
116	2	62
117	2	63
118	2	64
119	2	65
120	2	66
121	2	67
122	2	68
123	2	69
124	2	70
125	2	71
126	2	72
127	3	1
128	3	4
129	3	5
130	3	8
131	3	9
132	3	12
133	3	13
134	3	16
135	3	17
136	3	20
137	3	21
138	3	24
139	3	25
140	3	28
141	3	29
142	3	32
143	3	33
144	3	36
145	3	37
146	3	40
147	3	41
148	3	44
149	3	45
150	3	48
151	3	49
152	3	52
153	3	53
154	3	56
155	3	57
156	3	60
157	3	61
158	3	64
159	3	65
160	3	68
161	3	69
162	3	72
\.


--
-- Data for Name: auth_permission; Type: TABLE DATA; Schema: public; Owner: scooteruser
--

COPY public.auth_permission (id, name, content_type_id, codename) FROM stdin;
1	Can add log entry	1	add_logentry
2	Can change log entry	1	change_logentry
3	Can delete log entry	1	delete_logentry
4	Can view log entry	1	view_logentry
5	Can add permission	2	add_permission
6	Can change permission	2	change_permission
7	Can delete permission	2	delete_permission
8	Can view permission	2	view_permission
9	Can add group	3	add_group
10	Can change group	3	change_group
11	Can delete group	3	delete_group
12	Can view group	3	view_group
13	Can add user	4	add_user
14	Can change user	4	change_user
15	Can delete user	4	delete_user
16	Can view user	4	view_user
17	Can add content type	5	add_contenttype
18	Can change content type	5	change_contenttype
19	Can delete content type	5	delete_contenttype
20	Can view content type	5	view_contenttype
21	Can add session	6	add_session
22	Can change session	6	change_session
23	Can delete session	6	delete_session
24	Can view session	6	view_session
25	Can add Part	7	add_parts
26	Can change Part	7	change_parts
27	Can delete Part	7	delete_parts
28	Can view Part	7	view_parts
29	Can add scooter	8	add_scooter
30	Can change scooter	8	change_scooter
31	Can delete scooter	8	delete_scooter
32	Can view scooter	8	view_scooter
33	Can add store	9	add_store
34	Can change store	9	change_store
35	Can delete store	9	delete_store
36	Can view store	9	view_store
37	Can add scooter maintenance history	10	add_scootermaintenancehistory
38	Can change scooter maintenance history	10	change_scootermaintenancehistory
39	Can delete scooter maintenance history	10	delete_scootermaintenancehistory
40	Can view scooter maintenance history	10	view_scootermaintenancehistory
41	Can add stock transfer	11	add_stocktransfer
42	Can change stock transfer	11	change_stocktransfer
43	Can delete stock transfer	11	delete_stocktransfer
44	Can view stock transfer	11	view_stocktransfer
45	Can add job card	12	add_jobcard
46	Can change job card	12	change_jobcard
47	Can delete job card	12	delete_jobcard
48	Can view job card	12	view_jobcard
49	Can add job card item	13	add_jobcarditem
50	Can change job card item	13	change_jobcarditem
51	Can delete job card item	13	delete_jobcarditem
52	Can view job card item	13	view_jobcarditem
53	Can add service checklist	14	add_servicechecklist
54	Can change service checklist	14	change_servicechecklist
55	Can delete service checklist	14	delete_servicechecklist
56	Can view service checklist	14	view_servicechecklist
57	Can add customer	15	add_customer
58	Can change customer	15	change_customer
59	Can delete customer	15	delete_customer
60	Can view customer	15	view_customer
61	Can add payment method	16	add_paymentmethod
62	Can change payment method	16	change_paymentmethod
63	Can delete payment method	16	delete_paymentmethod
64	Can view payment method	16	view_paymentmethod
65	Can add rental	17	add_rental
66	Can change rental	17	change_rental
67	Can delete rental	17	delete_rental
68	Can view rental	17	view_rental
69	Can add payment	18	add_payment
70	Can change payment	18	change_payment
71	Can delete payment	18	delete_payment
72	Can view payment	18	view_payment
73	Can add purchase	19	add_purchase
74	Can change purchase	19	change_purchase
75	Can delete purchase	19	delete_purchase
76	Can view purchase	19	view_purchase
77	Can add purchase item	20	add_purchaseitem
78	Can change purchase item	20	change_purchaseitem
79	Can delete purchase item	20	delete_purchaseitem
80	Can view purchase item	20	view_purchaseitem
81	Can add supplier	21	add_supplier
82	Can change supplier	21	change_supplier
83	Can delete supplier	21	delete_supplier
84	Can view supplier	21	view_supplier
85	Can add inventory alert	22	add_inventoryalert
86	Can change inventory alert	22	change_inventoryalert
87	Can delete inventory alert	22	delete_inventoryalert
88	Can view inventory alert	22	view_inventoryalert
89	Can add dashboard widget	23	add_dashboardwidget
90	Can change dashboard widget	23	change_dashboardwidget
91	Can delete dashboard widget	23	delete_dashboardwidget
92	Can view dashboard widget	23	view_dashboardwidget
93	Can add saved report	24	add_savedreport
94	Can change saved report	24	change_savedreport
95	Can delete saved report	24	delete_savedreport
96	Can view saved report	24	view_savedreport
97	Can add dashboard	25	add_dashboard
98	Can change dashboard	25	change_dashboard
99	Can delete dashboard	25	delete_dashboard
100	Can view dashboard	25	view_dashboard
101	Can add report schedule	26	add_reportschedule
102	Can change report schedule	26	change_reportschedule
103	Can delete report schedule	26	delete_reportschedule
104	Can view report schedule	26	view_reportschedule
105	Can add rental category	27	add_rentalcategory
106	Can change rental category	27	change_rentalcategory
107	Can delete rental category	27	delete_rentalcategory
108	Can view rental category	27	view_rentalcategory
109	Can add scooter category	28	add_scootercategory
110	Can change scooter category	28	change_scootercategory
111	Can delete scooter category	28	delete_scootercategory
112	Can view scooter category	28	view_scootercategory
113	Can add category	29	add_category
114	Can change category	29	change_category
115	Can delete category	29	delete_category
116	Can view category	29	view_category
117	Can add brand	30	add_brand
118	Can change brand	30	change_brand
119	Can delete brand	30	delete_brand
120	Can view brand	30	view_brand
121	Can add product	31	add_product
122	Can change product	31	change_product
123	Can delete product	31	delete_product
124	Can view product	31	view_product
125	Can add user profile	32	add_userprofile
126	Can change user profile	32	change_userprofile
127	Can delete user profile	32	delete_userprofile
128	Can view user profile	32	view_userprofile
129	Can add cart item	33	add_cartitem
130	Can change cart item	33	change_cartitem
131	Can delete cart item	33	delete_cartitem
132	Can view cart item	33	view_cartitem
133	Can add cart	34	add_cart
134	Can change cart	34	change_cart
135	Can delete cart	34	delete_cart
136	Can view cart	34	view_cart
137	Can add wishlist	35	add_wishlist
138	Can change wishlist	35	change_wishlist
139	Can delete wishlist	35	delete_wishlist
140	Can view wishlist	35	view_wishlist
141	Can add cart item	36	add_cartitem
142	Can change cart item	36	change_cartitem
143	Can delete cart item	36	delete_cartitem
144	Can view cart item	36	view_cartitem
145	Can add rental category	37	add_rentalcategory
146	Can change rental category	37	change_rentalcategory
147	Can delete rental category	37	delete_rentalcategory
148	Can view rental category	37	view_rentalcategory
149	Can add Restoration Gallery Item	38	add_restorationgallery
150	Can change Restoration Gallery Item	38	change_restorationgallery
151	Can delete Restoration Gallery Item	38	delete_restorationgallery
152	Can view Restoration Gallery Item	38	view_restorationgallery
153	Can add stock transfer item	39	add_stocktransferitem
154	Can change stock transfer item	39	change_stocktransferitem
155	Can delete stock transfer item	39	delete_stocktransferitem
156	Can view stock transfer item	39	view_stocktransferitem
157	Can add Hero Video	40	add_herovideo
158	Can change Hero Video	40	change_herovideo
159	Can delete Hero Video	40	delete_herovideo
160	Can view Hero Video	40	view_herovideo
161	Can add Homepage Video	41	add_homepagevideo
162	Can change Homepage Video	41	change_homepagevideo
163	Can delete Homepage Video	41	delete_homepagevideo
164	Can view Homepage Video	41	view_homepagevideo
\.


--
-- Data for Name: auth_user; Type: TABLE DATA; Schema: public; Owner: scooteruser
--

COPY public.auth_user (id, password, last_login, is_superuser, username, first_name, last_name, email, is_staff, is_active, date_joined) FROM stdin;
3	pbkdf2_sha256$1000000$p6jnNl8KBhOT9I4kdrBz1b$05NN1HRW5cGLCeC1ALuU7RSDOTWW9ippsz/uBOlJJ/c=	\N	f	Trymore	Trymore			t	t	2025-05-12 13:07:03+00
4	pbkdf2_sha256$1000000$LGZRioMRPowzKZQKFOS5qY$ChwqW0nmegwoAGv/rB9ImGYaiC/G67j7jQECNYxnERk=	\N	f	Pete	Pete	Milne	pete@scoottdr.co.za	f	t	2025-05-12 17:39:07+00
5	pbkdf2_sha256$1000000$1iJQ3t8RB49M8u48YjudBL$sFYDcic6I84CrAg1JPTPBmjhIhfQ8DNBNCAQCz9xlkQ=	2025-05-24 20:34:17.647844+00	f	kato12	Kato	Amos	mmhussein13@yahoo.ca	f	t	2025-05-15 13:37:27.995041+00
2	pbkdf2_sha256$1000000$PbAO8ViibaigsbGjDLrsEn$D41LoG1vfWqEYeixnJE1cMYY74nrYoRPJnT74Piesbs=	2025-05-24 20:34:26+00	f	Elleck	Elleck			t	t	2025-05-08 05:01:36+00
6	pbkdf2_sha256$1000000$gW0XaR5oueAWIaUbkUJmuu$kM9m2ZVjqvwD9PcDONNFqkBHovzdnimO8aXLpNkFuQA=	\N	f	Adrich				f	t	2025-06-27 07:30:01.331008+00
1	pbkdf2_sha256$1000000$d8ktIdodJScXs02GNexfXz$0A0iB3GcOehbMrk+K2BoXKCFEqR8tgJ6AmCxeg3JYeo=	2025-07-20 06:02:22.535073+00	t	hussein			mmhussein13@outlook.com	t	t	2025-05-05 18:53:55+00
\.


--
-- Data for Name: auth_user_groups; Type: TABLE DATA; Schema: public; Owner: scooteruser
--

COPY public.auth_user_groups (id, user_id, group_id) FROM stdin;
1	2	3
2	1	2
3	3	3
4	4	2
\.


--
-- Data for Name: auth_user_user_permissions; Type: TABLE DATA; Schema: public; Owner: scooteruser
--

COPY public.auth_user_user_permissions (id, user_id, permission_id) FROM stdin;
1	2	17
2	2	20
3	2	21
4	2	24
5	2	25
6	2	28
7	2	29
8	2	32
9	2	33
10	2	36
11	2	37
12	2	40
13	2	41
14	2	44
15	2	45
16	2	48
17	2	49
18	2	52
19	2	53
20	2	56
21	2	57
22	2	60
23	2	61
24	2	64
25	2	65
26	2	68
27	2	69
28	2	72
29	1	1
30	1	2
31	1	3
32	1	4
33	1	5
34	1	6
35	1	7
36	1	8
37	1	9
38	1	10
39	1	11
40	1	12
41	1	13
42	1	14
43	1	15
44	1	16
45	1	17
46	1	18
47	1	19
48	1	20
49	1	21
50	1	22
51	1	23
52	1	24
53	1	25
54	1	26
55	1	27
56	1	28
57	1	29
58	1	30
59	1	31
60	1	32
61	1	33
62	1	34
63	1	35
64	1	36
65	1	37
66	1	38
67	1	39
68	1	40
69	1	41
70	1	42
71	1	43
72	1	44
73	1	45
74	1	46
75	1	47
76	1	48
77	1	49
78	1	50
79	1	51
80	1	52
81	1	53
82	1	54
83	1	55
84	1	56
85	1	57
86	1	58
87	1	59
88	1	60
89	1	61
90	1	62
91	1	63
92	1	64
93	1	65
94	1	66
95	1	67
96	1	68
97	1	69
98	1	70
99	1	71
100	1	72
101	3	1
102	3	4
103	3	5
104	3	8
105	3	9
106	3	12
107	3	13
108	3	16
109	3	17
110	3	20
111	3	21
112	3	24
113	3	25
114	3	28
115	3	29
116	3	32
117	3	33
118	3	36
119	3	37
120	3	40
121	3	41
122	3	44
123	3	45
124	3	48
125	3	49
126	3	52
127	3	53
128	3	56
129	3	57
130	3	60
131	3	61
132	3	64
133	3	65
134	3	68
135	3	69
136	3	72
137	3	73
138	3	76
139	3	77
140	3	80
141	3	81
142	3	84
143	3	85
144	3	88
145	3	89
146	3	92
147	3	93
148	3	96
149	3	97
150	3	100
151	3	101
152	3	104
153	4	1
154	4	2
155	4	3
156	4	4
157	4	5
158	4	6
159	4	7
160	4	8
161	4	9
162	4	10
163	4	11
164	4	12
165	4	13
166	4	14
167	4	15
168	4	16
169	4	17
170	4	18
171	4	19
172	4	20
173	4	21
174	4	22
175	4	23
176	4	24
177	4	25
178	4	26
179	4	27
180	4	28
181	4	29
182	4	30
183	4	31
184	4	32
185	4	33
186	4	34
187	4	35
188	4	36
189	4	37
190	4	38
191	4	39
192	4	40
193	4	41
194	4	42
195	4	43
196	4	44
197	4	45
198	4	46
199	4	47
200	4	48
201	4	49
202	4	50
203	4	51
204	4	52
205	4	53
206	4	54
207	4	55
208	4	56
209	4	57
210	4	58
211	4	59
212	4	60
213	4	61
214	4	62
215	4	63
216	4	64
217	4	65
218	4	66
219	4	67
220	4	68
221	4	69
222	4	70
223	4	71
224	4	72
225	4	73
226	4	74
227	4	75
228	4	76
229	4	77
230	4	78
231	4	79
232	4	80
233	4	81
234	4	82
235	4	83
236	4	84
237	4	85
238	4	86
239	4	87
240	4	88
241	4	89
242	4	90
243	4	91
244	4	92
245	4	93
246	4	94
247	4	95
248	4	96
249	4	97
250	4	98
251	4	99
252	4	100
253	4	101
254	4	102
255	4	103
256	4	104
257	4	105
258	4	106
259	4	107
260	4	108
261	4	109
262	4	110
263	4	111
264	4	112
265	1	73
266	1	74
267	1	75
268	1	76
269	1	77
270	1	78
271	1	79
272	1	80
273	1	81
274	1	82
275	1	83
276	1	84
277	1	85
278	1	86
279	1	87
280	1	88
281	1	89
282	1	90
283	1	91
284	1	92
285	1	93
286	1	94
287	1	95
288	1	96
289	1	97
290	1	98
291	1	99
292	1	100
293	1	101
294	1	102
295	1	103
296	1	104
297	1	105
298	1	106
299	1	107
300	1	108
301	1	109
302	1	110
303	1	111
304	1	112
\.


--
-- Data for Name: customers_customer; Type: TABLE DATA; Schema: public; Owner: scooteruser
--

COPY public.customers_customer (id, first_name, last_name, email, phone, address, city, state, postal_code, country, driver_license, date_of_birth, notes, is_active, date_created, date_updated) FROM stdin;
1	Kyobe	Ismael	info@torqlubricants.co.za	0837288948	Kew	Pretoria	Gauteng	0083	South Africa	12233445	1993-10-10		t	2025-05-05 19:15:13.216694+00	2025-05-05 19:15:13.216724+00
\.


--
-- Data for Name: customers_payment; Type: TABLE DATA; Schema: public; Owner: scooteruser
--

COPY public.customers_payment (id, amount, payment_date, status, transaction_id, notes, date_created, date_updated, payment_method_id, rental_id) FROM stdin;
1	100.00	2025-05-05 19:27:25.996622+00	completed			2025-05-05 19:27:25.996937+00	2025-05-05 19:27:25.996953+00	1	1
2	100.00	2025-05-05 23:15:57.158896+00	completed			2025-05-05 23:15:57.159229+00	2025-05-05 23:15:57.159239+00	1	2
\.


--
-- Data for Name: customers_paymentmethod; Type: TABLE DATA; Schema: public; Owner: scooteruser
--

COPY public.customers_paymentmethod (id, payment_type, card_number, card_holder_name, expiry_date, is_default, is_active, date_created, date_updated, customer_id) FROM stdin;
1	cash				f	t	2025-05-05 19:15:28.092067+00	2025-05-05 19:15:28.092088+00	1
\.


--
-- Data for Name: customers_rental; Type: TABLE DATA; Schema: public; Owner: scooteruser
--

COPY public.customers_rental (id, rental_number, start_date, expected_end_date, end_date, rate_type, rate_amount, status, deposit_amount, deposit_returned, total_amount, mileage_start, mileage_end, notes, date_created, date_updated, created_by_id, customer_id, scooter_id, category_id) FROM stdin;
1	R000001	2025-05-05 19:25:00+00	2025-05-06 19:25:00+00	2025-05-05 19:26:58.099432+00	daily	100.00	completed	600.00	f	100.00	5	500		2025-05-05 19:25:51.432445+00	2025-05-05 19:26:58.220696+00	1	1	1	\N
2	R000002	2025-05-05 19:39:00+00	2025-05-06 19:39:00+00	2025-05-05 23:15:40.692848+00	daily	100.00	completed	600.00	f	100.00	500	600		2025-05-05 19:40:05.955121+00	2025-05-05 23:15:40.718897+00	1	1	1	\N
3	R000003	2025-05-15 10:00:00+00	2025-06-06 10:00:00+00	2025-05-20 19:11:49.544639+00	daily	225.00	completed	1000.00	f	2100.00	26119	26300		2025-05-15 05:30:42.16412+00	2025-05-20 19:11:49.679899+00	1	1	4	\N
\.


--
-- Data for Name: customers_rentalcategory; Type: TABLE DATA; Schema: public; Owner: scooteruser
--

COPY public.customers_rentalcategory (id, category, description, one_day_price, two_to_ten_days_price, eleven_to_twentynine_days_price, thirty_plus_days_price, date_created, date_updated) FROM stdin;
\.


--
-- Data for Name: django_admin_log; Type: TABLE DATA; Schema: public; Owner: scooteruser
--

COPY public.django_admin_log (id, action_time, object_id, object_repr, action_flag, change_message, content_type_id, user_id) FROM stdin;
1	2025-05-08 05:01:37.623463+00	2	Elleck	1	[{"added": {}}]	4	1
2	2025-05-08 05:06:15.869078+00	2	Elleck	2	[{"changed": {"fields": ["First name", "Last name", "Staff status", "User permissions"]}}]	4	1
3	2025-05-08 05:12:43.562157+00	1	Managers	1	[{"added": {}}]	3	1
4	2025-05-08 05:13:11.603486+00	2	Directors	1	[{"added": {}}]	3	1
5	2025-05-08 05:14:38.012297+00	3	Staff	1	[{"added": {}}]	3	1
6	2025-05-08 05:15:27.234526+00	2	Elleck	2	[{"changed": {"fields": ["Groups"]}}]	4	1
7	2025-05-08 05:16:00.692486+00	1	hussein	2	[{"changed": {"fields": ["Groups", "User permissions"]}}]	4	1
8	2025-05-12 13:07:04.969804+00	3	Trmore	1	[{"added": {}}]	4	1
9	2025-05-12 13:09:43.708674+00	3	Trmore	2	[{"changed": {"fields": ["First name", "Staff status", "Groups", "User permissions"]}}]	4	1
10	2025-05-12 13:10:16.907741+00	3	Trymore	2	[{"changed": {"fields": ["Username"]}}]	4	1
11	2025-05-12 17:39:10.24994+00	4	Pete	1	[{"added": {}}]	4	1
12	2025-05-12 17:40:30.379845+00	4	Pete	2	[{"changed": {"fields": ["First name", "Last name", "Email address", "Groups", "User permissions"]}}]	4	1
13	2025-05-16 19:30:06.728281+00	4	Pete	2	[{"changed": {"fields": ["User permissions"]}}]	4	1
14	2025-05-16 19:30:28.053812+00	1	hussein	2	[{"changed": {"fields": ["User permissions"]}}]	4	1
15	2025-05-21 15:38:50.310428+00	1	Scooters	1	[{"added": {}}]	29	1
16	2025-05-21 15:39:00.108612+00	2	Accessories & Add-ons	1	[{"added": {}}]	29	1
17	2025-05-21 15:40:07.515732+00	1	Sym	1	[{"added": {}}]	30	1
18	2025-05-21 15:41:17.808083+00	1	Sym Jet 14	1	[{"added": {}}]	31	1
19	2025-05-21 15:43:41.685803+00	2	Citycom 300i	1	[{"added": {}}]	31	1
20	2025-05-24 06:27:06.842743+00	2	Vespa	1	[{"added": {}}]	30	1
21	2025-05-24 06:27:48.646417+00	3	Vespa GTS 300	1	[{"added": {}}]	31	1
22	2025-05-24 06:40:29.700566+00	2	Citycom 300i	2	[{"changed": {"fields": ["Image"]}}]	31	1
23	2025-05-24 06:40:47.334432+00	1	Sym Jet 14	2	[{"changed": {"fields": ["Image"]}}]	31	1
24	2025-05-24 06:42:58.847642+00	4	Orbit II	1	[{"added": {}}]	31	1
25	2025-05-24 06:44:28.847184+00	5	Joyride 300	1	[{"added": {}}]	31	1
26	2025-05-24 06:46:10.033123+00	6	Fiddle II 150	1	[{"added": {}}]	31	1
27	2025-05-24 06:47:32.875126+00	7	Crox 125	1	[{"added": {}}]	31	1
28	2025-05-24 06:49:54.46292+00	8	X-Pro 125	1	[{"added": {}}]	31	1
29	2025-05-24 06:55:25.014537+00	3	Lambretta	1	[{"added": {}}]	30	1
30	2025-05-24 06:56:12.038995+00	9	G350 Lambretta	1	[{"added": {}}]	31	1
31	2025-05-24 08:31:21.533039+00	9	G350 Lambretta	2	[{"changed": {"fields": ["Image"]}}]	31	1
32	2025-05-24 08:32:14.3541+00	8	X-Pro 125	2	[{"changed": {"fields": ["Image"]}}]	31	1
33	2025-05-24 08:32:43.102729+00	7	Crox 125	2	[{"changed": {"fields": ["Image"]}}]	31	1
34	2025-05-24 08:33:09.384881+00	7	Crox 125	2	[{"changed": {"fields": ["Image"]}}]	31	1
35	2025-05-24 08:34:03.216079+00	6	Fiddle II 150	2	[{"changed": {"fields": ["Image"]}}]	31	1
36	2025-05-24 08:34:42.918011+00	5	Joyride 300	2	[{"changed": {"fields": ["Image"]}}]	31	1
37	2025-05-24 08:35:39.768199+00	4	Orbit II	2	[{"changed": {"fields": ["Image"]}}]	31	1
38	2025-05-24 08:36:33.865981+00	3	Vespa GTS 300	2	[{"changed": {"fields": ["Image"]}}]	31	1
39	2025-05-24 08:37:04.621833+00	2	Citycom 300i	2	[{"changed": {"fields": ["Image"]}}]	31	1
40	2025-05-24 08:37:22.311208+00	1	Sym Jet 14	2	[{"changed": {"fields": ["Image"]}}]	31	1
41	2025-05-25 08:24:35.106135+00	1	1975 Vespa Primavera	1	[{"added": {}}]	38	1
42	2025-05-25 08:58:10.145+00	9	G350 Lambretta	2	[{"changed": {"fields": ["Image url"]}}]	31	1
43	2025-05-25 08:58:36.224277+00	8	X-Pro 125	2	[{"changed": {"fields": ["Image url"]}}]	31	1
44	2025-05-25 08:59:07.915362+00	7	Crox 125	2	[{"changed": {"fields": ["Image url"]}}]	31	1
45	2025-05-25 08:59:29.456242+00	6	Fiddle II 150	2	[{"changed": {"fields": ["Image url"]}}]	31	1
46	2025-05-25 08:59:55.48432+00	5	Joyride 300	2	[{"changed": {"fields": ["Image url"]}}]	31	1
47	2025-05-25 09:00:21.687985+00	4	Orbit II	2	[{"changed": {"fields": ["Image url"]}}]	31	1
48	2025-05-25 09:00:37.387393+00	5	Joyride 300	2	[{"changed": {"fields": ["Is featured"]}}]	31	1
49	2025-05-25 09:01:24.611415+00	3	Vespa GTS 300	2	[{"changed": {"fields": ["Image url", "Is featured"]}}]	31	1
50	2025-05-25 09:01:58.915389+00	2	Citycom 300i	2	[{"changed": {"fields": ["Image url", "Is featured"]}}]	31	1
51	2025-05-25 09:02:12.008252+00	2	Citycom 300i	2	[{"changed": {"fields": ["Is featured"]}}]	31	1
52	2025-05-25 09:02:41.415692+00	1	Sym Jet 14	2	[{"changed": {"fields": ["Image url", "Is featured"]}}]	31	1
53	2025-06-27 07:24:45.980131+00	2	Elleck	2	[{"changed": {"fields": ["Last name"]}}]	4	1
54	2025-06-27 07:30:02.187921+00	6	Adrich	1	[{"added": {}}]	4	1
55	2025-07-14 18:13:08.554676+00	1	Welcome to ScootDr	1	[{"added": {}}]	41	1
56	2025-07-14 18:40:38.847404+00	1	Welcome to ScootDr	2	[{"changed": {"fields": ["Video file"]}}]	41	1
\.


--
-- Data for Name: django_content_type; Type: TABLE DATA; Schema: public; Owner: scooteruser
--

COPY public.django_content_type (id, app_label, model) FROM stdin;
1	admin	logentry
2	auth	permission
3	auth	group
4	auth	user
5	contenttypes	contenttype
6	sessions	session
7	inventory	parts
8	inventory	scooter
9	inventory	store
10	inventory	scootermaintenancehistory
11	inventory	stocktransfer
12	service	jobcard
13	service	jobcarditem
14	service	servicechecklist
15	customers	customer
16	customers	paymentmethod
17	customers	rental
18	customers	payment
19	inventory	purchase
20	inventory	purchaseitem
21	inventory	supplier
22	inventory	inventoryalert
23	analytics	dashboardwidget
24	analytics	savedreport
25	analytics	dashboard
26	analytics	reportschedule
27	customers	rentalcategory
28	inventory	scootercategory
29	landing	category
30	landing	brand
31	landing	product
32	users	userprofile
33	landing	cartitem
34	landing	cart
35	landing	wishlist
36	cart	cartitem
37	landing	rentalcategory
38	landing	restorationgallery
39	inventory	stocktransferitem
40	landing	herovideo
41	landing	homepagevideo
\.


--
-- Data for Name: django_migrations; Type: TABLE DATA; Schema: public; Owner: scooteruser
--

COPY public.django_migrations (id, app, name, applied) FROM stdin;
1	contenttypes	0001_initial	2025-05-05 18:53:08.941662+00
2	auth	0001_initial	2025-05-05 18:53:09.432448+00
3	admin	0001_initial	2025-05-05 18:53:09.709134+00
4	admin	0002_logentry_remove_auto_add	2025-05-05 18:53:09.722643+00
5	admin	0003_logentry_add_action_flag_choices	2025-05-05 18:53:09.792486+00
6	contenttypes	0002_remove_content_type_name	2025-05-05 18:53:09.894624+00
7	auth	0002_alter_permission_name_max_length	2025-05-05 18:53:09.946633+00
8	auth	0003_alter_user_email_max_length	2025-05-05 18:53:10.017125+00
9	auth	0004_alter_user_username_opts	2025-05-05 18:53:10.069935+00
10	auth	0005_alter_user_last_login_null	2025-05-05 18:53:10.141547+00
11	auth	0006_require_contenttypes_0002	2025-05-05 18:53:10.193113+00
12	auth	0007_alter_validators_add_error_messages	2025-05-05 18:53:10.242543+00
13	auth	0008_alter_user_username_max_length	2025-05-05 18:53:10.296143+00
14	auth	0009_alter_user_last_name_max_length	2025-05-05 18:53:10.315258+00
15	auth	0010_alter_group_name_max_length	2025-05-05 18:53:10.335413+00
16	auth	0011_update_proxy_permissions	2025-05-05 18:53:10.347957+00
17	auth	0012_alter_user_first_name_max_length	2025-05-05 18:53:10.371646+00
18	inventory	0001_initial	2025-05-05 18:53:10.523934+00
19	customers	0001_initial	2025-05-05 18:53:10.759335+00
20	service	0001_initial	2025-05-05 18:53:10.871996+00
21	sessions	0001_initial	2025-05-05 18:53:10.886225+00
22	inventory	0002_alter_parts_part_number_alter_parts_unique_together	2025-05-05 19:58:16.868642+00
23	inventory	0003_alter_parts_current_stock_alter_parts_reorder_level_and_more	2025-05-05 22:43:32.407404+00
24	service	0002_alter_jobcarditem_quantity	2025-05-05 23:12:36.253935+00
25	inventory	0004_scooter_license_number	2025-05-06 11:35:50.933979+00
26	inventory	0005_supplier_purchase_purchaseitem_scooter_supplier	2025-05-08 16:32:08.796551+00
27	inventory	0006_purchaseitem_store	2025-05-08 17:38:15.683068+00
28	analytics	0001_initial	2025-05-08 19:50:07.495634+00
29	inventory	0007_inventoryalert	2025-05-08 19:50:07.574735+00
30	service	0003_jobcard_previous_scooter_status	2025-05-10 04:54:56.581929+00
31	customers	0002_rentalcategory_alter_rental_rate_type_and_more	2025-05-14 17:13:42.48698+00
32	inventory	0008_scooter_category	2025-05-15 05:26:19.651434+00
33	users	0001_initial	2025-05-21 09:13:10.650956+00
34	landing	0001_initial	2025-05-21 13:25:42.544324+00
35	service	0004_jobcard_store	2025-05-22 21:08:43.228169+00
36	inventory	0009_purchase_store	2025-05-23 13:49:16.573189+00
37	landing	0002_cart_cartitem_wishlist	2025-05-23 19:03:40.590061+00
38	landing	0002_alter_brand_logo_alter_product_image	2025-05-24 15:15:44.751255+00
39	landing	0002_rentalcategory_alter_brand_logo_alter_product_image	2025-05-24 15:34:20.079561+00
40	landing	0003_restorationgallery	2025-05-25 08:18:32.57368+00
41	inventory	0010_remove_stocktransfer_part_and_more	2025-06-26 16:17:52.347616+00
42	service	0005_jobcard_service_type	2025-06-27 06:27:09.852394+00
43	landing	0003_product_thumbnail_1_product_thumbnail_2_and_more	2025-06-27 07:55:22.445761+00
45	inventory	0011_purchase_discount_amount_purchase_discount_percent_and_more	2025-07-02 15:42:47.749648+00
46	service	0006_jobcard_discount_amount_jobcard_discount_percent_and_more	2025-07-02 15:42:48.156369+00
47	landing	0004_category_image	2025-07-14 16:45:21.999319+00
48	landing	0002_auto_20250714_1713	2025-07-14 17:35:21.243529+00
49	landing	0003_homepagevideo	2025-07-14 17:57:23.659623+00
50	landing	0004_alter_homepagevideo_options_and_more	2025-07-14 18:37:09.66635+00
\.


--
-- Data for Name: django_session; Type: TABLE DATA; Schema: public; Owner: scooteruser
--

COPY public.django_session (session_key, session_data, expire_date) FROM stdin;
geqyoahqboa3zlxpc8enotpfdg8pcotn	.eJxVjE0OwiAYBe_C2pBCAcGl-56BfH-RqoGktCvj3bVJF7p9M_NeKsO2lrx1WfLM6qKMOv1uCPSQugO-Q701Ta2uy4x6V_RBu54ay_N6uH8HBXr51kRorDUSB-8wIafBgVg05-AwjswIYkAoig-RyWBgT-DHBDFRHEXU-wP-HDjq:1uC0xm:xX4hVJX9CmPC--joZyccgEwSeJLtITmVgeO24BEhaBM	2025-05-19 18:54:50.081835+00
r4tcwwvdfpldntryy9zkob4apgy18umj	.eJxVjE0OwiAYBe_C2pBCAcGl-56BfH-RqoGktCvj3bVJF7p9M_NeKsO2lrx1WfLM6qKMOv1uCPSQugO-Q701Ta2uy4x6V_RBu54ay_N6uH8HBXr51kRorDUSB-8wIafBgVg05-AwjswIYkAoig-RyWBgT-DHBDFRHEXU-wP-HDjq:1uCMPY:jwLB1JJ14K1YbFLIXfmtESREf_-TP7g4Q6Er_aiyYGQ	2025-05-20 17:48:56.363644+00
bgqbgicle1vldwb76c3uioohep5sjxlb	.eJxVjE0OwiAYBe_C2pBCAcGl-56BfH-RqoGktCvj3bVJF7p9M_NeKsO2lrx1WfLM6qKMOv1uCPSQugO-Q701Ta2uy4x6V_RBu54ay_N6uH8HBXr51kRorDUSB-8wIafBgVg05-AwjswIYkAoig-RyWBgT-DHBDFRHEXU-wP-HDjq:1uEm5C:SVT0o0q2Bvo6eOWPlvRAPjKrSW27KhIFUIYssNiDKvA	2025-05-13 09:42:54.407467+00
uh6wls56irgfzmpe5ad4zwvelosuqrws	.eJxVjE0OwiAYBe_C2pBCAcGl-56BfH-RqoGktCvj3bVJF7p9M_NeKsO2lrx1WfLM6qKMOv1uCPSQugO-Q701Ta2uy4x6V_RBu54ay_N6uH8HBXr51kRorDUSB-8wIafBgVg05-AwjswIYkAoig-RyWBgT-DHBDFRHEXU-wP-HDjq:1uFCYF:8RIcOcKQd_9dD-z37lT1SWtBvGyvHOAa0eh9mWHKf-I	2025-05-14 13:58:39.595073+00
s2mlc2dhj4ylsnmlrmr0kiylpmp6fsgu	.eJxVjE0OwiAYBe_C2pBCAcGl-56BfH-RqoGktCvj3bVJF7p9M_NeKsO2lrx1WfLM6qKMOv1uCPSQugO-Q701Ta2uy4x6V_RBu54ay_N6uH8HBXr51kRorDUSB-8wIafBgVg05-AwjswIYkAoig-RyWBgT-DHBDFRHEXU-wP-HDjq:1uEQSm:KwEsV5e3R7jMj1U6Liqc58SaageIHzTv1QEdR7_SLew	2025-05-12 10:37:48.572846+00
s7cqt7qctjfgyg7o28lnsvaavyro7k7r	.eJxVjE0OwiAYBe_C2pBCAcGl-56BfH-RqoGktCvj3bVJF7p9M_NeKsO2lrx1WfLM6qKMOv1uCPSQugO-Q701Ta2uy4x6V_RBu54ay_N6uH8HBXr51kRorDUSB-8wIafBgVg05-AwjswIYkAoig-RyWBgT-DHBDFRHEXU-wP-HDjq:1uDHAB:b3wCbXzBRFT8xOD9PCx2rIMPMkKblzLfPDFY4elSONg	2025-05-23 06:24:51.162796+00
i6lw8wr6nfrwsmv6wcdm5m014ne10h3m	.eJxVjE0OwiAYBe_C2pBCAcGl-56BfH-RqoGktCvj3bVJF7p9M_NeKsO2lrx1WfLM6qKMOv1uCPSQugO-Q701Ta2uy4x6V_RBu54ay_N6uH8HBXr51kRorDUSB-8wIafBgVg05-AwjswIYkAoig-RyWBgT-DHBDFRHEXU-wP-HDjq:1uDM5y:CDQq1oZV5Q7WU2j9cF1jSwTmxNBfbfD1XLAGJqVhPDI	2025-05-23 11:40:50.327832+00
1c12vbwi78zv6qpo24s32ouhkgtckj9n	.eJxVjE0OwiAYBe_C2pBCAcGl-56BfH-RqoGktCvj3bVJF7p9M_NeKsO2lrx1WfLM6qKMOv1uCPSQugO-Q701Ta2uy4x6V_RBu54ay_N6uH8HBXr51kRorDUSB-8wIafBgVg05-AwjswIYkAoig-RyWBgT-DHBDFRHEXU-wP-HDjq:1uFD0O:QOoDWPswwTlqH1pExnP-k5rP3ZaV40lNL8KMFaDAYTE	2025-05-14 14:27:44.281077+00
puteg7ra7igxbvh3czxsk33a69wxmf43	.eJxVjE0OwiAYBe_C2pBCAcGl-56BfH-RqoGktCvj3bVJF7p9M_NeKsO2lrx1WfLM6qKMOv1uCPSQugO-Q701Ta2uy4x6V_RBu54ay_N6uH8HBXr51kRorDUSB-8wIafBgVg05-AwjswIYkAoig-RyWBgT-DHBDFRHEXU-wP-HDjq:1uEPlC:G7ADmtS-6Jtb6PrGGzdijaosEjnlKlFLWscYxJiaF80	2025-05-12 09:52:46.107277+00
czxdanlf5i7tnca0as31svt9wwng1d6n	.eJxVjMsOwiAQRf-FtSFAeTgu3fsNzTADUjWQlHZl_HdD0oVu7znnvsWM-1bmvad1XlhchBGn3y0iPVMdgB9Y701Sq9u6RDkUedAub43T63q4fwcFexm1CaiAvQIKYCyYQJ4155A5GySFVofE7HlS0enk4uSCsRpYaTojoPh8Aec1N_0:1uDpN6:Qh-DxrTSBxF9F5ZYyCxZYvf0gm8VmfJuvtSfUxZyPJM	2025-05-10 19:01:28.602879+00
jmsf38jh025z5x2onwkq2mc78cs8t2k3	.eJxVjE0OwiAYBe_C2pBCAcGl-56BfH-RqoGktCvj3bVJF7p9M_NeKsO2lrx1WfLM6qKMOv1uCPSQugO-Q701Ta2uy4x6V_RBu54ay_N6uH8HBXr51kRorDUSB-8wIafBgVg05-AwjswIYkAoig-RyWBgT-DHBDFRHEXU-wP-HDjq:1uEo1p:8ZcOv-bqrcfpmegJEsA1SVldvqHUZ8q_5K5o3Nnz9p4	2025-05-13 11:47:33.516184+00
yh4fayleh90gyip1rfaep9fiy932nu47	.eJxVjE0OwiAYBe_C2pBCAcGl-56BfH-RqoGktCvj3bVJF7p9M_NeKsO2lrx1WfLM6qKMOv1uCPSQugO-Q701Ta2uy4x6V_RBu54ay_N6uH8HBXr51kRorDUSB-8wIafBgVg05-AwjswIYkAoig-RyWBgT-DHBDFRHEXU-wP-HDjq:1uDpci:SoVB33q8ZMQS460XMPdoHf0WSSY0cCCJCSLnnOTLb5s	2025-05-10 19:17:36.565813+00
halany4pdv2oggnrgfgokh1afdam8mi6	.eJxVjE0OwiAYBe_C2pBCAcGl-56BfH-RqoGktCvj3bVJF7p9M_NeKsO2lrx1WfLM6qKMOv1uCPSQugO-Q701Ta2uy4x6V_RBu54ay_N6uH8HBXr51kRorDUSB-8wIafBgVg05-AwjswIYkAoig-RyWBgT-DHBDFRHEXU-wP-HDjq:1uEX8g:Ksg228Z11QHK_pz33W5ijNtyEhBJHJtCKfvm67xAVw0	2025-05-12 17:45:30.80333+00
h5ig6zb39minnfvw6s88869e9x0q3ews	.eJxVjE0OwiAYBe_C2pBCAcGl-56BfH-RqoGktCvj3bVJF7p9M_NeKsO2lrx1WfLM6qKMOv1uCPSQugO-Q701Ta2uy4x6V_RBu54ay_N6uH8HBXr51kRorDUSB-8wIafBgVg05-AwjswIYkAoig-RyWBgT-DHBDFRHEXU-wP-HDjq:1uEle4:7u-p4KgLjX0yJfbEF4F8zXZGwp0NLkQkVW-FXcG5oww	2025-05-13 09:14:52.033885+00
222lt28x3pttev1c9ji8n20w5vgynbs3	.eJxVjE0OwiAYBe_C2pBCAcGl-56BfH-RqoGktCvj3bVJF7p9M_NeKsO2lrx1WfLM6qKMOv1uCPSQugO-Q701Ta2uy4x6V_RBu54ay_N6uH8HBXr51kRorDUSB-8wIafBgVg05-AwjswIYkAoig-RyWBgT-DHBDFRHEXU-wP-HDjq:1uEQlt:wndPmBoU4MY9FinDMGD_oC2xK9DpymndvONOeVu7kVY	2025-05-12 10:57:33.41738+00
bzp5xur61j1fzh8hw66zrqs9c8po7al4	.eJxVjE0OwiAYBe_C2pBCAcGl-56BfH-RqoGktCvj3bVJF7p9M_NeKsO2lrx1WfLM6qKMOv1uCPSQugO-Q701Ta2uy4x6V_RBu54ay_N6uH8HBXr51kRorDUSB-8wIafBgVg05-AwjswIYkAoig-RyWBgT-DHBDFRHEXU-wP-HDjq:1uFFoR:JqP1RV7oxM__-DKn1TDe0V3e81uC2Q3oX86uW-kebTo	2025-05-14 17:27:35.874609+00
mmmzjg1cyupc07qunxyq4cl9zvwthxy5	.eJxVjE0OwiAYBe_C2pBCAcGl-56BfH-RqoGktCvj3bVJF7p9M_NeKsO2lrx1WfLM6qKMOv1uCPSQugO-Q701Ta2uy4x6V_RBu54ay_N6uH8HBXr51kRorDUSB-8wIafBgVg05-AwjswIYkAoig-RyWBgT-DHBDFRHEXU-wP-HDjq:1uERBD:YPLXrJgbbpM2W37gEBzWItK5eYXB7LDN46-tkk3QEHU	2025-05-12 11:23:43.210782+00
zcole5fqjhrwleihs75y5mtwu6mqi7u4	.eJxVjE0OwiAYBe_C2pBCAcGl-56BfH-RqoGktCvj3bVJF7p9M_NeKsO2lrx1WfLM6qKMOv1uCPSQugO-Q701Ta2uy4x6V_RBu54ay_N6uH8HBXr51kRorDUSB-8wIafBgVg05-AwjswIYkAoig-RyWBgT-DHBDFRHEXU-wP-HDjq:1uFCRc:N9p1sjJ5L9DgCyYf5xB5JpNUBKvPyyO-StH7Y8Do7hE	2025-05-14 13:51:48.228232+00
m42dvrisv588qtdkyp0y4mdkcstt6uns	.eJxVjE0OwiAYBe_C2pBCAcGl-56BfH-RqoGktCvj3bVJF7p9M_NeKsO2lrx1WfLM6qKMOv1uCPSQugO-Q701Ta2uy4x6V_RBu54ay_N6uH8HBXr51kRorDUSB-8wIafBgVg05-AwjswIYkAoig-RyWBgT-DHBDFRHEXU-wP-HDjq:1uFG8V:fKAw5skOjM8Vk8nMmr3qjZgVshB2RvJLx0S5ETZdJZU	2025-05-14 17:48:19.771874+00
gv6uld1olwbbyd93s0k02nzu1hh1sf4k	.eJxVjE0OwiAYBe_C2pBCAcGl-56BfH-RqoGktCvj3bVJF7p9M_NeKsO2lrx1WfLM6qKMOv1uCPSQugO-Q701Ta2uy4x6V_RBu54ay_N6uH8HBXr51kRorDUSB-8wIafBgVg05-AwjswIYkAoig-RyWBgT-DHBDFRHEXU-wP-HDjq:1uFIHp:2T6bAZ8Rh5PDDh1x9YhcCoWxhcV-46rjwD_50t6FcA0	2025-05-14 20:06:05.360568+00
zp13kiqn135bv7klcssgzminey52c06x	.eJxVjE0OwiAYBe_C2pBCAcGl-56BfH-RqoGktCvj3bVJF7p9M_NeKsO2lrx1WfLM6qKMOv1uCPSQugO-Q701Ta2uy4x6V_RBu54ay_N6uH8HBXr51kRorDUSB-8wIafBgVg05-AwjswIYkAoig-RyWBgT-DHBDFRHEXU-wP-HDjq:1uFISo:DJcvo3gSewiMrYTHpcyy1Kw_CtrysrseXA8VyroKPMw	2025-05-14 20:17:26.678244+00
qx38719twa20eh7z9v7sx63fvstcc074	eyJjYXJ0Ijp7fX0:1uI65O:xGqUEe9BoKfK4Vet0wiDuEURie1uLHmIsz-SnwxjJi8	2025-05-22 13:40:50.227983+00
6l84o5eunidw0357ofc3y7juudks702e	.eJxVjE0OwiAYBe_C2pBCAcGl-56BfH-RqoGktCvj3bVJF7p9M_NeKsO2lrx1WfLM6qKMOv1uCPSQugO-Q701Ta2uy4x6V_RBu54ay_N6uH8HBXr51kRorDUSB-8wIafBgVg05-AwjswIYkAoig-RyWBgT-DHBDFRHEXU-wP-HDjq:1uFJsE:2Lc9YLo9Gisz_MmxCFeCWlfPl2oeW5zhqkqXj8iAkIU	2025-05-14 21:47:46.544733+00
5uux28atosk4m228h10sp6jt9x0w5ba5	.eJxVjEEOwiAQRe_C2hDqgAMu3XuGZpgBqRpISrsy3l2bdKHb_977LzXSupRx7WkeJ1FnNajD7xaJH6luQO5Ub01zq8s8Rb0peqddX5uk52V3_w4K9fKtMQC4BB4hYMTM4gmsRU4wUMgnDISWogmZAVDIsRF3JJMRxHpjWb0_1HM3sw:1uHis6:2-YBtToo3uYProAodO7DrQXG886V84TX77w0b4Prrfg	2025-05-21 12:53:34.453727+00
7x0dkms87ybag48l38yz53w5unkw026a	.eJxVjE0OwiAYBe_C2pBCAcGl-56BfH-RqoGktCvj3bVJF7p9M_NeKsO2lrx1WfLM6qKMOv1uCPSQugO-Q701Ta2uy4x6V_RBu54ay_N6uH8HBXr51kRorDUSB-8wIafBgVg05-AwjswIYkAoig-RyWBgT-DHBDFRHEXU-wP-HDjq:1uFRuk:Bm6CjSxZRkvUd7zHcfB7iSTELT4D5nnVgUtOdp2ZMJQ	2025-05-15 06:22:54.551871+00
b1d9ys20dx0atxe79h46yh1hakl2hzta	.eJxVjE0OwiAYBe_C2pBCAcGl-56BfH-RqoGktCvj3bVJF7p9M_NeKsO2lrx1WfLM6qKMOv1uCPSQugO-Q701Ta2uy4x6V_RBu54ay_N6uH8HBXr51kRorDUSB-8wIafBgVg05-AwjswIYkAoig-RyWBgT-DHBDFRHEXU-wP-HDjq:1uFRB6:zSGkCWN_nKmIOoHazRfySbtiqS_8euIQD7uLs0Dw-X4	2025-05-15 05:35:44.812301+00
w4hf1q1139wm9rggt12djp5oiyzyezek	.eJxVjE0OwiAYBe_C2pBCAcGl-56BfH-RqoGktCvj3bVJF7p9M_NeKsO2lrx1WfLM6qKMOv1uCPSQugO-Q701Ta2uy4x6V_RBu54ay_N6uH8HBXr51kRorDUSB-8wIafBgVg05-AwjswIYkAoig-RyWBgT-DHBDFRHEXU-wP-HDjq:1uFRPE:uVPBEpGBj4YCJw8s0IHjAK7cJSl7yLV4Bsi4wZPR5SQ	2025-05-15 05:50:20.792187+00
mefwi1fwxghgofj5d5qe9bd2ld7xg4ju	.eJxVjE0OwiAYBe_C2pBCAcGl-56BfH-RqoGktCvj3bVJF7p9M_NeKsO2lrx1WfLM6qKMOv1uCPSQugO-Q701Ta2uy4x6V_RBu54ay_N6uH8HBXr51kRorDUSB-8wIafBgVg05-AwjswIYkAoig-RyWBgT-DHBDFRHEXU-wP-HDjq:1uFSOn:43vUXwXkJ9OxM4Xqk9d1FhXr1-TzUG_Xf2_T9vhdKD4	2025-05-15 06:53:57.976174+00
z9u3fgitjqqpns6ngt9kidt2uso8few2	.eJxVjE0OwiAYBe_C2pBCAcGl-56BfH-RqoGktCvj3bVJF7p9M_NeKsO2lrx1WfLM6qKMOv1uCPSQugO-Q701Ta2uy4x6V_RBu54ay_N6uH8HBXr51kRorDUSB-8wIafBgVg05-AwjswIYkAoig-RyWBgT-DHBDFRHEXU-wP-HDjq:1uFmb2:OHFcW_DlB4syH9kBgSs9NYsedG6Lt17K7QxS-QB-I1A	2025-05-16 04:27:56.991484+00
qdu71cre1jsw7ajsv766r40xahvg3gxd	.eJxVjE0OwiAYBe_C2pBCAcGl-56BfH-RqoGktCvj3bVJF7p9M_NeKsO2lrx1WfLM6qKMOv1uCPSQugO-Q701Ta2uy4x6V_RBu54ay_N6uH8HBXr51kRorDUSB-8wIafBgVg05-AwjswIYkAoig-RyWBgT-DHBDFRHEXU-wP-HDjq:1uFqEd:sbRnvQS5wO5zfM28Z-LaPhakE13ktyoe6Fhz7yzHZWE	2025-05-16 08:21:03.828816+00
55ga0cbgg6axmaxl7o196d0450txhzrj	.eJxVjEEOwiAQRe_C2hDqgAMu3XuGZpgBqRpISrsy3l2bdKHb_977LzXSupRx7WkeJ1FnNajD7xaJH6luQO5Ub01zq8s8Rb0peqddX5uk52V3_w4K9fKtMQC4BB4hYMTM4gmsRU4wUMgnDISWogmZAVDIsRF3JJMRxHpjWb0_1HM3sw:1uGEsX:Y9PxcKby6mswKRHNpBiekk1BkdhoHvBRnyvD9W5mIzA	2025-05-17 10:39:53.106867+00
9kdphlgg29slijcg5krxjxbpmeh36awa	.eJxVjE0OwiAYBe_C2pBCAcGl-56BfH-RqoGktCvj3bVJF7p9M_NeKsO2lrx1WfLM6qKMOv1uCPSQugO-Q701Ta2uy4x6V_RBu54ay_N6uH8HBXr51kRorDUSB-8wIafBgVg05-AwjswIYkAoig-RyWBgT-DHBDFRHEXU-wP-HDjq:1uFoHM:PVoyshIb9WJTkJUnyu56KPFjxJbGa7PVHOltldXn6TE	2025-05-16 06:15:44.240332+00
8hnggc907sajf9jpyqy9tzkyz7oryhpk	.eJxVjE0OwiAYBe_C2pBCAcGl-56BfH-RqoGktCvj3bVJF7p9M_NeKsO2lrx1WfLM6qKMOv1uCPSQugO-Q701Ta2uy4x6V_RBu54ay_N6uH8HBXr51kRorDUSB-8wIafBgVg05-AwjswIYkAoig-RyWBgT-DHBDFRHEXU-wP-HDjq:1uFdRk:o1CPS5C_-6r6Nx1yWgAElpxU7AzhOfzvNJXHVSbYvXs	2025-05-15 18:41:44.425435+00
13gjyvipcwoge2quf3y3g28xlj84mwj7	.eJxVjEEOwiAQRe_C2hDqgAMu3XuGZpgBqRpISrsy3l2bdKHb_977LzXSupRx7WkeJ1FnNajD7xaJH6luQO5Ub01zq8s8Rb0peqddX5uk52V3_w4K9fKtMQC4BB4hYMTM4gmsRU4wUMgnDISWogmZAVDIsRF3JJMRxHpjWb0_1HM3sw:1uGIlh:OThR8xAuy8FNxZvEPAPNnOW-D5Df8D3px4JhJzqILRo	2025-05-17 14:49:05.250183+00
v8x8m0bugll0untgn81p7dmymjfrtzq4	.eJxVjE0OwiAYBe_C2pBCAcGl-56BfH-RqoGktCvj3bVJF7p9M_NeKsO2lrx1WfLM6qKMOv1uCPSQugO-Q701Ta2uy4x6V_RBu54ay_N6uH8HBXr51kRorDUSB-8wIafBgVg05-AwjswIYkAoig-RyWBgT-DHBDFRHEXU-wP-HDjq:1uFoTs:tperSJ1zIOWMmmnKdbcXWQYsIx0s68Y6K4L29ZAbPZE	2025-05-16 06:28:40.216074+00
1x187hy5fb7vj29tdrwbyvgehla70eiu	.eJxVjE0OwiAYBe_C2pBCAcGl-56BfH-RqoGktCvj3bVJF7p9M_NeKsO2lrx1WfLM6qKMOv1uCPSQugO-Q701Ta2uy4x6V_RBu54ay_N6uH8HBXr51kRorDUSB-8wIafBgVg05-AwjswIYkAoig-RyWBgT-DHBDFRHEXU-wP-HDjq:1uG0mJ:kk808E-Kph8m7I41Ri-6LQJOfwhScu1ApCJT1AlkDuY	2025-05-16 19:36:31.926877+00
sg2pzfmvm1tw96870qaaolt8g6r9nzb5	.eJxVjE0OwiAYBe_C2pBCAcGl-56BfH-RqoGktCvj3bVJF7p9M_NeKsO2lrx1WfLM6qKMOv1uCPSQugO-Q701Ta2uy4x6V_RBu54ay_N6uH8HBXr51kRorDUSB-8wIafBgVg05-AwjswIYkAoig-RyWBgT-DHBDFRHEXU-wP-HDjq:1uG9Xf:4XXzaVHk0QhQtDT58MhM6WLUW_KZX3xHHCHbFUChof4	2025-05-17 04:57:59.669621+00
r31gbbk0snac99os2lnjawljjpvpx2zo	.eJxVjE0OwiAYBe_C2pBCAcGl-56BfH-RqoGktCvj3bVJF7p9M_NeKsO2lrx1WfLM6qKMOv1uCPSQugO-Q701Ta2uy4x6V_RBu54ay_N6uH8HBXr51kRorDUSB-8wIafBgVg05-AwjswIYkAoig-RyWBgT-DHBDFRHEXU-wP-HDjq:1uFn8w:-UHXaH5vszTYkt8FqscMnGqsMZGklUpvTTHTxfrfLgI	2025-05-16 05:02:58.838502+00
92m38recxa26cyetvzfa1sfwxq39kyot	.eJxVjE0OwiAYBe_C2pBCAcGl-56BfH-RqoGktCvj3bVJF7p9M_NeKsO2lrx1WfLM6qKMOv1uCPSQugO-Q701Ta2uy4x6V_RBu54ay_N6uH8HBXr51kRorDUSB-8wIafBgVg05-AwjswIYkAoig-RyWBgT-DHBDFRHEXU-wP-HDjq:1uFobF:B2GzqvGzG_RCcxo-JM23umtX7PZkMeoFluV9HH_0dKc	2025-05-16 06:36:17.828868+00
yarntr0j5n5jldogg5cvd3nhut8a7oj1	.eJxVjE0OwiAYBe_C2pBCAcGl-56BfH-RqoGktCvj3bVJF7p9M_NeKsO2lrx1WfLM6qKMOv1uCPSQugO-Q701Ta2uy4x6V_RBu54ay_N6uH8HBXr51kRorDUSB-8wIafBgVg05-AwjswIYkAoig-RyWBgT-DHBDFRHEXU-wP-HDjq:1uFbMZ:uXt5zuKVMznLTxLuJUuMo9mT3fQSy68TklZCK5IuwKA	2025-05-15 16:28:15.451854+00
11unayc0e1i2fq9gd31v0ya34fq5cs1l	.eJxVjE0OwiAYBe_C2pBCAcGl-56BfH-RqoGktCvj3bVJF7p9M_NeKsO2lrx1WfLM6qKMOv1uCPSQugO-Q701Ta2uy4x6V_RBu54ay_N6uH8HBXr51kRorDUSB-8wIafBgVg05-AwjswIYkAoig-RyWBgT-DHBDFRHEXU-wP-HDjq:1uFnGe:8SesyJrMRjnzQupjpGdcW4ktPdHzh3L09vd8tdYsDE4	2025-05-16 05:10:56.615559+00
xqt8xpymwvra8ebv4czztup9lkz46tb0	.eJxVjE0OwiAYBe_C2pBCAcGl-56BfH-RqoGktCvj3bVJF7p9M_NeKsO2lrx1WfLM6qKMOv1uCPSQugO-Q701Ta2uy4x6V_RBu54ay_N6uH8HBXr51kRorDUSB-8wIafBgVg05-AwjswIYkAoig-RyWBgT-DHBDFRHEXU-wP-HDjq:1uFu3X:I3EUv03EECskgzsPqi5Sr9JguACFtr8n5eTvIcaPLR8	2025-05-16 12:25:51.266303+00
c4s4qbnwgjm5k5f3qw0wxrytyyxephy0	.eJxVjE0OwiAYBe_C2pBCAcGl-56BfH-RqoGktCvj3bVJF7p9M_NeKsO2lrx1WfLM6qKMOv1uCPSQugO-Q701Ta2uy4x6V_RBu54ay_N6uH8HBXr51kRorDUSB-8wIafBgVg05-AwjswIYkAoig-RyWBgT-DHBDFRHEXU-wP-HDjq:1uGDkf:kCrZ6n66wWpCi0589LY1Yg1PtQ7Y9GuXpJabhsXaVlY	2025-05-17 09:27:41.928426+00
eua1fqu6c62ov8ctm8rl1hwxng5zk5e0	.eJxVjE0OwiAYBe_C2pBCAcGl-56BfH-RqoGktCvj3bVJF7p9M_NeKsO2lrx1WfLM6qKMOv1uCPSQugO-Q701Ta2uy4x6V_RBu54ay_N6uH8HBXr51kRorDUSB-8wIafBgVg05-AwjswIYkAoig-RyWBgT-DHBDFRHEXU-wP-HDjq:1uFd7N:JGa-n9WLPS2_xy5NO3TGw09fkpxBuvNNAm4xJrr-Bco	2025-05-15 18:20:41.327471+00
y6qgdtefm6qnbjefrl9z1olxrvk7xzc7	.eJxVjE0OwiAYBe_C2pBCAcGl-56BfH-RqoGktCvj3bVJF7p9M_NeKsO2lrx1WfLM6qKMOv1uCPSQugO-Q701Ta2uy4x6V_RBu54ay_N6uH8HBXr51kRorDUSB-8wIafBgVg05-AwjswIYkAoig-RyWBgT-DHBDFRHEXU-wP-HDjq:1uFWrj:bUcoAZHUN7KB10mXBPr0h2vBuedEQ7Q7rHAdwc1801g	2025-05-15 11:40:07.295431+00
ssuwk1cisvyo56ylh5ku2brxxub3l97p	.eJxVjE0OwiAYBe_C2pBCAcGl-56BfH-RqoGktCvj3bVJF7p9M_NeKsO2lrx1WfLM6qKMOv1uCPSQugO-Q701Ta2uy4x6V_RBu54ay_N6uH8HBXr51kRorDUSB-8wIafBgVg05-AwjswIYkAoig-RyWBgT-DHBDFRHEXU-wP-HDjq:1uFpPC:mhAaxu0QqoRD2zrYEB61ltHbtGahwNWGhZKVFPqTELg	2025-05-16 07:27:54.643552+00
n5s707xt9sljtr8sb1bloofc4ryaozpx	.eJxVjE0OwiAYBe_C2pBCAcGl-56BfH-RqoGktCvj3bVJF7p9M_NeKsO2lrx1WfLM6qKMOv1uCPSQugO-Q701Ta2uy4x6V_RBu54ay_N6uH8HBXr51kRorDUSB-8wIafBgVg05-AwjswIYkAoig-RyWBgT-DHBDFRHEXU-wP-HDjq:1uFRg8:T6TE83vClMPlo2bpx6O5s0-hnrueGyZnzhj6s7jW9Hw	2025-05-15 06:07:48.833988+00
mwsv9zkfj1238cjfqba5tg7zjch4yk42	.eJxVjE0OwiAYBe_C2pBCAcGl-56BfH-RqoGktCvj3bVJF7p9M_NeKsO2lrx1WfLM6qKMOv1uCPSQugO-Q701Ta2uy4x6V_RBu54ay_N6uH8HBXr51kRorDUSB-8wIafBgVg05-AwjswIYkAoig-RyWBgT-DHBDFRHEXU-wP-HDjq:1uFUO0:BqphA1XqNw7duMoNNMbT7mSSYs9wDPntWhjzYNFyiQY	2025-05-15 09:01:16.549002+00
c852iyzeewhen1tdzplfxh5dc7pesquq	.eJxVjE0OwiAYBe_C2pBCAcGl-56BfH-RqoGktCvj3bVJF7p9M_NeKsO2lrx1WfLM6qKMOv1uCPSQugO-Q701Ta2uy4x6V_RBu54ay_N6uH8HBXr51kRorDUSB-8wIafBgVg05-AwjswIYkAoig-RyWBgT-DHBDFRHEXU-wP-HDjq:1uFnkr:-WP8znSCH8fNMQQ2N3d34CpMzWM7iHbsd5JSzphpnjk	2025-05-16 05:42:09.720962+00
2pqze00tjgap6fh3un8l8jx5lyd04f4b	.eJxVjE0OwiAYBe_C2pBCAcGl-56BfH-RqoGktCvj3bVJF7p9M_NeKsO2lrx1WfLM6qKMOv1uCPSQugO-Q701Ta2uy4x6V_RBu54ay_N6uH8HBXr51kRorDUSB-8wIafBgVg05-AwjswIYkAoig-RyWBgT-DHBDFRHEXU-wP-HDjq:1uFUbs:klHIbixKZNB6ts0sRrk7HdrwvJKEF1geOKjd6QqEU7g	2025-05-15 09:15:36.222611+00
70j0ewi9ip0q12r817ob25p1iajfuz8j	.eJxVjE0OwiAYBe_C2pBCAcGl-56BfH-RqoGktCvj3bVJF7p9M_NeKsO2lrx1WfLM6qKMOv1uCPSQugO-Q701Ta2uy4x6V_RBu54ay_N6uH8HBXr51kRorDUSB-8wIafBgVg05-AwjswIYkAoig-RyWBgT-DHBDFRHEXU-wP-HDjq:1uFxHF:JH2uy2vsii_vUihdiiBgZi4DWLvM9af_gkvZIGeyiwc	2025-05-16 15:52:13.723801+00
celc5io0e6vv1awqvvcppm1zfk6bz54k	.eJxVjE0OwiAYBe_C2pBCAcGl-56BfH-RqoGktCvj3bVJF7p9M_NeKsO2lrx1WfLM6qKMOv1uCPSQugO-Q701Ta2uy4x6V_RBu54ay_N6uH8HBXr51kRorDUSB-8wIafBgVg05-AwjswIYkAoig-RyWBgT-DHBDFRHEXU-wP-HDjq:1uFmSc:aAO5nlfEBEFqkCwbfCzg8Y-KVE2Pjy-q6owztDEiyAg	2025-05-16 04:19:14.95457+00
nspwkl4vhgv3te5pmc6z4wib0nh158os	.eJxVjE0OwiAYBe_C2pBCAcGl-56BfH-RqoGktCvj3bVJF7p9M_NeKsO2lrx1WfLM6qKMOv1uCPSQugO-Q701Ta2uy4x6V_RBu54ay_N6uH8HBXr51kRorDUSB-8wIafBgVg05-AwjswIYkAoig-RyWBgT-DHBDFRHEXU-wP-HDjq:1uFysK:SwjdVM5BtmhM4q3tWuBr2o2RwzOoCovjK7LcC5LIXIw	2025-05-16 17:34:36.968375+00
zyy5ne29i2nzkcxo901bbmvl3m2713q0	.eJxVjEEOwiAQRe_C2hDqgAMu3XuGZpgBqRpISrsy3l2bdKHb_977LzXSupRx7WkeJ1FnNajD7xaJH6luQO5Ub01zq8s8Rb0peqddX5uk52V3_w4K9fKtMQC4BB4hYMTM4gmsRU4wUMgnDISWogmZAVDIsRF3JJMRxHpjWb0_1HM3sw:1uHQND:QaYS20IgPbTMlRGakD-ZWIG68l8kIm0s_Fnl6lqtysg	2025-05-20 17:08:27.697099+00
rhbth7kam9ldp2wkpxj8c0b8v8igq30h	.eJxVjE0OwiAYBe_C2pBCAcGl-56BfH-RqoGktCvj3bVJF7p9M_NeKsO2lrx1WfLM6qKMOv1uCPSQugO-Q701Ta2uy4x6V_RBu54ay_N6uH8HBXr51kRorDUSB-8wIafBgVg05-AwjswIYkAoig-RyWBgT-DHBDFRHEXU-wP-HDjq:1uGDwf:Hj2JwgScqUzwNdbOho81R8qqpPY73yTK43oEJsr69ao	2025-05-17 09:40:05.557058+00
c5jjcovhgl9mcz4rz22okjduixj27lme	.eJxVjEEOwiAQRe_C2hDqgAMu3XuGZpgBqRpISrsy3l2bdKHb_977LzXSupRx7WkeJ1FnNajD7xaJH6luQO5Ub01zq8s8Rb0peqddX5uk52V3_w4K9fKtMQC4BB4hYMTM4gmsRU4wUMgnDISWogmZAVDIsRF3JJMRxHpjWb0_1HM3sw:1uHhIq:1hAVFZcZVPrq4aDkRPLjSu6q9ORuSXulTzOLryqDpGQ	2025-05-21 11:13:04.10515+00
mv87hmc5tq5prp9qyny7u5mg4xh4n1fp	.eJxVjEEOwiAQRe_C2hDqgAMu3XuGZpgBqRpISrsy3l2bdKHb_977LzXSupRx7WkeJ1FnNajD7xaJH6luQO5Ub01zq8s8Rb0peqddX5uk52V3_w4K9fKtMQC4BB4hYMTM4gmsRU4wUMgnDISWogmZAVDIsRF3JJMRxHpjWb0_1HM3sw:1uHcvc:kJOlhxa1IehYLGK5YpM6bHYNMndBuJK_M8vqd7BJCH4	2025-05-21 06:32:48.270203+00
vmgfprfko8fospjgtos19aqxdv7dkubm	.eJxVjEEOwiAQRe_C2hDqgAMu3XuGZpgBqRpISrsy3l2bdKHb_977LzXSupRx7WkeJ1FnNajD7xaJH6luQO5Ub01zq8s8Rb0peqddX5uk52V3_w4K9fKtMQC4BB4hYMTM4gmsRU4wUMgnDISWogmZAVDIsRF3JJMRxHpjWb0_1HM3sw:1uGE4N:_CsuzQV_RqHlOgJ769EwMPw0bq1kcaAL-wVlAIIXVBI	2025-05-17 09:48:03.605794+00
cs5aq7mhq9mxz9yceaig6atss2fzm5nd	eyJqdXN0X2xvZ2dlZF9vdXQiOnRydWV9:1uI4Er:RJe0pqWctr2BXghQr2-l3H9GgNuRZFwCWHOlhazpWyM	2025-05-22 11:42:29.034525+00
62ftmgwdib756pwg5y90qzbq2kwc69ds	.eJxVjEEOwiAQRe_C2hCGUgou3XsGwsyAVA0kpV0Z765NutDtf-_9lwhxW0vYelrCzOIstDj9bhjpkeoO-B7rrUlqdV1mlLsiD9rltXF6Xg7376DEXr41gWONDDAS8BC9Ms5idgRkXAZLbKzGrAxOg-EMXjujPGOcfEI1Dlm8P-hQN_o:1uGJOA:TuqgDdz4TjRwAZgoR3hLE8DpbdcbPg2zXiEDdFpFbsU	2025-05-17 15:28:50.587694+00
7dqmhd2mijmw89pyesgljytucrw7x3bb	eyJjYXJ0Ijp7fX0:1uI6Tm:ExwFmlEaXWxC7kZq8NeUur-tfzUU_nk9K7e8kIa0TFw	2025-05-22 14:06:02.598233+00
n2gzl4fq1hqld7oil2oftrtj4q30fgv4	.eJxVjEEOwiAQRe_C2hDqgAMu3XuGZpgBqRpISrsy3l2bdKHb_977LzXSupRx7WkeJ1FnNajD7xaJH6luQO5Ub01zq8s8Rb0peqddX5uk52V3_w4K9fKtMQC4BB4hYMTM4gmsRU4wUMgnDISWogmZAVDIsRF3JJMRxHpjWb0_1HM3sw:1uGJiH:TTsqpvcwInP3sv48EqupNr7OZK5phhVmCh2fgdkwQG0	2025-05-17 15:49:37.939289+00
c0kvrfsqe2ryvwdh8cyvvlhebaav4yll	.eJxVjEEOwiAQRe_C2hDqgAMu3XuGZpgBqRpISrsy3l2bdKHb_977LzXSupRx7WkeJ1FnNajD7xaJH6luQO5Ub01zq8s8Rb0peqddX5uk52V3_w4K9fKtMQC4BB4hYMTM4gmsRU4wUMgnDISWogmZAVDIsRF3JJMRxHpjWb0_1HM3sw:1uGutr:2g2GO4S1RtljO9ZDHO8bfS1-DfuCiLWrv_cOdvNpJkY	2025-05-19 07:32:03.314906+00
785nqlx67msovca3kmwjdf05z1az4wol	.eJxVjEEOwiAQRe_C2hCGUgou3XsGwsyAVA0kpV0Z765NutDtf-_9lwhxW0vYelrCzOIstDj9bhjpkeoO-B7rrUlqdV1mlLsiD9rltXF6Xg7376DEXr41gWONDDAS8BC9Ms5idgRkXAZLbKzGrAxOg-EMXjujPGOcfEI1Dlm8P-hQN_o:1uHfr7:1NJFU1GLar50FtbUmk5xNzg1i70KNkENM9yPK2zy3Vw	2025-05-21 09:40:21.556294+00
sbqza88v0mhtrnn69970193orsqtcle2	.eJxVjEEOwiAQRe_C2hDqgAMu3XuGZpgBqRpISrsy3l2bdKHb_977LzXSupRx7WkeJ1FnNajD7xaJH6luQO5Ub01zq8s8Rb0peqddX5uk52V3_w4K9fKtMQC4BB4hYMTM4gmsRU4wUMgnDISWogmZAVDIsRF3JJMRxHpjWb0_1HM3sw:1uGFED:2eQBFsvpzvTDnvCekPyivyD5USIhneZ7ApkjYgiP-Jw	2025-05-17 11:02:17.55685+00
vi2e7wrhojvdy87ek06onjfayphijw8b	.eJxVjEEOwiAQRe_C2hCGUgou3XsGwsyAVA0kpV0Z765NutDtf-_9lwhxW0vYelrCzOIstDj9bhjpkeoO-B7rrUlqdV1mlLsiD9rltXF6Xg7376DEXr41gWONDDAS8BC9Ms5idgRkXAZLbKzGrAxOg-EMXjujPGOcfEI1Dlm8P-hQN_o:1uGH8H:AZFcfr_hEpzju1mzXGAEte-joi_skgVVp4Jo5nM2Hbc	2025-05-17 13:04:17.1095+00
558ltnxm9b7ph07zhio1lotxb9cmh96e	.eJxVjEEOwiAQRe_C2hDqgAMu3XuGZpgBqRpISrsy3l2bdKHb_977LzXSupRx7WkeJ1FnNajD7xaJH6luQO5Ub01zq8s8Rb0peqddX5uk52V3_w4K9fKtMQC4BB4hYMTM4gmsRU4wUMgnDISWogmZAVDIsRF3JJMRxHpjWb0_1HM3sw:1uGHJI:sC43oOnpWXeEFll5Qh3x3IHEJj-PAtIRodVyfUF59f0	2025-05-17 13:15:40.38018+00
u3xw4vrufrfirf8f2u9dvxqkvylxu2x8	.eJxVjEEOwiAQRe_C2hDqgAMu3XuGZpgBqRpISrsy3l2bdKHb_977LzXSupRx7WkeJ1FnNajD7xaJH6luQO5Ub01zq8s8Rb0peqddX5uk52V3_w4K9fKtMQC4BB4hYMTM4gmsRU4wUMgnDISWogmZAVDIsRF3JJMRxHpjWb0_1HM3sw:1uGfoE:8n5oz1iZcnwgfz_jeeWOqD7ke7d0QHerMWRhwuBs5ls	2025-05-18 15:25:14.431538+00
qssblhdgx651a075r7cthsrhkicrw158	.eJxVjEEOwiAQRe_C2hDqgAMu3XuGZpgBqRpISrsy3l2bdKHb_977LzXSupRx7WkeJ1FnNajD7xaJH6luQO5Ub01zq8s8Rb0peqddX5uk52V3_w4K9fKtMQC4BB4hYMTM4gmsRU4wUMgnDISWogmZAVDIsRF3JJMRxHpjWb0_1HM3sw:1uGI0F:7Jy2wIB0-XIMunFG4HDqDr3JuGatJxqXGR3pHxKmuO4	2025-05-17 14:00:03.84827+00
0jrfhtrnmn4l83qxvnsikj1py6ncre9z	.eJxVjEEOwiAQRe_C2hDqgAMu3XuGZpgBqRpISrsy3l2bdKHb_977LzXSupRx7WkeJ1FnNajD7xaJH6luQO5Ub01zq8s8Rb0peqddX5uk52V3_w4K9fKtMQC4BB4hYMTM4gmsRU4wUMgnDISWogmZAVDIsRF3JJMRxHpjWb0_1HM3sw:1uGirw:pFaOTyb84ZTmcE4xE0xC9K7ICVENvMy4_PL6oxmjUG0	2025-05-18 18:41:16.342548+00
ps9g8jmcdibypmtililu3ugwklup9hvw	.eJxVjEEOwiAQRe_C2hDqgAMu3XuGZpgBqRpISrsy3l2bdKHb_977LzXSupRx7WkeJ1FnNajD7xaJH6luQO5Ub01zq8s8Rb0peqddX5uk52V3_w4K9fKtMQC4BB4hYMTM4gmsRU4wUMgnDISWogmZAVDIsRF3JJMRxHpjWb0_1HM3sw:1uGwFL:b3P28szso5PUFvaX8tXnEYpEjesDztH-n24xc7UlyR4	2025-05-19 08:58:19.66636+00
s3u94eeh8im0md7j0uppplnf1c18kzlr	.eJxVjEEOwiAQRe_C2hDqgAMu3XuGZpgBqRpISrsy3l2bdKHb_977LzXSupRx7WkeJ1FnNajD7xaJH6luQO5Ub01zq8s8Rb0peqddX5uk52V3_w4K9fKtMQC4BB4hYMTM4gmsRU4wUMgnDISWogmZAVDIsRF3JJMRxHpjWb0_1HM3sw:1uH2xh:XWkCWflxAEBAFeFnrD4H18H08BJBNl8PtMlzVkxEDAI	2025-05-19 16:08:33.296936+00
ktghd5f5molakkhjzv8n48omk39bsqly	.eJxVjEEOwiAQRe_C2hDqgAMu3XuGZpgBqRpISrsy3l2bdKHb_977LzXSupRx7WkeJ1FnNajD7xaJH6luQO5Ub01zq8s8Rb0peqddX5uk52V3_w4K9fKtMQC4BB4hYMTM4gmsRU4wUMgnDISWogmZAVDIsRF3JJMRxHpjWb0_1HM3sw:1uGKis:YP8is7hLeKG-5pEsOkYtNgWu5YVJGS-drvo8cqUK-Uk	2025-05-17 16:54:18.693003+00
m72l9jyo1uv8cvv77uq7wmddsh5volqu	.eJxVjEEOwiAQRe_C2hCGUgou3XsGwsyAVA0kpV0Z765NutDtf-_9lwhxW0vYelrCzOIstDj9bhjpkeoO-B7rrUlqdV1mlLsiD9rltXF6Xg7376DEXr41gWONDDAS8BC9Ms5idgRkXAZLbKzGrAxOg-EMXjujPGOcfEI1Dlm8P-hQN_o:1uGG8B:2tKZxBW7NIeC7GcrFRNIoZRE3xscP6KvuMW6a2Mer8I	2025-05-17 12:00:07.058325+00
098z5b73omq4ej9pwq33jmdvy62zx7fr	.eJxVjEEOwiAQRe_C2hDqgAMu3XuGZpgBqRpISrsy3l2bdKHb_977LzXSupRx7WkeJ1FnNajD7xaJH6luQO5Ub01zq8s8Rb0peqddX5uk52V3_w4K9fKtMQC4BB4hYMTM4gmsRU4wUMgnDISWogmZAVDIsRF3JJMRxHpjWb0_1HM3sw:1uHPml:eZaFzP_8q0WSY6KUcBKoXt2FRRnN7GFTbYheZYCiP3Y	2025-05-20 16:30:47.393907+00
yp713kljm22oazkqn4oyjswha3f679km	.eJxVjEEOwiAQRe_C2hDqgAMu3XuGZpgBqRpISrsy3l2bdKHb_977LzXSupRx7WkeJ1FnNajD7xaJH6luQO5Ub01zq8s8Rb0peqddX5uk52V3_w4K9fKtMQC4BB4hYMTM4gmsRU4wUMgnDISWogmZAVDIsRF3JJMRxHpjWb0_1HM3sw:1uHghR:e6qpuzS3IT5G_oaOfnPw-WKMDgxkuUQbtdX9V5y1piQ	2025-05-21 10:34:25.516728+00
8ywshrtrka144vxez67rbszk0c2o3lix	.eJxVjEEOwiAQRe_C2hDqgAMu3XuGZpgBqRpISrsy3l2bdKHb_977LzXSupRx7WkeJ1FnNajD7xaJH6luQO5Ub01zq8s8Rb0peqddX5uk52V3_w4K9fKtMQC4BB4hYMTM4gmsRU4wUMgnDISWogmZAVDIsRF3JJMRxHpjWb0_1HM3sw:1uHOYJ:AMhcYppKD-nDmfpj4xw2FGDZnIk5B_t4jg-DD5jrMV0	2025-05-20 15:11:47.78265+00
1hcyb9ls2strh3d8l599qdqhk1u2ec6i	.eJxVjEEOwiAQRe_C2hDqgAMu3XuGZpgBqRpISrsy3l2bdKHb_977LzXSupRx7WkeJ1FnNajD7xaJH6luQO5Ub01zq8s8Rb0peqddX5uk52V3_w4K9fKtMQC4BB4hYMTM4gmsRU4wUMgnDISWogmZAVDIsRF3JJMRxHpjWb0_1HM3sw:1uHh6J:5JvUeyVjrdT-6EFf1xqodz2o654t6DQR7U6HEOCqfk0	2025-05-21 11:00:07.615146+00
7lhnedppk4eewkj6ssfhfptu981jh5rd	.eJxVjEEOwiAQRe_C2hDqgAMu3XuGZpgBqRpISrsy3l2bdKHb_977LzXSupRx7WkeJ1FnNajD7xaJH6luQO5Ub01zq8s8Rb0peqddX5uk52V3_w4K9fKtMQC4BB4hYMTM4gmsRU4wUMgnDISWogmZAVDIsRF3JJMRxHpjWb0_1HM3sw:1uHSRP:QyraIr98h5UozRCJfsq5yHUWXda22N0uPrTuwC_4RZk	2025-05-20 19:20:55.961451+00
5r7gr5agcpjk1qezg7lvajjhs2oaa7i6	.eJxVjE0OwiAYBe_C2pBCAcGl-56BfH-RqoGktCvj3bVJF7p9M_NeKsO2lrx1WfLM6qKMOv1uCPSQugO-Q701Ta2uy4x6V_RBu54ay_N6uH8HBXr51kRorDUSB-8wIafBgVg05-AwjswIYkAoig-RyWBgT-DHBDFRHEXU-wP-HDjq:1uI9fK:2i368QcN85UUJtpeZh4zqe0lo2jx7EI6qzmpbWhs7pc	2025-05-22 17:30:10.615451+00
o1fe3a4r964kjsoer6900izqenvyfvdr	.eJxVjEEOwiAQRe_C2hDqgAMu3XuGZpgBqRpISrsy3l2bdKHb_977LzXSupRx7WkeJ1FnNajD7xaJH6luQO5Ub01zq8s8Rb0peqddX5uk52V3_w4K9fKtMQC4BB4hYMTM4gmsRU4wUMgnDISWogmZAVDIsRF3JJMRxHpjWb0_1HM3sw:1uISrA:N7k0mdmkZ-wFC5XS5iNy8z96xbMC6us1DQbYDn7t0D8	2025-05-23 13:59:40.403761+00
mqtv5j4kf9yv0lptku6rzv49tsdwayyb	.eJxVjEEOwiAQRe_C2hDqgAMu3XuGZpgBqRpISrsy3l2bdKHb_977LzXSupRx7WkeJ1FnNajD7xaJH6luQO5Ub01zq8s8Rb0peqddX5uk52V3_w4K9fKtMQC4BB4hYMTM4gmsRU4wUMgnDISWogmZAVDIsRF3JJMRxHpjWb0_1HM3sw:1uIVqQ:r-uUwmz0Q36b43zPsOjv5bRRyf5YE1VsBzy7PcdREfU	2025-05-23 17:11:06.606564+00
3kt1l9tzj44mz1va6ip2ulseuls2ango	.eJxVjEsOgzAMBe_idRWFOtQJy-45A3LspKGtQOKzQty9RWLD9s3M20B4WqDZ9ht0vC6lW-c0db1CAxVctsjyScMB9M3DazQyDsvUR3Mo5qSzaUdN3-fpXg4Kz-VfU0CsE3rCQJGyqGd0jiRhxSE_KDA5jjZkQSTlWqzWd7aZUJ23TmD_ARvGOv8:1uI89C:kOftF0bbCosEpXpb8Dgzkq4-1D7NjmHyJy8m_37nGNQ	2025-05-22 15:52:54.8381+00
3r3ibq78ccewlpyr2w1fk1xorejau7k3	.eJxVjEEOwiAQRe_C2hDqgAMu3XuGZpgBqRpISrsy3l2bdKHb_977LzXSupRx7WkeJ1FnNajD7xaJH6luQO5Ub01zq8s8Rb0peqddX5uk52V3_w4K9fKtMQC4BB4hYMTM4gmsRU4wUMgnDISWogmZAVDIsRF3JJMRxHpjWb0_1HM3sw:1uHnQk:vU59LpWprVGKzhEZlQt2N5TRvRJvUYo38VY9VZqQvE8	2025-05-21 17:45:38.374381+00
2lxcaf8uowsq3gn3b3yv6c0uy5ux49gz	.eJxVjEsOgzAMBe_idRWFOtQJy-45A3LspKGtQOKzQty9RWLD9s3M20B4WqDZ9ht0vC6lW-c0db1CAxVctsjyScMB9M3DazQyDsvUR3Mo5qSzaUdN3-fpXg4Kz-VfU0CsE3rCQJGyqGd0jiRhxSE_KDA5jjZkQSTlWqzWd7aZUJ23TmD_ARvGOv8:1uI53e:7itQAlZNB8aqwF9w9gm1buu1IrKrDHhcCtw934kN9BI	2025-05-22 12:34:58.131562+00
dyqpls6w1iee3kbjdztmv5pmhrmfslgj	eyJqdXN0X2xvZ2dlZF9vdXQiOnRydWUsImNhcnQiOnsiMiI6eyJxdWFudGl0eSI6MSwicHJpY2UiOiI3OTAwMC4wMCJ9fX0:1uI7Zt:7_7Z91jcoXA2YOnIVUwj4WOWNcYp1QOgYS2126NPPvk	2025-05-22 15:16:25.709056+00
rd19eou92rikzl560n7ebvy6yv9ufnnm	.eJxVjEEOwiAQRe_C2hDqgAMu3XuGZpgBqRpISrsy3l2bdKHb_977LzXSupRx7WkeJ1FnNajD7xaJH6luQO5Ub01zq8s8Rb0peqddX5uk52V3_w4K9fKtMQC4BB4hYMTM4gmsRU4wUMgnDISWogmZAVDIsRF3JJMRxHpjWb0_1HM3sw:1uIANN:VIMlo6C-Gg1L_qW8AFuxYKrsNgCaRTpovn7DVhBrMXQ	2025-05-22 18:15:41.943951+00
gpfxuoo1hn5e6lnvohinpwzqp1hc07ro	.eJxVjEEOwiAQRe_C2hDqgAMu3XuGZpgBqRpISrsy3l2bdKHb_977LzXSupRx7WkeJ1FnNajD7xaJH6luQO5Ub01zq8s8Rb0peqddX5uk52V3_w4K9fKtMQC4BB4hYMTM4gmsRU4wUMgnDISWogmZAVDIsRF3JJMRxHpjWb0_1HM3sw:1uIRXe:5VZV9h94uTD3Dxfd53hYLs7Z8pBKaXcAAcChFL-1NWE	2025-05-23 12:35:26.417144+00
z8rikn45u1ta3wgzec3porp2wc3ge154	.eJxVjEEOwiAQRe_C2hDqgAMu3XuGZpgBqRpISrsy3l2bdKHb_977LzXSupRx7WkeJ1FnNajD7xaJH6luQO5Ub01zq8s8Rb0peqddX5uk52V3_w4K9fKtMQC4BB4hYMTM4gmsRU4wUMgnDISWogmZAVDIsRF3JJMRxHpjWb0_1HM3sw:1uIC1U:9uQFLc1K-up2YZJwnPMpo3uPA4is25uTpOxtSOuTFHA	2025-05-22 20:01:12.864429+00
3e85jtom061i8jbkq48t7lj1mbzls7fl	.eJxVjEEOwiAQRe_C2hDqgAMu3XuGZpgBqRpISrsy3l2bdKHb_977LzXSupRx7WkeJ1FnNajD7xaJH6luQO5Ub01zq8s8Rb0peqddX5uk52V3_w4K9fKtMQC4BB4hYMTM4gmsRU4wUMgnDISWogmZAVDIsRF3JJMRxHpjWb0_1HM3sw:1uINFT:l4-YupCkcoOh7B2lZ8UMxgmFx6jaAcYOmC-C69x6pYA	2025-05-23 08:00:23.728946+00
v6cw6l33sjf8yw1j7h4ui0dex0iw2b8o	.eJxVjEsOgzAMBe_idRWFOtQJy-45A3LspKGtQOKzQty9RWLD9s3M20B4WqDZ9ht0vC6lW-c0db1CAxVctsjyScMB9M3DazQyDsvUR3Mo5qSzaUdN3-fpXg4Kz-VfU0CsE3rCQJGyqGd0jiRhxSE_KDA5jjZkQSTlWqzWd7aZUJ23TmD_ARvGOv8:1uI8ft:ld_BFcqB6mcwVcyuXbwLbdS4iLN8teLXtXbC549fAEc	2025-05-22 16:26:41.701765+00
fn1urwy0dhr1gaf5nyaodyya5xlyzysy	.eJxVjEEOwiAQRe_C2hDqgAMu3XuGZpgBqRpISrsy3l2bdKHb_977LzXSupRx7WkeJ1FnNajD7xaJH6luQO5Ub01zq8s8Rb0peqddX5uk52V3_w4K9fKtMQC4BB4hYMTM4gmsRU4wUMgnDISWogmZAVDIsRF3JJMRxHpjWb0_1HM3sw:1uIE3M:cdfA_r2z83Ancj7Jk5O-OcjUP78xQK-M2CFSG775C94	2025-05-22 22:11:16.822198+00
j9ansniocrzx5lwbf8ocu8lu7h0goi7q	.eJxVjEEOwiAQRe_C2hDqgAMu3XuGZpgBqRpISrsy3l2bdKHb_977LzXSupRx7WkeJ1FnNajD7xaJH6luQO5Ub01zq8s8Rb0peqddX5uk52V3_w4K9fKtMQC4BB4hYMTM4gmsRU4wUMgnDISWogmZAVDIsRF3JJMRxHpjWb0_1HM3sw:1uHp4B:5aWZNKM1D54CyxgYqE4KAVfICyhdkJtnH7wXCiPDSIU	2025-05-21 19:30:27.675985+00
p0jynctrq6mcfo6w3fn63iz2t8m606sn	.eJxVjEEOwiAQRe_C2hDqgAMu3XuGZpgBqRpISrsy3l2bdKHb_977LzXSupRx7WkeJ1FnNajD7xaJH6luQO5Ub01zq8s8Rb0peqddX5uk52V3_w4K9fKtMQC4BB4hYMTM4gmsRU4wUMgnDISWogmZAVDIsRF3JJMRxHpjWb0_1HM3sw:1uHyT8:J84xrUcu_lLO_XW2n4VLypvbnPcF_OC4N_zdw5pZcBs	2025-05-22 05:32:50.22386+00
mkw6ffywm9oliu2230o21rjzywm1m2k2	.eJxVjEEOwiAQRe_C2hDqgAMu3XuGZpgBqRpISrsy3l2bdKHb_977LzXSupRx7WkeJ1FnNajD7xaJH6luQO5Ub01zq8s8Rb0peqddX5uk52V3_w4K9fKtMQC4BB4hYMTM4gmsRU4wUMgnDISWogmZAVDIsRF3JJMRxHpjWb0_1HM3sw:1uI3kV:2_QBMliJRVsq9g9Z1NAKFpq7sZ2PbKymx_yNM9c8nws	2025-05-22 11:11:07.261677+00
664xcnom38q1owrzxlmj94nvugzahl73	.eJxVjEEOwiAQRe_C2hDqgAMu3XuGZpgBqRpISrsy3l2bdKHb_977LzXSupRx7WkeJ1FnNajD7xaJH6luQO5Ub01zq8s8Rb0peqddX5uk52V3_w4K9fKtMQC4BB4hYMTM4gmsRU4wUMgnDISWogmZAVDIsRF3JJMRxHpjWb0_1HM3sw:1uICXM:qMuqS-gpnRyH74ARoXmOvS5qvhk8A6wfRVSIgzLzVDw	2025-05-22 20:34:08.36861+00
a2oopsc83u9ltajhgymj1urtjkw1pkce	.eJxVjEEOwiAQRe_C2hDqgAMu3XuGZpgBqRpISrsy3l2bdKHb_977LzXSupRx7WkeJ1FnNajD7xaJH6luQO5Ub01zq8s8Rb0peqddX5uk52V3_w4K9fKtMQC4BB4hYMTM4gmsRU4wUMgnDISWogmZAVDIsRF3JJMRxHpjWb0_1HM3sw:1uILNV:pVpVtYENDfrE3jzo_yHPZJvftd7xTr30ZWSQeTngg7o	2025-05-23 06:00:33.502665+00
qjo094pq34kw59o8ty4n5dex6eaq8iw7	.eJxVjEEOwiAQRe_C2hDqgAMu3XuGZpgBqRpISrsy3l2bdKHb_977LzXSupRx7WkeJ1FnNajD7xaJH6luQO5Ub01zq8s8Rb0peqddX5uk52V3_w4K9fKtMQC4BB4hYMTM4gmsRU4wUMgnDISWogmZAVDIsRF3JJMRxHpjWb0_1HM3sw:1uI8ow:ikxQOGYNMuC2cO9w9NCTfTNr8iKlg_yMVD7K9Yi9kTI	2025-05-22 16:36:02.832278+00
nb6q8jgq6cgjd1of6ewkugdu2qt7kdmt	.eJxVjEEOwiAQRe_C2hDqgAMu3XuGZpgBqRpISrsy3l2bdKHb_977LzXSupRx7WkeJ1FnNajD7xaJH6luQO5Ub01zq8s8Rb0peqddX5uk52V3_w4K9fKtMQC4BB4hYMTM4gmsRU4wUMgnDISWogmZAVDIsRF3JJMRxHpjWb0_1HM3sw:1uICxU:sHwvn9if5C-jCXU85c5HZ3G6UbT7DalrGRjy4AtitKU	2025-05-22 21:01:08.534658+00
wurpoleq5gp4qf9sjlwh4a1hfsma9d6q	eyJjYXJ0Ijp7fX0:1uI97E:heyxJkVueR4SQB709IbMffXSDtVt23VasBEcSv77-dE	2025-05-22 16:54:56.422153+00
qszshtkvvvdfkkise00ud69qjp6eyuzh	.eJxVjEEOwiAQRe_C2hDqgAMu3XuGZpgBqRpISrsy3l2bdKHb_977LzXSupRx7WkeJ1FnNajD7xaJH6luQO5Ub01zq8s8Rb0peqddX5uk52V3_w4K9fKtMQC4BB4hYMTM4gmsRU4wUMgnDISWogmZAVDIsRF3JJMRxHpjWb0_1HM3sw:1uIPHA:4YxsdNlG8xSFG5_1TCE3M16rdbaYo_RJXkZgMZZVh38	2025-05-23 10:10:16.162686+00
dk0uflwc586rtdwt6r3oyvgqae8v9kj6	.eJxVjEEOwiAQRe_C2hDqgAMu3XuGZpgBqRpISrsy3l2bdKHb_977LzXSupRx7WkeJ1FnNajD7xaJH6luQO5Ub01zq8s8Rb0peqddX5uk52V3_w4K9fKtMQC4BB4hYMTM4gmsRU4wUMgnDISWogmZAVDIsRF3JJMRxHpjWb0_1HM3sw:1uIDZS:DGimjpT3mzFoFKKux_JifQmNax-FQT7_Y7rARN7ZOj4	2025-05-22 21:40:22.24151+00
yg4reov25p05ig7gvyue7e3x501dh6cx	.eJxVjEEOwiAQRe_C2hDqgAMu3XuGZpgBqRpISrsy3l2bdKHb_977LzXSupRx7WkeJ1FnNajD7xaJH6luQO5Ub01zq8s8Rb0peqddX5uk52V3_w4K9fKtMQC4BB4hYMTM4gmsRU4wUMgnDISWogmZAVDIsRF3JJMRxHpjWb0_1HM3sw:1uISQE:cDSH4pMamV-5O73sboBdZhtif3K5Uw2IShshma5dfvo	2025-05-23 13:31:50.157499+00
4jay44ynr6zhwd0p22mjyo72xmy37b7o	.eJxVjEEOwiAQRe_C2hDqgAMu3XuGZpgBqRpISrsy3l2bdKHb_977LzXSupRx7WkeJ1FnNajD7xaJH6luQO5Ub01zq8s8Rb0peqddX5uk52V3_w4K9fKtMQC4BB4hYMTM4gmsRU4wUMgnDISWogmZAVDIsRF3JJMRxHpjWb0_1HM3sw:1uIAkC:y-IZMJGXQ-pTSZ10fMm9DFhj-7ITNg572dRStofgp0w	2025-05-22 18:39:16.196742+00
uy5achyjf1kxmcw7makvgcgtjtag5q6z	.eJxVjEEOwiAQRe_C2hDqgAMu3XuGZpgBqRpISrsy3l2bdKHb_977LzXSupRx7WkeJ1FnNajD7xaJH6luQO5Ub01zq8s8Rb0peqddX5uk52V3_w4K9fKtMQC4BB4hYMTM4gmsRU4wUMgnDISWogmZAVDIsRF3JJMRxHpjWb0_1HM3sw:1uIBnd:yx0L5wqFeSSk_n9eW56mKP1KHNBQvd4bLfe9isokKKA	2025-05-22 19:46:53.125459+00
kfvx84w85g1c1kg8q4swuzu8k77bj5df	.eJxVjEEOwiAQRe_C2hDqgAMu3XuGZpgBqRpISrsy3l2bdKHb_977LzXSupRx7WkeJ1FnNajD7xaJH6luQO5Ub01zq8s8Rb0peqddX5uk52V3_w4K9fKtMQC4BB4hYMTM4gmsRU4wUMgnDISWogmZAVDIsRF3JJMRxHpjWb0_1HM3sw:1uIUlK:kyTIiFv_hPA1d8QN_vlE26V7dp4XTTC0WUg0WJBgCks	2025-05-23 16:01:46.446016+00
i50ecbadk4jyg46vhqnhj722a8bo3g7u	.eJxVjEEOwiAQRe_C2hDqgAMu3XuGZpgBqRpISrsy3l2bdKHb_977LzXSupRx7WkeJ1FnNajD7xaJH6luQO5Ub01zq8s8Rb0peqddX5uk52V3_w4K9fKtMQC4BB4hYMTM4gmsRU4wUMgnDISWogmZAVDIsRF3JJMRxHpjWb0_1HM3sw:1uIDAz:0IGS6cVQNDrHOUGBpkwSy-gIvvmKD77OILhrplOHqIY	2025-05-22 21:15:05.900922+00
ipkaoo06cet3afqc66zsvaodd3jvmgxe	.eJxVjEEOwiAQRe_C2hCGUgou3XsGwsyAVA0kpV0Z765NutDtf-_9lwhxW0vYelrCzOIstDj9bhjpkeoO-B7rrUlqdV1mlLsiD9rltXF6Xg7376DEXr41gWONDDAS8BC9Ms5idgRkXAZLbKzGrAxOg-EMXjujPGOcfEI1Dlm8P-hQN_o:1uHjAW:k2WPOpXSyped9ObSYL4DIKMvjTZLefuIqduxhiy8K40	2025-05-21 13:12:36.837638+00
eqqlfl0ih4yg38aqp6auu7ffig2orwz0	.eJxVjEEOwiAQRe_C2hDqgAMu3XuGZpgBqRpISrsy3l2bdKHb_977LzXSupRx7WkeJ1FnNajD7xaJH6luQO5Ub01zq8s8Rb0peqddX5uk52V3_w4K9fKtMQC4BB4hYMTM4gmsRU4wUMgnDISWogmZAVDIsRF3JJMRxHpjWb0_1HM3sw:1uHjI9:aYnGykptL7vQIVnv6pNEQiM6EfFHZaF8u0VXnFG5ZdM	2025-05-21 13:20:29.257169+00
rtsr37jef7tmn17xhc4dnruh5nplobgo	.eJxVjEEOwiAQRe_C2hDqgAMu3XuGZpgBqRpISrsy3l2bdKHb_977LzXSupRx7WkeJ1FnNajD7xaJH6luQO5Ub01zq8s8Rb0peqddX5uk52V3_w4K9fKtMQC4BB4hYMTM4gmsRU4wUMgnDISWogmZAVDIsRF3JJMRxHpjWb0_1HM3sw:1uHxTj:aj3T-1SVg24XfUtf5lRhLUZ-UtfnwWBI95FtigKsX5o	2025-05-22 04:29:23.946673+00
9k5q8ecrrsh6poizzvijc6x56y5nof2p	.eJxVjEEOwiAQRe_C2hDqgAMu3XuGZpgBqRpISrsy3l2bdKHb_977LzXSupRx7WkeJ1FnNajD7xaJH6luQO5Ub01zq8s8Rb0peqddX5uk52V3_w4K9fKtMQC4BB4hYMTM4gmsRU4wUMgnDISWogmZAVDIsRF3JJMRxHpjWb0_1HM3sw:1uI1fQ:QIL2RBwl0pcc42u-Xl9YBeWu4q5rJ4dlwOw435LPvp8	2025-05-22 08:57:44.85369+00
5pa2l3tpltje93p5070qewhi1estboos	.eJxVjEEOwiAQRe_C2hDqgAMu3XuGZpgBqRpISrsy3l2bdKHb_977LzXSupRx7WkeJ1FnNajD7xaJH6luQO5Ub01zq8s8Rb0peqddX5uk52V3_w4K9fKtMQC4BB4hYMTM4gmsRU4wUMgnDISWogmZAVDIsRF3JJMRxHpjWb0_1HM3sw:1uHjs9:dTnGeE7yFpBDPTNJ45Ri_6PxLDY65BUz-d4W9DEpAv8	2025-05-21 13:57:41.049934+00
c4v2lc7ec1d85w4t5ngkexyicwjjufwc	.eJxVjEsOgzAMBe_idRWFOtQJy-45A3LspKGtQOKzQty9RWLD9s3M20B4WqDZ9ht0vC6lW-c0db1CAxVctsjyScMB9M3DazQyDsvUR3Mo5qSzaUdN3-fpXg4Kz-VfU0CsE3rCQJGyqGd0jiRhxSE_KDA5jjZkQSTlWqzWd7aZUJ23TmD_ARvGOv8:1uI7wa:qxHEuIFFHmqvaoua11o6nw0qJQaN7dQQwBj7SCfBbY0	2025-05-22 15:39:52.070423+00
8alzgqlqot4lr10ttympm37x6lblfhng	eyJqdXN0X2xvZ2dlZF9vdXQiOnRydWUsImNhcnQiOnt9fQ:1uI5DR:Kr27dumc33pngw-XY40A4SFDrQRSXgwd6FfQdzjNeng	2025-05-22 12:45:05.75342+00
u1egdd9l9brztj7ly01hllsr9wpdjel3	eyJqdXN0X2xvZ2dlZF9vdXQiOnRydWV9:1uHz7F:iwBnxXUzAjXe7x2z-6k9kjmRGDDMp0fXLDANb4_cVPc	2025-05-22 06:14:17.920735+00
955lwftt6qsrado9rstt0nrnveux2684	.eJxVjEEOwiAQRe_C2hDqgAMu3XuGZpgBqRpISrsy3l2bdKHb_977LzXSupRx7WkeJ1FnNajD7xaJH6luQO5Ub01zq8s8Rb0peqddX5uk52V3_w4K9fKtMQC4BB4hYMTM4gmsRU4wUMgnDISWogmZAVDIsRF3JJMRxHpjWb0_1HM3sw:1uHkw0:NZ2UtdTA3eIJAds-dKUZyfc09oAQ-FSfJmF_n-L23wI	2025-05-21 15:05:44.621513+00
8dn31fj6vr1txvmcshq3gt4tkmtswtqg	.eJxVjEEOwiAQRe_C2hDqgAMu3XuGZpgBqRpISrsy3l2bdKHb_977LzXSupRx7WkeJ1FnNajD7xaJH6luQO5Ub01zq8s8Rb0peqddX5uk52V3_w4K9fKtMQC4BB4hYMTM4gmsRU4wUMgnDISWogmZAVDIsRF3JJMRxHpjWb0_1HM3sw:1uITPE:V0W8xqJ4YGa7BGmcTy6EleeTdvO4iEDbg6FfOcb8sks	2025-05-23 14:34:52.277242+00
o2cjmdkhq2zd0otdxgtaznxjmjhqao3a	.eJxVjEEOwiAQRe_C2hDqgAMu3XuGZpgBqRpISrsy3l2bdKHb_977LzXSupRx7WkeJ1FnNajD7xaJH6luQO5Ub01zq8s8Rb0peqddX5uk52V3_w4K9fKtMQC4BB4hYMTM4gmsRU4wUMgnDISWogmZAVDIsRF3JJMRxHpjWb0_1HM3sw:1uIUx1:zWUC5zs9tTFKdrOTsEjEZHmt3Td552k8wwfNJphEiZ4	2025-05-23 16:13:51.653899+00
j32il025grn3inj1fv0slp9k763hjy67	eyJqdXN0X2xvZ2dlZF9vdXQiOnRydWV9:1uHzKX:tAMiceYKKsXrke-M-_yK7SgDm6VeNHIiSwCVaCrSTMo	2025-05-22 06:28:01.057009+00
no26vs85n0s81mvnck0qb8ak5mgancyp	.eJxVjEEOwiAQRe_C2hDqgAMu3XuGZpgBqRpISrsy3l2bdKHb_977LzXSupRx7WkeJ1FnNajD7xaJH6luQO5Ub01zq8s8Rb0peqddX5uk52V3_w4K9fKtMQC4BB4hYMTM4gmsRU4wUMgnDISWogmZAVDIsRF3JJMRxHpjWb0_1HM3sw:1uHlqV:UZO6lXGiy9j_wDDL78j_0z-1zjrfJ_wguhKMsJqeOPw	2025-05-21 16:04:07.850504+00
9tlvlf2k78ik4g9vvdd8aofzls5qj4ux	.eJxVjEEOwiAQRe_C2hDqgAMu3XuGZpgBqRpISrsy3l2bdKHb_977LzXSupRx7WkeJ1FnNajD7xaJH6luQO5Ub01zq8s8Rb0peqddX5uk52V3_w4K9fKtMQC4BB4hYMTM4gmsRU4wUMgnDISWogmZAVDIsRF3JJMRxHpjWb0_1HM3sw:1uIRjP:mBhKT6idkwxCF46zPUe7sOrwL1FdGdofHehSlLkSmNc	2025-05-23 12:47:35.671997+00
1s1pf82dk775nxsylt3veglxab3ngew0	.eJxVjEEOwiAQRe_C2hDqgAMu3XuGZpgBqRpISrsy3l2bdKHb_977LzXSupRx7WkeJ1FnNajD7xaJH6luQO5Ub01zq8s8Rb0peqddX5uk52V3_w4K9fKtMQC4BB4hYMTM4gmsRU4wUMgnDISWogmZAVDIsRF3JJMRxHpjWb0_1HM3sw:1uIKWo:bEqDnPotREIKgcV2JVDKDX4KNxK4rdY6cwNCMFBJaJg	2025-05-23 05:06:06.087697+00
r2sa8zyymj49m30xiopo18s26c847ihs	.eJxVjEEOwiAQRe_C2hCGUgou3XsGwsyAVA0kpV0Z765NutDtf-_9lwhxW0vYelrCzOIstDj9bhjpkeoO-B7rrUlqdV1mlLsiD9rltXF6Xg7376DEXr41gWONDDAS8BC9Ms5idgRkXAZLbKzGrAxOg-EMXjujPGOcfEI1Dlm8P-hQN_o:1uIOr9:rP0bR2ovDryd-C4kuXKaHHd8tr3sDALsxgnEEk9BpL0	2025-05-23 09:43:23.376838+00
ck77plruiz0dsu2omdacm7qgzg1b946e	.eJxVjEEOwiAQRe_C2hDqgAMu3XuGZpgBqRpISrsy3l2bdKHb_977LzXSupRx7WkeJ1FnNajD7xaJH6luQO5Ub01zq8s8Rb0peqddX5uk52V3_w4K9fKtMQC4BB4hYMTM4gmsRU4wUMgnDISWogmZAVDIsRF3JJMRxHpjWb0_1HM3sw:1uICEA:zS6MkRGLuGaj9gZ8nVB7nlKpSRFlFmQcdGQRNreN2TY	2025-05-22 20:14:18.090024+00
z27smzzqbk8kf126fzd63gn4iv6vg8du	.eJxVjEEOwiAQRe_C2hDqgAMu3XuGZpgBqRpISrsy3l2bdKHb_977LzXSupRx7WkeJ1FnNajD7xaJH6luQO5Ub01zq8s8Rb0peqddX5uk52V3_w4K9fKtMQC4BB4hYMTM4gmsRU4wUMgnDISWogmZAVDIsRF3JJMRxHpjWb0_1HM3sw:1uIWqe:pEEWbUmWCsIWm2Mz6kYu4S60Y1hsHrxX6iYpCuDRFsM	2025-05-23 18:15:24.603335+00
na3sv7i1d1km2b7vn57ruzvb0xcsazqs	.eJxVjEEOwiAQRe_C2hDqgAMu3XuGZpgBqRpISrsy3l2bdKHb_977LzXSupRx7WkeJ1FnNajD7xaJH6luQO5Ub01zq8s8Rb0peqddX5uk52V3_w4K9fKtMQC4BB4hYMTM4gmsRU4wUMgnDISWogmZAVDIsRF3JJMRxHpjWb0_1HM3sw:1uILVs:wUHUd6QkATiOk4QVY5ddw_0Nn8R-fmKM-jSdjwCS1oM	2025-05-23 06:09:12.545749+00
1lyzuns2upd7pmxafqstk4m7o3truh6w	.eJxVjEEOwiAQRe_C2hDqgAMu3XuGZpgBqRpISrsy3l2bdKHb_977LzXSupRx7WkeJ1FnNajD7xaJH6luQO5Ub01zq8s8Rb0peqddX5uk52V3_w4K9fKtMQC4BB4hYMTM4gmsRU4wUMgnDISWogmZAVDIsRF3JJMRxHpjWb0_1HM3sw:1uITpj:SSxDOFh0M4xRYAPZXbyxkGP65L1ufpEhUEHhh1HOjNg	2025-05-23 15:02:15.732434+00
8gm7055tz9mu71ibv6gn4s2sb0f79gzi	.eJxVjbEOgkAQRP9la3JZ3MPlKO39BrK3dwhqQOEoDOHfFUNDM8W8l5kFVMYE1QKnLd6z9KlLH6jyDF5jpxEqYIeIBhHWNYNa5tTW8xTHugs_mMOh86KP2G8g3KW_DUaHPo2dN5tidjqZ6xDi87K7h4FWpvb_SVREKpkce240lELWskbKxTVndsJWPLpGiThIoRiKk2DDFGyJVmH9AlxIRWQ:1uI5qW:IC9lEC69YYazWjon_l9EVN8rwZL28eaWBY-0ofo5hvo	2025-05-22 13:25:28.13388+00
ta11512chupckk1msr1b6uziwyxa7327	.eJxVjEEOwiAQRe_C2hDqgAMu3XuGZpgBqRpISrsy3l2bdKHb_977LzXSupRx7WkeJ1FnNajD7xaJH6luQO5Ub01zq8s8Rb0peqddX5uk52V3_w4K9fKtMQC4BB4hYMTM4gmsRU4wUMgnDISWogmZAVDIsRF3JJMRxHpjWb0_1HM3sw:1uHmjw:DBkJHdupL5N-J0G6VcP0owUxqX0nsvnGSDS1i17qWb4	2025-05-21 17:01:24.863168+00
r2nr0ltpforrb6uzguf8g4szdcjfcdwu	.eJxVjEEOwiAQRe_C2hDqgAMu3XuGZpgBqRpISrsy3l2bdKHb_977LzXSupRx7WkeJ1FnNajD7xaJH6luQO5Ub01zq8s8Rb0peqddX5uk52V3_w4K9fKtMQC4BB4hYMTM4gmsRU4wUMgnDISWogmZAVDIsRF3JJMRxHpjWb0_1HM3sw:1uISca:lqy-7BBX7-M4gDhGa9TATnD2RpNKBmj1LFvx1mKNVl4	2025-05-23 13:44:36.066393+00
i99o1iuedy27miyydmvw4pbmzvyfkn0q	.eJxVjEEOwiAQRe_C2hDqgAMu3XuGZpgBqRpISrsy3l2bdKHb_977LzXSupRx7WkeJ1FnNajD7xaJH6luQO5Ub01zq8s8Rb0peqddX5uk52V3_w4K9fKtMQC4BB4hYMTM4gmsRU4wUMgnDISWogmZAVDIsRF3JJMRxHpjWb0_1HM3sw:1uIUAV:ThXervqqGYVRWBImaPPvBx47tKY89Tl9GRBnvmoiuOA	2025-05-23 15:23:43.948952+00
d4073rnzfxegf0nm9s1yqq22zupj8k7h	.eJyNkUFvgzAMhf9K5TOhCUlIw22repm0wzRpV2ScQLMN6CAcuqr_fbBWk7jtYsl-7_mT7AsQDrEMDgpQNkfS1jCeEzGVI2fIa2JWW6F0bWrMPCS_ASgukC3la8IuhniGQiRwGgJ5KIzlnKc8gQ7buYX9rFPfbiTnYc6HFptlvG29C7g9Db2bKI7bJx-ZUCzjnB10uS8fDm_4_dKnp66BawJijZN_OKnXuNdzu5l3bYT6P-wGmSklTvFYTqMfbjcRsJpVSB--WwT3jl3Tp9R3cQhVuljSuzqmz73zn49372rBEcfjnDZWSu3lzkhrKlOT26FUypCXAm2dG4tGYcVtTVIah5q409n8DCOd2nFFcP0B-jGHdA:1uIYx8:bEr6saVaaivAZIe_-7-2vLdYlQdTWZg9WhwyM6PxKos	2025-05-23 20:30:14.527981+00
tgdlsjpcfwk7ganv5zjooyp8dzcfjkts	.eJxVjEEOwiAQRe_C2hDqgAMu3XuGZpgBqRpISrsy3l2bdKHb_977LzXSupRx7WkeJ1FnNajD7xaJH6luQO5Ub01zq8s8Rb0peqddX5uk52V3_w4K9fKtMQC4BB4hYMTM4gmsRU4wUMgnDISWogmZAVDIsRF3JJMRxHpjWb0_1HM3sw:1uIglC:RXHIVcEryRCo6QMSGtYUCcySOE_-he5YduRjz86fXkE	2025-05-24 04:50:26.695853+00
tdjxzmqhfy170oufo7si0slfh9qtrvt7	.eJxVjEEOwiAQRe_C2hDqgAMu3XuGZpgBqRpISrsy3l2bdKHb_977LzXSupRx7WkeJ1FnNajD7xaJH6luQO5Ub01zq8s8Rb0peqddX5uk52V3_w4K9fKtMQC4BB4hYMTM4gmsRU4wUMgnDISWogmZAVDIsRF3JJMRxHpjWb0_1HM3sw:1uIlaU:aODOIKJfSgjkFwAC7VrP56toaf8uUoakxQ6G7AEAbnc	2025-05-24 09:59:42.890203+00
g8sxs2f3pk9mpz8s45kvhxglqs46f5oh	.eJxVjEEOwiAQRe_C2hDqgAMu3XuGZpgBqRpISrsy3l2bdKHb_977LzXSupRx7WkeJ1FnNajD7xaJH6luQO5Ub01zq8s8Rb0peqddX5uk52V3_w4K9fKtMQC4BB4hYMTM4gmsRU4wUMgnDISWogmZAVDIsRF3JJMRxHpjWb0_1HM3sw:1uIW7n:EDtcqYB2xPmyYB3z2YJMStOrppTuwDj5G6x-MxNWWEs	2025-05-23 17:29:03.908385+00
n99634233hfckax2rsnj2ae34mgv5vtm	.eJwdy0EOgyAUBNCrmL-W8hEF4Qjd9gCGAjU0QSnFhTHevdjNJDOZd4A1uUzBgQb-QiFG3hE2Kk96KxwZmRyIQukkPr3iYoD2D0AfwK74bGYpoeygWQspB-tB8wERb9jCYmKt8Nhjc_elYX3VIZr5Gmn0Lhia8uo2W760Hlg_dRW-0wznef4A_Dssyw:1uIlU0:VGVWnuaoQa_qd-Qn8fEGs5_6ji-X0ehBRJJHLiXuPkg	2025-05-24 09:53:00.276765+00
2ks5gqo2038sd5wkh9el3v8cflhojcmg	.eJxVjrFug0AQRH8l2hrwcnuwHF1iuYmUIk1atNwd9iUBHDiKxPK_BxI3bkbaeTOruYCVKTbBQQ2iypyYilTn5Spd6VNTsqRYmVaVXrESguSvAPUF1CZfiwwxxG-o8wTOU7AeajaImGECg_TrCfuV27F_IMSw9kMvx83e9d4F2Z2n0S02zrtnH9NcpwoxPRTNvnk8vMnP65idhyNcrwk0ssRTs8x--p-bw53Xiv3wwwbcuwzHMbPjEKfQZlsku9E5exmd_3y6Ze8enGQ-rW02RIWnislwy511lZDWbD3lYrqSjbCWFk1nidhJYdEVSrBjcrpCbeH6C1ICaLo:1uIhzc:EVWdTLmzXxcYg2LiUZ8js2omZ7djnwWJ604AsIb_7fM	2025-05-24 06:09:24.382244+00
dwuxmf18jns4f6ogkn4e0u992az2j61r	.eJxVjEEOwiAQRe_C2hDqgAMu3XuGZpgBqRpISrsy3l2bdKHb_977LzXSupRx7WkeJ1FnNajD7xaJH6luQO5Ub01zq8s8Rb0peqddX5uk52V3_w4K9fKtMQC4BB4hYMTM4gmsRU4wUMgnDISWogmZAVDIsRF3JJMRxHpjWb0_1HM3sw:1uIuLH:R70hUmChn1l6nukU9oCEvF-3tnaWigIwdvwrpZXPBZ0	2025-05-24 19:20:35.76249+00
stk37jl0h3wpbqtbgwd1bdi5zuupw0v8	.eJxVjEEOwiAQRe_C2hDqgAMu3XuGZpgBqRpISrsy3l2bdKHb_977LzXSupRx7WkeJ1FnNajD7xaJH6luQO5Ub01zq8s8Rb0peqddX5uk52V3_w4K9fKtMQC4BB4hYMTM4gmsRU4wUMgnDISWogmZAVDIsRF3JJMRxHpjWb0_1HM3sw:1uJ6P4:g-pKCblTQnjIAezVoeI87EnLof_gUAH203UiiXCMAb0	2025-05-25 08:13:18.870599+00
ugj6lmuz7dn8i6lfpx33kajfqstxh3gh	.eJxVjEEOwiAQRe_C2hDqgAMu3XuGZpgBqRpISrsy3l2bdKHb_977LzXSupRx7WkeJ1FnNajD7xaJH6luQO5Ub01zq8s8Rb0peqddX5uk52V3_w4K9fKtMQC4BB4hYMTM4gmsRU4wUMgnDISWogmZAVDIsRF3JJMRxHpjWb0_1HM3sw:1uIuoS:XnfuN_2iE9l_X2w3ZZwiC05qOnkbMuWny2A4_4mToBc	2025-05-24 19:50:44.623046+00
3ci8fp4th4k5prokt7d6s2wgs9erjk3j	.eJxVjEEOwiAQRe_C2hDqgAMu3XuGZpgBqRpISrsy3l2bdKHb_977LzXSupRx7WkeJ1FnNajD7xaJH6luQO5Ub01zq8s8Rb0peqddX5uk52V3_w4K9fKtMQC4BB4hYMTM4gmsRU4wUMgnDISWogmZAVDIsRF3JJMRxHpjWb0_1HM3sw:1uJr3W:d-_dgojV3rUsx_vPpbCkWbskTEbfvE6RzltQVUXEdy4	2025-05-27 10:02:10.676481+00
rbbs9iapf0lu7vehaifugzvuzqfgbx01	.eJxVkMtuhDAMRX-l8pqHIaEmLNt1vwEZJ0BmyqMQFtWIfy9M2czGku8917L9AOEl1N5CBWS0Jip1nKO4WGd5G5dIGLOzBUlWNgVqiJ4BqB6Qn-Vn4zH48AtVFsG8eHFQkUHEBCMYeTha-Dx8mYY3heiPvB-4O-V0cNZzOi-T3SSs6YXVB5bc5g72PYKat9DX2-qW_xUzeNEalrsbT8PeeOymRKYxLL5JTiS53DX5mqz7_rjYlwE9r_3zcqUKp0pShhpqxZasjl-IUxmb9p0Mk-YGTStKkeVC0BY5Y0vK6hK1wP4HgNVmGw:1uIjI0:atXIdLyv4ah4a7H_hiUvQ6g63v9gtNrG8VmBvwjj4TM	2025-05-24 07:32:28.671897+00
srrpqty5ar2o5lj9jegnik62vbg9uwpn	.eJxVjEEOwiAQRe_C2hDqgAMu3XuGZpgBqRpISrsy3l2bdKHb_977LzXSupRx7WkeJ1FnNajD7xaJH6luQO5Ub01zq8s8Rb0peqddX5uk52V3_w4K9fKtMQC4BB4hYMTM4gmsRU4wUMgnDISWogmZAVDIsRF3JJMRxHpjWb0_1HM3sw:1uJ6fW:gVkZzf1MG7e7l8soknH0nKIYeHnUgvDj1kFPaXHEByQ	2025-05-25 08:30:18.164511+00
828b67j2mffslfx5dt9wsbin9ofsfpha	.eJxVjEEOwiAQRe_C2hDqgAMu3XuGZpgBqRpISrsy3l2bdKHb_977LzXSupRx7WkeJ1FnNajD7xaJH6luQO5Ub01zq8s8Rb0peqddX5uk52V3_w4K9fKtMQC4BB4hYMTM4gmsRU4wUMgnDISWogmZAVDIsRF3JJMRxHpjWb0_1HM3sw:1uIWMR:FucZYCs7c6n6MjkzzvYncTk1zM2K8VIJy_AWbR4bEMw	2025-05-23 17:44:11.747223+00
gxwbg0vq62u77pcvzrowyg29ndo61wgx	.eJxVjEEOwiAQRe_C2hDqgAMu3XuGZpgBqRpISrsy3l2bdKHb_977LzXSupRx7WkeJ1FnNajD7xaJH6luQO5Ub01zq8s8Rb0peqddX5uk52V3_w4K9fKtMQC4BB4hYMTM4gmsRU4wUMgnDISWogmZAVDIsRF3JJMRxHpjWb0_1HM3sw:1uItBf:OXEn1oqDrz0hOvgul8Ab3008CvNqMjwzUnwHbhcNbwQ	2025-05-24 18:06:35.11408+00
r0przjb7o069d4vb0n69384bgw3gwxsa	.eJxVjEEOwiAQRe_C2hDqgAMu3XuGZpgBqRpISrsy3l2bdKHb_977LzXSupRx7WkeJ1FnNajD7xaJH6luQO5Ub01zq8s8Rb0peqddX5uk52V3_w4K9fKtMQC4BB4hYMTM4gmsRU4wUMgnDISWogmZAVDIsRF3JJMRxHpjWb0_1HM3sw:1uIhlZ:V5blTOLeb1G2GiJrajQTKJpM3EXxWt9hs3fDv0baROk	2025-05-24 05:54:53.251451+00
5umdgdapjzotzx6kl6zjl6igbejf6rcq	.eJxVjEEOwiAQRe_C2hDqgAMu3XuGZpgBqRpISrsy3l2bdKHb_977LzXSupRx7WkeJ1FnNajD7xaJH6luQO5Ub01zq8s8Rb0peqddX5uk52V3_w4K9fKtMQC4BB4hYMTM4gmsRU4wUMgnDISWogmZAVDIsRF3JJMRxHpjWb0_1HM3sw:1uIvE7:KISd2uyrQcc9GxmPGBBKWcG5ECo91uqGz2qYKIVcDTQ	2025-05-24 20:17:15.940377+00
p0cswdmjriusda2b58liq00nqkiowogr	.eJxVjEEOwiAQRe_C2hDqgAMu3XuGZpgBqRpISrsy3l2bdKHb_977LzXSupRx7WkeJ1FnNajD7xaJH6luQO5Ub01zq8s8Rb0peqddX5uk52V3_w4K9fKtMQC4BB4hYMTM4gmsRU4wUMgnDISWogmZAVDIsRF3JJMRxHpjWb0_1HM3sw:1uIiEX:yWmyr4ke1PLRkSpzng6TNUGAa4g151oTtqSKO0KSFAY	2025-05-24 06:24:49.686857+00
jtklrwoki4jfb7dbtlvhc4ei53ku0027	.eJxVjEEOwiAQRe_C2hDqgAMu3XuGZpgBqRpISrsy3l2bdKHb_977LzXSupRx7WkeJ1FnNajD7xaJH6luQO5Ub01zq8s8Rb0peqddX5uk52V3_w4K9fKtMQC4BB4hYMTM4gmsRU4wUMgnDISWogmZAVDIsRF3JJMRxHpjWb0_1HM3sw:1uKGXJ:L60wAI8eOrD3IDrX7D2hkSfljtcfzIybY3lqimGLF2M	2025-05-28 13:14:37.946805+00
2mkf1vgulf14yfnptdzij5rnl23aytnz	.eJxVjEEOwiAQRe_C2hDqgAMu3XuGZpgBqRpISrsy3l2bdKHb_977LzXSupRx7WkeJ1FnNajD7xaJH6luQO5Ub01zq8s8Rb0peqddX5uk52V3_w4K9fKtMQC4BB4hYMTM4gmsRU4wUMgnDISWogmZAVDIsRF3JJMRxHpjWb0_1HM3sw:1uJrgc:3HutelYPQ1UaiFaILf0pDjutER1q9Js5p5rXZQB8y2k	2025-05-27 10:42:34.12825+00
5kpbdm6q7ut9kbbm0p6h4pos12gqcqc8	.eJxVjEEOwiAQRe_C2hDqgAMu3XuGZpgBqRpISrsy3l2bdKHb_977LzXSupRx7WkeJ1FnNajD7xaJH6luQO5Ub01zq8s8Rb0peqddX5uk52V3_w4K9fKtMQC4BB4hYMTM4gmsRU4wUMgnDISWogmZAVDIsRF3JJMRxHpjWb0_1HM3sw:1uIv5Q:N6nLZntQ6GO5FV19e2mxNvQLLa7FNKkr6K5dHsFKsLE	2025-05-24 20:08:16.705352+00
mfl15ouveqwa8wpmmviw1cuvbena0qnr	.eJxVjEEOwiAQRe_C2hDqgAMu3XuGZpgBqRpISrsy3l2bdKHb_977LzXSupRx7WkeJ1FnNajD7xaJH6luQO5Ub01zq8s8Rb0peqddX5uk52V3_w4K9fKtMQC4BB4hYMTM4gmsRU4wUMgnDISWogmZAVDIsRF3JJMRxHpjWb0_1HM3sw:1uIubF:UNXu1aBNHihC8ildunQ6Hu59P_z92G6tsFsFavHEkQY	2025-05-24 19:37:05.795711+00
cmve8u9513l4ro87yynju2h6r382s0sh	.eJxVjEEOwiAQRe_C2hDqgAMu3XuGZpgBqRpISrsy3l2bdKHb_977LzXSupRx7WkeJ1FnNajD7xaJH6luQO5Ub01zq8s8Rb0peqddX5uk52V3_w4K9fKtMQC4BB4hYMTM4gmsRU4wUMgnDISWogmZAVDIsRF3JJMRxHpjWb0_1HM3sw:1uIWXg:TDqjpuceHIbZawlNpuFzNR3ulaaiLJCfIiBwVk7_2uo	2025-05-23 17:55:48.342114+00
o385mwukm8enqhvzj7eq2ni1ss6d1j10	.eJxVjEEOwiAQRe_C2hDqgAMu3XuGZpgBqRpISrsy3l2bdKHb_977LzXSupRx7WkeJ1FnNajD7xaJH6luQO5Ub01zq8s8Rb0peqddX5uk52V3_w4K9fKtMQC4BB4hYMTM4gmsRU4wUMgnDISWogmZAVDIsRF3JJMRxHpjWb0_1HM3sw:1uIvNb:DHIq40GPPtGhREQjBMVRQ9qP8FtaWtdY008kBAmkf8Y	2025-05-24 20:27:03.453967+00
5m3g8x53igh8fgoj1fjao03w2cdt03x3	.eJxVjEEOwiAQRe_C2hDqgAMu3XuGZpgBqRpISrsy3l2bdKHb_977LzXSupRx7WkeJ1FnNajD7xaJH6luQO5Ub01zq8s8Rb0peqddX5uk52V3_w4K9fKtMQC4BB4hYMTM4gmsRU4wUMgnDISWogmZAVDIsRF3JJMRxHpjWb0_1HM3sw:1uIWhd:f6OORiwhU5bRJH6Eic0ulvsycrDIEccPaQ-QwxuvYUE	2025-05-23 18:06:05.212735+00
u1e7w4t02309ur325eu4jkbk7tnk7x1a	.eJxVjEEOwiAQRe_C2hCGUgou3XsGwsyAVA0kpV0Z765NutDtf-_9lwhxW0vYelrCzOIstDj9bhjpkeoO-B7rrUlqdV1mlLsiD9rltXF6Xg7376DEXr41gWONDDAS8BC9Ms5idgRkXAZLbKzGrAxOg-EMXjujPGOcfEI1Dlm8P-hQN_o:1uIvZd:C1F7j0ggoJXiWGpQFSxlfHeRmEClbaF-zuvCi1zu1Rc	2025-05-24 20:39:29.235789+00
4uf4sw5ci1tuzvar7r817oa480htirvg	.eJxVjksOwjAMRO-SNY0S7NQNS_acoXIch_JRK_Wzqrg7VHQB25k3T7Oalpe5a5dJx_aWzcl4c_jNEstD-63Id-6vg5Whn8dbshti93aylyHr87yzf4KOp-6zpggQFBqCSImK5IYBkUTBcyw1RSbk5GIRAMocxOVwZFcIMjYO5SMVHufvR1JI6P2xCjVxhYpcRS-lQu-CY0WN6vaBOa2v1xt_Tkf7:1uIYhy:VbO-12XC_OyCrx1iThjJpu4quhQi8RPc_Y2_4W-DBHU	2025-05-23 20:14:34.008129+00
xra1gs2rq62fgqpiv1tfcq6g3hu5n780	.eJxVjEEOwiAQRe_C2hDqgAMu3XuGZpgBqRpISrsy3l2bdKHb_977LzXSupRx7WkeJ1FnNajD7xaJH6luQO5Ub01zq8s8Rb0peqddX5uk52V3_w4K9fKtMQC4BB4hYMTM4gmsRU4wUMgnDISWogmZAVDIsRF3JJMRxHpjWb0_1HM3sw:1uIioa:RSc_jzEC5kUENPba-gosVGcEmQGx4Rrz0oNqIY1bIKs	2025-05-24 07:02:04.48884+00
of9f5vbqn3qpnth0h3vjz6dltvcvn8bv	.eJxVjEEOwiAQRe_C2hDqgAMu3XuGZpgBqRpISrsy3l2bdKHb_977LzXSupRx7WkeJ1FnNajD7xaJH6luQO5Ub01zq8s8Rb0peqddX5uk52V3_w4K9fKtMQC4BB4hYMTM4gmsRU4wUMgnDISWogmZAVDIsRF3JJMRxHpjWb0_1HM3sw:1uJ7MD:uXBr4telFpq3p2xg6nBnUiC_b9vZfa6yaAA9kR6U4aY	2025-05-25 09:14:25.534187+00
z9g8qhy4x1kgxjr54hmp26tbgsx3ky3q	.eJxVjEEOwiAQRe_C2hDqgAMu3XuGZpgBqRpISrsy3l2bdKHb_977LzXSupRx7WkeJ1FnNajD7xaJH6luQO5Ub01zq8s8Rb0peqddX5uk52V3_w4K9fKtMQC4BB4hYMTM4gmsRU4wUMgnDISWogmZAVDIsRF3JJMRxHpjWb0_1HM3sw:1uOcH3:67G_p6kgpG8XjCivz8xdwfszB5P7ahMQnhQTRpkvhs8	2025-06-09 13:15:49.685217+00
ghtsutwpznasx2bxsn6a9u1pnhhlve35	.eJxVjEEOwiAQRe_C2hDqgAMu3XuGZpgBqRpISrsy3l2bdKHb_977LzXSupRx7WkeJ1FnNajD7xaJH6luQO5Ub01zq8s8Rb0peqddX5uk52V3_w4K9fKtMQC4BB4hYMTM4gmsRU4wUMgnDISWogmZAVDIsRF3JJMRxHpjWb0_1HM3sw:1uOaXo:0K3v8anuw9gQSjf_woMR5xpln38jbKZUo_Q1SVDc9HI	2025-06-09 11:25:00.139602+00
8o6obnxp4aaan7md8olniodzlorn4v2t	.eJxVjEEOwiAQRe_C2hDqgAMu3XuGZpgBqRpISrsy3l2bdKHb_977LzXSupRx7WkeJ1FnNajD7xaJH6luQO5Ub01zq8s8Rb0peqddX5uk52V3_w4K9fKtMQC4BB4hYMTM4gmsRU4wUMgnDISWogmZAVDIsRF3JJMRxHpjWb0_1HM3sw:1uPKz6:MO1UA_WlM7OSrodiWYfxLEZ2Qfyeq9RyYVsTp4Y9-30	2025-06-11 13:00:16.747696+00
hollbr2nlg02sobp1cely0vwkb07njlm	.eJxVjEEOwiAQRe_C2hDqgAMu3XuGZpgBqRpISrsy3l2bdKHb_977LzXSupRx7WkeJ1FnNajD7xaJH6luQO5Ub01zq8s8Rb0peqddX5uk52V3_w4K9fKtMQC4BB4hYMTM4gmsRU4wUMgnDISWogmZAVDIsRF3JJMRxHpjWb0_1HM3sw:1uOusl:I07lgU0vUophnbdkVNNN2zmchY-kLn4EAYseDWgB5dI	2025-06-10 09:07:59.480867+00
deezymdsnf89eqe3bzrdbfn171j9n5hb	.eJxVjEEOwiAQRe_C2hDqgAMu3XuGZpgBqRpISrsy3l2bdKHb_977LzXSupRx7WkeJ1FnNajD7xaJH6luQO5Ub01zq8s8Rb0peqddX5uk52V3_w4K9fKtMQC4BB4hYMTM4gmsRU4wUMgnDISWogmZAVDIsRF3JJMRxHpjWb0_1HM3sw:1uPHa2:Qwm1x__VuRIAf0uZwlZ0N2pVllIZJft8obIEoWxCx7Y	2025-06-11 09:22:10.584407+00
l2tf1bhqj0ev1vxl9cgkfw3f3g457erc	.eJxVjEEOwiAQRe_C2hDqgAMu3XuGZpgBqRpISrsy3l2bdKHb_977LzXSupRx7WkeJ1FnNajD7xaJH6luQO5Ub01zq8s8Rb0peqddX5uk52V3_w4K9fKtMQC4BB4hYMTM4gmsRU4wUMgnDISWogmZAVDIsRF3JJMRxHpjWb0_1HM3sw:1uPiW8:Qf3LkhARuLIj4Vwd5YKcQpTrCytx1T6F_RwfNg26R2Q	2025-06-12 14:07:56.753812+00
bcs7rppdi44o4k1hmuimyu7x3fenyblo	.eJxVjEEOwiAQRe_C2hDqgAMu3XuGZpgBqRpISrsy3l2bdKHb_977LzXSupRx7WkeJ1FnNajD7xaJH6luQO5Ub01zq8s8Rb0peqddX5uk52V3_w4K9fKtMQC4BB4hYMTM4gmsRU4wUMgnDISWogmZAVDIsRF3JJMRxHpjWb0_1HM3sw:1uRVwh:7YASipZqHu3rY5KWEM-N7eGO32ShyvVctXoFfkZt8tE	2025-06-17 13:06:47.947409+00
lhm52o3afaawsvjxp9c4295f4t0gduju	.eJxVjEEOwiAQRe_C2hDqgAMu3XuGZpgBqRpISrsy3l2bdKHb_977LzXSupRx7WkeJ1FnNajD7xaJH6luQO5Ub01zq8s8Rb0peqddX5uk52V3_w4K9fKtMQC4BB4hYMTM4gmsRU4wUMgnDISWogmZAVDIsRF3JJMRxHpjWb0_1HM3sw:1uPkdq:gjXssOo99HJyiz0np0qQwMy920Gla4t0V8KDUuIrhmk	2025-06-12 16:24:02.16194+00
8v7iuue8vky4edyf1p82pav7vf0au38e	.eJxVjEEOwiAQRe_C2hDqgAMu3XuGZpgBqRpISrsy3l2bdKHb_977LzXSupRx7WkeJ1FnNajD7xaJH6luQO5Ub01zq8s8Rb0peqddX5uk52V3_w4K9fKtMQC4BB4hYMTM4gmsRU4wUMgnDISWogmZAVDIsRF3JJMRxHpjWb0_1HM3sw:1uPlcD:ljwp27aEroQlpjpWFrCWMzPsfWwAN1-QyMO7tXLEXEM	2025-06-12 17:26:25.848593+00
fqdn33ro6fvz7v5jpytkv9zdqzieqgnl	.eJxVjEEOwiAQRe_C2hDqgAMu3XuGZpgBqRpISrsy3l2bdKHb_977LzXSupRx7WkeJ1FnNajD7xaJH6luQO5Ub01zq8s8Rb0peqddX5uk52V3_w4K9fKtMQC4BB4hYMTM4gmsRU4wUMgnDISWogmZAVDIsRF3JJMRxHpjWb0_1HM3sw:1uQ0ta:bx7FqODmzC_ZQ7djmZFYCnd4MK86i85bwn6tUanK2kc	2025-06-13 09:45:22.153674+00
m9gq40uwvrx62dpl11chxd6o7g3r9dl5	.eJxVjEEOwiAQRe_C2hDqgAMu3XuGZpgBqRpISrsy3l2bdKHb_977LzXSupRx7WkeJ1FnNajD7xaJH6luQO5Ub01zq8s8Rb0peqddX5uk52V3_w4K9fKtMQC4BB4hYMTM4gmsRU4wUMgnDISWogmZAVDIsRF3JJMRxHpjWb0_1HM3sw:1uSFkn:898yWD7b4mbVAxuPgEuyOyZdrAWkXAEynA0Wi7GfOTo	2025-06-19 14:01:33.435188+00
rqr150mcc6bfookkvj09ea7stpozxkl2	.eJxVjEEOwiAQRe_C2hDqgAMu3XuGZpgBqRpISrsy3l2bdKHb_977LzXSupRx7WkeJ1FnNajD7xaJH6luQO5Ub01zq8s8Rb0peqddX5uk52V3_w4K9fKtMQC4BB4hYMTM4gmsRU4wUMgnDISWogmZAVDIsRF3JJMRxHpjWb0_1HM3sw:1uRsY7:7_4UFGMii4P-jUheyU49kkY-XIcbyW00p6F6JxoShNQ	2025-06-18 13:14:55.590622+00
oqu6muwxkblkt7e8lzec8x953ftrrm86	.eJxVjEEOwiAQRe_C2hDqgAMu3XuGZpgBqRpISrsy3l2bdKHb_977LzXSupRx7WkeJ1FnNajD7xaJH6luQO5Ub01zq8s8Rb0peqddX5uk52V3_w4K9fKtMQC4BB4hYMTM4gmsRU4wUMgnDISWogmZAVDIsRF3JJMRxHpjWb0_1HM3sw:1uRwSf:w5E8tLwJgeT-dP9DWm996K5Wb2LpIm5DUx9PGOVP5Tg	2025-06-18 17:25:33.067977+00
gos77pwmobf0b81ueqzpp2ujf769u0o8	.eJxVjEEOwiAQRe_C2hDqgAMu3XuGZpgBqRpISrsy3l2bdKHb_977LzXSupRx7WkeJ1FnNajD7xaJH6luQO5Ub01zq8s8Rb0peqddX5uk52V3_w4K9fKtMQC4BB4hYMTM4gmsRU4wUMgnDISWogmZAVDIsRF3JJMRxHpjWb0_1HM3sw:1uRwr2:TM2BehnTJsoJDsMeK4x3K6b8KmT4Yer8BNgTkjgKltI	2025-06-18 17:50:44.053481+00
z6x5ni4o5wjuzk41r5f242c6br1hbbow	.eJxVjEEOwiAQRe_C2hDqgAMu3XuGZpgBqRpISrsy3l2bdKHb_977LzXSupRx7WkeJ1FnNajD7xaJH6luQO5Ub01zq8s8Rb0peqddX5uk52V3_w4K9fKtMQC4BB4hYMTM4gmsRU4wUMgnDISWogmZAVDIsRF3JJMRxHpjWb0_1HM3sw:1uSEe2:7UP-44_KAQ4-hbIurozauPXYN0PcrF_agHpxbU-Mz9o	2025-06-19 12:50:30.467464+00
118914k28lip0y7taeqdzqaxgbp82o34	.eJxVjEEOwiAQRe_C2hDqgAMu3XuGZpgBqRpISrsy3l2bdKHb_977LzXSupRx7WkeJ1FnNajD7xaJH6luQO5Ub01zq8s8Rb0peqddX5uk52V3_w4K9fKtMQC4BB4hYMTM4gmsRU4wUMgnDISWogmZAVDIsRF3JJMRxHpjWb0_1HM3sw:1uThSP:PPOoK9MkwL-wuYxXtzlPcoYm7TJJaHp-FriVUcrGShw	2025-06-23 13:48:33.992554+00
c2w7bq41uza3ib7bjwtryzr0uf7q02jd	.eJxVjEEOwiAQRe_C2hDqgAMu3XuGZpgBqRpISrsy3l2bdKHb_977LzXSupRx7WkeJ1FnNajD7xaJH6luQO5Ub01zq8s8Rb0peqddX5uk52V3_w4K9fKtMQC4BB4hYMTM4gmsRU4wUMgnDISWogmZAVDIsRF3JJMRxHpjWb0_1HM3sw:1uUKpu:aTS7RftdoTtueXi1_sT7kEVgIKNc1zMi9dhme1qyUXI	2025-06-25 07:51:26.737749+00
ijg855f1ykgid1daxti2gpewhtw5uii4	.eJxVjEEOwiAQRe_C2hDqgAMu3XuGZpgBqRpISrsy3l2bdKHb_977LzXSupRx7WkeJ1FnNajD7xaJH6luQO5Ub01zq8s8Rb0peqddX5uk52V3_w4K9fKtMQC4BB4hYMTM4gmsRU4wUMgnDISWogmZAVDIsRF3JJMRxHpjWb0_1HM3sw:1uX4RD:5y8DO1xKaFRDJMXnsw5s7bhUFNOKiOt9wKncVkXQi2U	2025-07-02 20:57:15.302306+00
xpao3yob7rv09iy3by7hbgvivgnt6cc7	.eJxVjEEOwiAQRe_C2hDqgAMu3XuGZpgBqRpISrsy3l2bdKHb_977LzXSupRx7WkeJ1FnNajD7xaJH6luQO5Ub01zq8s8Rb0peqddX5uk52V3_w4K9fKtMQC4BB4hYMTM4gmsRU4wUMgnDISWogmZAVDIsRF3JJMRxHpjWb0_1HM3sw:1uUqHe:BVrUF8DeX4Q51Svq7PAXmYFhgvqJIY6ltpToeIRI3z0	2025-06-26 17:26:10.988404+00
nibrwykmduljvmm1l4ttrrwxd4pjrrj4	.eJxVjEEOwiAQRe_C2hDqgAMu3XuGZpgBqRpISrsy3l2bdKHb_977LzXSupRx7WkeJ1FnNajD7xaJH6luQO5Ub01zq8s8Rb0peqddX5uk52V3_w4K9fKtMQC4BB4hYMTM4gmsRU4wUMgnDISWogmZAVDIsRF3JJMRxHpjWb0_1HM3sw:1uUqS8:m_8LZexTN00x3Ewt43PRF4V0AzQAz7RNwpod2a1WtSs	2025-06-26 17:37:00.301872+00
obtv5zae3kd1stl9b8lqs0nm4z9nf0o1	.eJxVjEEOwiAQRe_C2hDqgAMu3XuGZpgBqRpISrsy3l2bdKHb_977LzXSupRx7WkeJ1FnNajD7xaJH6luQO5Ub01zq8s8Rb0peqddX5uk52V3_w4K9fKtMQC4BB4hYMTM4gmsRU4wUMgnDISWogmZAVDIsRF3JJMRxHpjWb0_1HM3sw:1uUonD:WrxwJxdjkVJ2fYv7yMgy2Wosp7OdGBx2Ak1keElAOYs	2025-06-26 15:50:39.836293+00
mtxmuzc6lphf2qrtwq3kkbo6ccwsnma8	.eJxVjEEOwiAQRe_C2hDqgAMu3XuGZpgBqRpISrsy3l2bdKHb_977LzXSupRx7WkeJ1FnNajD7xaJH6luQO5Ub01zq8s8Rb0peqddX5uk52V3_w4K9fKtMQC4BB4hYMTM4gmsRU4wUMgnDISWogmZAVDIsRF3JJMRxHpjWb0_1HM3sw:1uUpIj:6jmcBuhO5ckZVsQf3jep7DLOviB4oXRhlV_XMIQRXzs	2025-06-26 16:23:13.645972+00
jt0j7d82a558uio79dfveojg9rullzlf	.eJxVjEEOwiAQRe_C2hDqgAMu3XuGZpgBqRpISrsy3l2bdKHb_977LzXSupRx7WkeJ1FnNajD7xaJH6luQO5Ub01zq8s8Rb0peqddX5uk52V3_w4K9fKtMQC4BB4hYMTM4gmsRU4wUMgnDISWogmZAVDIsRF3JJMRxHpjWb0_1HM3sw:1uUpQ1:XiNuE2D8Jh0nRkq3PHw7GqbpgfCqb5adT0M4K7AjIS8	2025-06-26 16:30:45.461934+00
nxaulrfh2bsa8ewri1el4qabjy69x5we	.eJxVjEEOwiAQRe_C2hDqgAMu3XuGZpgBqRpISrsy3l2bdKHb_977LzXSupRx7WkeJ1FnNajD7xaJH6luQO5Ub01zq8s8Rb0peqddX5uk52V3_w4K9fKtMQC4BB4hYMTM4gmsRU4wUMgnDISWogmZAVDIsRF3JJMRxHpjWb0_1HM3sw:1uUqis:jzfkT8Tqd7flA7KiHokdfFA4209uEWfwuk_iC4lrL64	2025-06-26 17:54:18.272758+00
sxtatzvifjabxtkfim4tfjz3ejzc1ucz	.eJxVjEEOwiAQRe_C2hDqgAMu3XuGZpgBqRpISrsy3l2bdKHb_977LzXSupRx7WkeJ1FnNajD7xaJH6luQO5Ub01zq8s8Rb0peqddX5uk52V3_w4K9fKtMQC4BB4hYMTM4gmsRU4wUMgnDISWogmZAVDIsRF3JJMRxHpjWb0_1HM3sw:1uUpZx:SCOtq7rGrQ58s_UmAudUfUirN8Q4BT8xTsDvFQRpSUc	2025-06-26 16:41:01.611268+00
dc05mp21qcruotqm74iq0j33rayi3poq	.eJxVjEEOwiAQRe_C2hDqgAMu3XuGZpgBqRpISrsy3l2bdKHb_977LzXSupRx7WkeJ1FnNajD7xaJH6luQO5Ub01zq8s8Rb0peqddX5uk52V3_w4K9fKtMQC4BB4hYMTM4gmsRU4wUMgnDISWogmZAVDIsRF3JJMRxHpjWb0_1HM3sw:1uUphd:uOX72yDqwAm2XJ3bY6dVLKItECqrMsYZVwudIZBSimg	2025-06-26 16:48:57.840502+00
t4kwufg07qkvtfdysst71uarwbgrf1za	.eJxVjEEOwiAQRe_C2hDqgAMu3XuGZpgBqRpISrsy3l2bdKHb_977LzXSupRx7WkeJ1FnNajD7xaJH6luQO5Ub01zq8s8Rb0peqddX5uk52V3_w4K9fKtMQC4BB4hYMTM4gmsRU4wUMgnDISWogmZAVDIsRF3JJMRxHpjWb0_1HM3sw:1uX3iw:UuPLyK32rTY_8vAxD7ZBZ7QMy2xcjOMGym17Y5lOKAA	2025-07-02 20:11:30.847779+00
nhulfynvj84ky451encwnqkmrpazz8jk	.eJxVjEEOwiAQRe_C2hDqgAMu3XuGZpgBqRpISrsy3l2bdKHb_977LzXSupRx7WkeJ1FnNajD7xaJH6luQO5Ub01zq8s8Rb0peqddX5uk52V3_w4K9fKtMQC4BB4hYMTM4gmsRU4wUMgnDISWogmZAVDIsRF3JJMRxHpjWb0_1HM3sw:1uUt3p:409jsKYQc-IWWuPA1jtnqnz89TwoffOjTEoniJLZP_o	2025-06-26 20:24:05.18509+00
fdxkktacus58daavn5h8ilrwchhyri0b	.eJxVjEEOwiAQRe_C2hDqgAMu3XuGZpgBqRpISrsy3l2bdKHb_977LzXSupRx7WkeJ1FnNajD7xaJH6luQO5Ub01zq8s8Rb0peqddX5uk52V3_w4K9fKtMQC4BB4hYMTM4gmsRU4wUMgnDISWogmZAVDIsRF3JJMRxHpjWb0_1HM3sw:1uUqqO:DG1xPYUxJQ1i8y0drQlYmb8ErC9Kb6v4ZS-Limx3SrM	2025-06-26 18:02:04.159677+00
7pl6y10acp1gumh4dux8pukfj3wu1rr4	.eJxVjEEOwiAQRe_C2hDqgAMu3XuGZpgBqRpISrsy3l2bdKHb_977LzXSupRx7WkeJ1FnNajD7xaJH6luQO5Ub01zq8s8Rb0peqddX5uk52V3_w4K9fKtMQC4BB4hYMTM4gmsRU4wUMgnDISWogmZAVDIsRF3JJMRxHpjWb0_1HM3sw:1uXEgQ:4L_RZ-fd_Q9zDkAFNjDQ3KG8y_RHP9RkaXZz6EsCp8Q	2025-07-03 07:53:38.452005+00
slsrz149y2ksgnjmbtfe7t24e5y4e3qw	.eJxVjEEOwiAQRe_C2hDqgAMu3XuGZpgBqRpISrsy3l2bdKHb_977LzXSupRx7WkeJ1FnNajD7xaJH6luQO5Ub01zq8s8Rb0peqddX5uk52V3_w4K9fKtMQC4BB4hYMTM4gmsRU4wUMgnDISWogmZAVDIsRF3JJMRxHpjWb0_1HM3sw:1uXFHV:ylyfBrqUKv1H3bwXMD-0GdEfyaeyw4P36MjagI-Nbr8	2025-07-03 08:31:57.661103+00
noq4j5x0niv9f4ajmm6d88k07de2v7ug	.eJxVjEEOwiAQRe_C2hDqgAMu3XuGZpgBqRpISrsy3l2bdKHb_977LzXSupRx7WkeJ1FnNajD7xaJH6luQO5Ub01zq8s8Rb0peqddX5uk52V3_w4K9fKtMQC4BB4hYMTM4gmsRU4wUMgnDISWogmZAVDIsRF3JJMRxHpjWb0_1HM3sw:1uWvJw:cxihJ26mChQ_y2kgmkGCvvQW3Vl0a2Hkxdp-tiCp-U0	2025-07-02 11:13:08.535703+00
vlxi7j8p92561vzwh7xxg5kzjcz9v5sw	.eJxVjEEOwiAQRe_C2hDqgAMu3XuGZpgBqRpISrsy3l2bdKHb_977LzXSupRx7WkeJ1FnNajD7xaJH6luQO5Ub01zq8s8Rb0peqddX5uk52V3_w4K9fKtMQC4BB4hYMTM4gmsRU4wUMgnDISWogmZAVDIsRF3JJMRxHpjWb0_1HM3sw:1uX4ar:GE-ItwD0VcxES9tSH583NfCsEFVNrf7PxluYh-aobkY	2025-07-02 21:07:13.850068+00
yxlypnkkj4zgo2249qo07fbmdz5mwwlv	.eJxVjEEOwiAQRe_C2hDqgAMu3XuGZpgBqRpISrsy3l2bdKHb_977LzXSupRx7WkeJ1FnNajD7xaJH6luQO5Ub01zq8s8Rb0peqddX5uk52V3_w4K9fKtMQC4BB4hYMTM4gmsRU4wUMgnDISWogmZAVDIsRF3JJMRxHpjWb0_1HM3sw:1uV2QN:liaoA68XCxYjcx3FO-rdsVWEpv9sSLRFlmqomKej_7I	2025-06-27 06:23:59.777139+00
8q4rq6ngwa298ya8ctckhyws7mjyywmh	.eJxVjEEOwiAQRe_C2hDqgAMu3XuGZpgBqRpISrsy3l2bdKHb_977LzXSupRx7WkeJ1FnNajD7xaJH6luQO5Ub01zq8s8Rb0peqddX5uk52V3_w4K9fKtMQC4BB4hYMTM4gmsRU4wUMgnDISWogmZAVDIsRF3JJMRxHpjWb0_1HM3sw:1uUtCI:TSoQVR_rkb4vEOxIJAvg5q77o1j7s455wUgEnnsoDUI	2025-06-26 20:32:50.652537+00
ru9n1ycg57f2h14h4p2j6vuuweirjmnh	.eJxVjEEOwiAQRe_C2hDqgAMu3XuGZpgBqRpISrsy3l2bdKHb_977LzXSupRx7WkeJ1FnNajD7xaJH6luQO5Ub01zq8s8Rb0peqddX5uk52V3_w4K9fKtMQC4BB4hYMTM4gmsRU4wUMgnDISWogmZAVDIsRF3JJMRxHpjWb0_1HM3sw:1uX0Ut:VRboAmWIjMBLQAM0eWFX8hbsL8y1kapIOXiG7IMtU3Q	2025-07-02 16:44:47.602868+00
hn9l7pcdvz7u9iog4ndme6sxxzov93z3	.eJxVjEEOwiAQRe_C2hDqgAMu3XuGZpgBqRpISrsy3l2bdKHb_977LzXSupRx7WkeJ1FnNajD7xaJH6luQO5Ub01zq8s8Rb0peqddX5uk52V3_w4K9fKtMQC4BB4hYMTM4gmsRU4wUMgnDISWogmZAVDIsRF3JJMRxHpjWb0_1HM3sw:1uUsOU:W87G41LTuU229BNOs1GQ73gRar05VWCuSHgnfak6gg0	2025-06-26 19:41:22.593342+00
d7e7w26c6mprorjhbifde73iniiq3htv	.eJxVjEEOwiAQRe_C2hDqgAMu3XuGZpgBqRpISrsy3l2bdKHb_977LzXSupRx7WkeJ1FnNajD7xaJH6luQO5Ub01zq8s8Rb0peqddX5uk52V3_w4K9fKtMQC4BB4hYMTM4gmsRU4wUMgnDISWogmZAVDIsRF3JJMRxHpjWb0_1HM3sw:1uWxby:2CFw8stTGxCuSXs1tJTorSmLXp9AmKUti6W9jFy1Cm0	2025-07-02 13:39:54.872854+00
qs61gsro9ulnnly8eird9kf3nri3o4kx	.eJxVjEEOwiAQRe_C2hDqgAMu3XuGZpgBqRpISrsy3l2bdKHb_977LzXSupRx7WkeJ1FnNajD7xaJH6luQO5Ub01zq8s8Rb0peqddX5uk52V3_w4K9fKtMQC4BB4hYMTM4gmsRU4wUMgnDISWogmZAVDIsRF3JJMRxHpjWb0_1HM3sw:1uXCaT:EGg-Gz2aaoPTbEsSUxfAifHE3WxklVQl_cNDdnFrB5Y	2025-07-03 05:39:21.658771+00
83muyqehm24j6oxcp760oo1q7g1takjd	.eJxVjEEOwiAQRe_C2hDqgAMu3XuGZpgBqRpISrsy3l2bdKHb_977LzXSupRx7WkeJ1FnNajD7xaJH6luQO5Ub01zq8s8Rb0peqddX5uk52V3_w4K9fKtMQC4BB4hYMTM4gmsRU4wUMgnDISWogmZAVDIsRF3JJMRxHpjWb0_1HM3sw:1uV2ak:RUbHxmp8IUF7dbmmbbkY-HxhjrbmvIBYVA-4k2tYD6w	2025-06-27 06:34:42.761997+00
gsksm7dtbkt7jj4wk9aelfzlwqpb883m	.eJxVjEEOwiAQRe_C2hDqgAMu3XuGZpgBqRpISrsy3l2bdKHb_977LzXSupRx7WkeJ1FnNajD7xaJH6luQO5Ub01zq8s8Rb0peqddX5uk52V3_w4K9fKtMQC4BB4hYMTM4gmsRU4wUMgnDISWogmZAVDIsRF3JJMRxHpjWb0_1HM3sw:1uXDis:DpTL5FMTul99sdtYCLNSps4MW2arx7F-kfDXpznRCak	2025-07-03 06:52:06.387428+00
xlj9eo2tod7ghjbc46ivd4p64mnonv2q	.eJxVjEEOwiAQRe_C2hDqgAMu3XuGZpgBqRpISrsy3l2bdKHb_977LzXSupRx7WkeJ1FnNajD7xaJH6luQO5Ub01zq8s8Rb0peqddX5uk52V3_w4K9fKtMQC4BB4hYMTM4gmsRU4wUMgnDISWogmZAVDIsRF3JJMRxHpjWb0_1HM3sw:1uUrtX:tj9LqXQKcRO717kVRoIpwmYAIBT5idTAtQ73DFd2Lgc	2025-06-26 19:09:23.348073+00
enq8hr7gb6kmv3ci1xv3ru9rpzczvgbd	.eJxVjEEOwiAQRe_C2hDqgAMu3XuGZpgBqRpISrsy3l2bdKHb_977LzXSupRx7WkeJ1FnNajD7xaJH6luQO5Ub01zq8s8Rb0peqddX5uk52V3_w4K9fKtMQC4BB4hYMTM4gmsRU4wUMgnDISWogmZAVDIsRF3JJMRxHpjWb0_1HM3sw:1uV3zw:DW_knkRZufFhRJSfZAwxItfGq0S-gnlCRS4Y1fgc3V8	2025-06-27 08:04:48.406795+00
132savp8xmcbk3ao9mn9f3ksmxnkjp8j	.eJxVjEEOwiAQRe_C2hDqgAMu3XuGZpgBqRpISrsy3l2bdKHb_977LzXSupRx7WkeJ1FnNajD7xaJH6luQO5Ub01zq8s8Rb0peqddX5uk52V3_w4K9fKtMQC4BB4hYMTM4gmsRU4wUMgnDISWogmZAVDIsRF3JJMRxHpjWb0_1HM3sw:1uV0zG:94hI7Uo_Up4SZK5_54F8ID-G2q59p85KNfJfSJI7j8s	2025-06-27 04:51:54.882463+00
s6195sb8e49urpr8v6miw5qf2yh9m9mp	.eJxVjEEOwiAQRe_C2hDqgAMu3XuGZpgBqRpISrsy3l2bdKHb_977LzXSupRx7WkeJ1FnNajD7xaJH6luQO5Ub01zq8s8Rb0peqddX5uk52V3_w4K9fKtMQC4BB4hYMTM4gmsRU4wUMgnDISWogmZAVDIsRF3JJMRxHpjWb0_1HM3sw:1uV16M:De-8t6KZAAimE2Y55QpcqY5UcK2LiF-gRlMAt3ldmIw	2025-06-27 04:59:14.479969+00
gyeqj254ssx44g27oqjvkwj9gml1iieh	.eJxVjEEOwiAQRe_C2hDqgAMu3XuGZpgBqRpISrsy3l2bdKHb_977LzXSupRx7WkeJ1FnNajD7xaJH6luQO5Ub01zq8s8Rb0peqddX5uk52V3_w4K9fKtMQC4BB4hYMTM4gmsRU4wUMgnDISWogmZAVDIsRF3JJMRxHpjWb0_1HM3sw:1uX1OR:NWlmpwMU8fvqfzx67kqtCLxJxH2fepShO82Pty0FH-M	2025-07-02 17:42:11.434256+00
9u107erpxj8v4sug93x5whc427jtvg9e	.eJxVjEEOwiAQRe_C2hDqgAMu3XuGZpgBqRpISrsy3l2bdKHb_977LzXSupRx7WkeJ1FnNajD7xaJH6luQO5Ub01zq8s8Rb0peqddX5uk52V3_w4K9fKtMQC4BB4hYMTM4gmsRU4wUMgnDISWogmZAVDIsRF3JJMRxHpjWb0_1HM3sw:1uV1Jy:A7WlO8wHoXcAPf_1nA0EyP4jFIREIALkKwBBMLp-91U	2025-06-27 05:13:18.154259+00
hh3n6r6kavb9yra1f4xxkcelxiyf2hpt	.eJxVjEEOwiAQRe_C2hDqgAMu3XuGZpgBqRpISrsy3l2bdKHb_977LzXSupRx7WkeJ1FnNajD7xaJH6luQO5Ub01zq8s8Rb0peqddX5uk52V3_w4K9fKtMQC4BB4hYMTM4gmsRU4wUMgnDISWogmZAVDIsRF3JJMRxHpjWb0_1HM3sw:1uUsZs:dNVevOisRHWqNQoYiCEvzjEa27rZz4TJJvpYWVt_xl4	2025-06-26 19:53:08.602034+00
t6jj972epi24mnuymbcjmspg4r6h2mtm	.eJxVjEEOwiAQRe_C2hDqgAMu3XuGZpgBqRpISrsy3l2bdKHb_977LzXSupRx7WkeJ1FnNajD7xaJH6luQO5Ub01zq8s8Rb0peqddX5uk52V3_w4K9fKtMQC4BB4hYMTM4gmsRU4wUMgnDISWogmZAVDIsRF3JJMRxHpjWb0_1HM3sw:1uUsvW:Ug0Zq0G8umYF3xBEDtKlXMqEuMbayvJClYgmPoCdhDM	2025-06-26 20:15:30.666406+00
tckdg9hytcs57074y866dqwq5hll42br	.eJxVjEEOwiAQRe_C2hDqgAMu3XuGZpgBqRpISrsy3l2bdKHb_977LzXSupRx7WkeJ1FnNajD7xaJH6luQO5Ub01zq8s8Rb0peqddX5uk52V3_w4K9fKtMQC4BB4hYMTM4gmsRU4wUMgnDISWogmZAVDIsRF3JJMRxHpjWb0_1HM3sw:1uX2pW:KCrd1YONmAN4yhDqa79e9IBO-nRs2cjFcbkMNN2fyR4	2025-07-02 19:14:14.0774+00
46ezf2qgciqj8hbfdhwvpqrqxmrfdt4f	.eJxVjEEOwiAQRe_C2hDqgAMu3XuGZpgBqRpISrsy3l2bdKHb_977LzXSupRx7WkeJ1FnNajD7xaJH6luQO5Ub01zq8s8Rb0peqddX5uk52V3_w4K9fKtMQC4BB4hYMTM4gmsRU4wUMgnDISWogmZAVDIsRF3JJMRxHpjWb0_1HM3sw:1uX3qA:Ij5dZtgZrtW0ouC1iJjfrIAsgLs8b-nbMZQO0bQx6l0	2025-07-02 20:18:58.86549+00
t4yh6v2ssd6xzahxapn6lfyiib6yzecy	.eJxVjEEOwiAQRe_C2hDqgAMu3XuGZpgBqRpISrsy3l2bdKHb_977LzXSupRx7WkeJ1FnNajD7xaJH6luQO5Ub01zq8s8Rb0peqddX5uk52V3_w4K9fKtMQC4BB4hYMTM4gmsRU4wUMgnDISWogmZAVDIsRF3JJMRxHpjWb0_1HM3sw:1uXCFP:wx8BwN2Zbj57CVtJcSoRj2vmZDGvSfCgZ5vzBxcTiL4	2025-07-03 05:17:35.166797+00
ddyxdzfxabfkkzyrtple50i9dk8b6wt7	.eJxVjEEOwiAQRe_C2hDqgAMu3XuGZpgBqRpISrsy3l2bdKHb_977LzXSupRx7WkeJ1FnNajD7xaJH6luQO5Ub01zq8s8Rb0peqddX5uk52V3_w4K9fKtMQC4BB4hYMTM4gmsRU4wUMgnDISWogmZAVDIsRF3JJMRxHpjWb0_1HM3sw:1uX0zE:bngw1vh4DBpkkfPjPsit0TvG4GIjbJRA_N2LuytjHm4	2025-07-02 17:16:08.894114+00
ylszewer2ztd3o40szb2foulx6eam56y	.eJxVjEEOwiAQRe_C2hDqgAMu3XuGZpgBqRpISrsy3l2bdKHb_977LzXSupRx7WkeJ1FnNajD7xaJH6luQO5Ub01zq8s8Rb0peqddX5uk52V3_w4K9fKtMQC4BB4hYMTM4gmsRU4wUMgnDISWogmZAVDIsRF3JJMRxHpjWb0_1HM3sw:1uWxpk:IoRBN0KAFwfHwvILm_A_EH1j6W7vyxissDjTRZTopm4	2025-07-02 13:54:08.474011+00
lxg28k30vvosntkzth8u59wf8g5j2anz	.eJxVjEEOwiAQRe_C2hDqgAMu3XuGZpgBqRpISrsy3l2bdKHb_977LzXSupRx7WkeJ1FnNajD7xaJH6luQO5Ub01zq8s8Rb0peqddX5uk52V3_w4K9fKtMQC4BB4hYMTM4gmsRU4wUMgnDISWogmZAVDIsRF3JJMRxHpjWb0_1HM3sw:1uXEyk:ghkXMxDR6lWFU-Ny4QTHKWPxsmy0IF2ecw4w37jask8	2025-07-03 08:12:34.179395+00
mrzv5lywtopnsku7442i6oqnezrcdfj7	.eJxVjEEOwiAQRe_C2hDqgAMu3XuGZpgBqRpISrsy3l2bdKHb_977LzXSupRx7WkeJ1FnNajD7xaJH6luQO5Ub01zq8s8Rb0peqddX5uk52V3_w4K9fKtMQC4BB4hYMTM4gmsRU4wUMgnDISWogmZAVDIsRF3JJMRxHpjWb0_1HM3sw:1uV3kv:HrY8Y-ZNumzPZOG2AuOaS38uWaXRaRUYSLJPPt_qo_E	2025-06-27 07:49:17.282973+00
0u8gz8fcbtrd5h9lj2lp1c1hs838w0hc	.eJxVjEEOwiAQRe_C2hDqgAMu3XuGZpgBqRpISrsy3l2bdKHb_977LzXSupRx7WkeJ1FnNajD7xaJH6luQO5Ub01zq8s8Rb0peqddX5uk52V3_w4K9fKtMQC4BB4hYMTM4gmsRU4wUMgnDISWogmZAVDIsRF3JJMRxHpjWb0_1HM3sw:1uX1kA:WLZqO9lz8jSXmKQYQAwSo414jvAD70UDz36AG6JJjLc	2025-07-02 18:04:38.791262+00
nfu11nipokbtqnvp27ojylard5n2d0n7	.eJxVjEEOwiAQRe_C2hDqgAMu3XuGZpgBqRpISrsy3l2bdKHb_977LzXSupRx7WkeJ1FnNajD7xaJH6luQO5Ub01zq8s8Rb0peqddX5uk52V3_w4K9fKtMQC4BB4hYMTM4gmsRU4wUMgnDISWogmZAVDIsRF3JJMRxHpjWb0_1HM3sw:1uX2rQ:rRN-tuRBR5iH385rxWkgVtWWKTtnaXAPzb6PW5QgT8I	2025-07-02 19:16:12.092885+00
xx31ko6vkf5k77i8ngkh7i6ga9le7sd6	.eJxVjEEOwiAQRe_C2hDqgAMu3XuGZpgBqRpISrsy3l2bdKHb_977LzXSupRx7WkeJ1FnNajD7xaJH6luQO5Ub01zq8s8Rb0peqddX5uk52V3_w4K9fKtMQC4BB4hYMTM4gmsRU4wUMgnDISWogmZAVDIsRF3JJMRxHpjWb0_1HM3sw:1uXF7b:FEhv83fVZpJvhFOSQwEmOZAme5ArW2IXBoyjH3kbhgs	2025-07-03 08:21:43.961964+00
4lhvz0grfvnqw0ogymmj9meo3l4gtqnn	.eJxVjEEOwiAQRe_C2hDqgAMu3XuGZpgBqRpISrsy3l2bdKHb_977LzXSupRx7WkeJ1FnNajD7xaJH6luQO5Ub01zq8s8Rb0peqddX5uk52V3_w4K9fKtMQC4BB4hYMTM4gmsRU4wUMgnDISWogmZAVDIsRF3JJMRxHpjWb0_1HM3sw:1uX42S:jhsQMIUN-GEehxMsEZ6UF-QoAm-h-VS2ys5Sepcdrbs	2025-07-02 20:31:40.208428+00
zxcf2xhxxczqo0lnil1dewr7t5siz1lk	.eJxVjEEOwiAQRe_C2hDqgAMu3XuGZpgBqRpISrsy3l2bdKHb_977LzXSupRx7WkeJ1FnNajD7xaJH6luQO5Ub01zq8s8Rb0peqddX5uk52V3_w4K9fKtMQC4BB4hYMTM4gmsRU4wUMgnDISWogmZAVDIsRF3JJMRxHpjWb0_1HM3sw:1uWzB9:5IBLVNUaizhKGY_KTgZ4x_cv0h3fkz0u106uVHTopzA	2025-07-02 15:20:19.409321+00
x5jsi5uq8tomuu979ilbvaav3hbijpd7	.eJxVjEEOwiAQRe_C2hDqgAMu3XuGZpgBqRpISrsy3l2bdKHb_977LzXSupRx7WkeJ1FnNajD7xaJH6luQO5Ub01zq8s8Rb0peqddX5uk52V3_w4K9fKtMQC4BB4hYMTM4gmsRU4wUMgnDISWogmZAVDIsRF3JJMRxHpjWb0_1HM3sw:1uV473:LpMTqRiEXu1PIyW-W_iCR8EaMDUnc211VP0DNAPl4LQ	2025-06-27 08:12:09.903226+00
rrolmv06y1nnufm31c01ltc9cezzvhba	.eJxVjEEOwiAQRe_C2hDqgAMu3XuGZpgBqRpISrsy3l2bdKHb_977LzXSupRx7WkeJ1FnNajD7xaJH6luQO5Ub01zq8s8Rb0peqddX5uk52V3_w4K9fKtMQC4BB4hYMTM4gmsRU4wUMgnDISWogmZAVDIsRF3JJMRxHpjWb0_1HM3sw:1uXD1e:irCL9vc50JU4OtLQ7E1PDpJYmssO8dm_yEfIAYyoOmc	2025-07-03 06:07:26.787877+00
awqbpm7okv2lyeq88qx5wwiwmzpuie7v	.eJxVjEEOwiAQRe_C2hDqgAMu3XuGZpgBqRpISrsy3l2bdKHb_977LzXSupRx7WkeJ1FnNajD7xaJH6luQO5Ub01zq8s8Rb0peqddX5uk52V3_w4K9fKtMQC4BB4hYMTM4gmsRU4wUMgnDISWogmZAVDIsRF3JJMRxHpjWb0_1HM3sw:1uXGPZ:vEDEbSp8PQiCX46mKbX0eAhl5NEq2uIvVjv-Dp3lAm0	2025-07-03 09:44:21.436223+00
udtfhh6ou6aeemnsiitvjnldx33x3oxc	.eJxVjEEOwiAQRe_C2hDqgAMu3XuGZpgBqRpISrsy3l2bdKHb_977LzXSupRx7WkeJ1FnNajD7xaJH6luQO5Ub01zq8s8Rb0peqddX5uk52V3_w4K9fKtMQC4BB4hYMTM4gmsRU4wUMgnDISWogmZAVDIsRF3JJMRxHpjWb0_1HM3sw:1uXEAB:Zgo3SDU1vdc00fWVHhsqv5TvmpdspOEKkl2URmhFhv8	2025-07-03 07:20:19.610335+00
jq6bdsbhdrkyuwjbm7vqf94brqcyzg52	.eJxVjEEOwiAQRe_C2hDqgAMu3XuGZpgBqRpISrsy3l2bdKHb_977LzXSupRx7WkeJ1FnNajD7xaJH6luQO5Ub01zq8s8Rb0peqddX5uk52V3_w4K9fKtMQC4BB4hYMTM4gmsRU4wUMgnDISWogmZAVDIsRF3JJMRxHpjWb0_1HM3sw:1uX2DF:nH9I-Bh7QnlpreByiWf_5DwxfXqGW_ZRBahZgIcLIGI	2025-07-02 18:34:41.879328+00
4cw0ij32i7lxb6e0pu3gqcds1r1dbk3s	.eJxVjEEOwiAQRe_C2hDqgAMu3XuGZpgBqRpISrsy3l2bdKHb_977LzXSupRx7WkeJ1FnNajD7xaJH6luQO5Ub01zq8s8Rb0peqddX5uk52V3_w4K9fKtMQC4BB4hYMTM4gmsRU4wUMgnDISWogmZAVDIsRF3JJMRxHpjWb0_1HM3sw:1uX4Jh:niMt2-LHQHN709doQdzMnzt182_N8IE7DB4f_ZMnuXI	2025-07-02 20:49:29.969551+00
h19tuzvi7qf5z2kl6fn6vurr1zekwezk	.eJxVjEEOwiAQRe_C2hDqgAMu3XuGZpgBqRpISrsy3l2bdKHb_977LzXSupRx7WkeJ1FnNajD7xaJH6luQO5Ub01zq8s8Rb0peqddX5uk52V3_w4K9fKtMQC4BB4hYMTM4gmsRU4wUMgnDISWogmZAVDIsRF3JJMRxHpjWb0_1HM3sw:1uXF9t:k-_KPoEHooCZrlNIbCCD3Om0uT8TkDI-cDjOjGSKFVM	2025-07-03 08:24:05.780686+00
u3cd7xp07ghfj9u7bmhx5gizoz37kf9o	.eJxVjEEOwiAQRe_C2hDqgAMu3XuGZpgBqRpISrsy3l2bdKHb_977LzXSupRx7WkeJ1FnNajD7xaJH6luQO5Ub01zq8s8Rb0peqddX5uk52V3_w4K9fKtMQC4BB4hYMTM4gmsRU4wUMgnDISWogmZAVDIsRF3JJMRxHpjWb0_1HM3sw:1uV4HO:Ka0FxllPp2OWf_Lr3FOAt_BzHd1Ga2oU1VgfQ1JyF4A	2025-06-27 08:22:50.417045+00
6g8h3sgklwiacna78q9iq8yudy6fkgsf	.eJxVjEEOwiAQRe_C2hDqgAMu3XuGZpgBqRpISrsy3l2bdKHb_977LzXSupRx7WkeJ1FnNajD7xaJH6luQO5Ub01zq8s8Rb0peqddX5uk52V3_w4K9fKtMQC4BB4hYMTM4gmsRU4wUMgnDISWogmZAVDIsRF3JJMRxHpjWb0_1HM3sw:1uXKOi:ufA1R0Dsxlg9EU5SJLhFlXbrkYBS9COCCYTy7d3YH7w	2025-07-03 13:59:44.746946+00
9kdyy4519mbfvh9x0gxk9ibiupk26kiu	.eJxVjEEOwiAQRe_C2hDqgAMu3XuGZpgBqRpISrsy3l2bdKHb_977LzXSupRx7WkeJ1FnNajD7xaJH6luQO5Ub01zq8s8Rb0peqddX5uk52V3_w4K9fKtMQC4BB4hYMTM4gmsRU4wUMgnDISWogmZAVDIsRF3JJMRxHpjWb0_1HM3sw:1uV4j7:ucj3wnE7PT7XKznpuU26SY_kzhMTpRf3S0y_-4g-taU	2025-06-27 08:51:29.493656+00
z370yjo63yov18lbco1cs6a6azzwwm94	.eJxVjEEOwiAQRe_C2hDqgAMu3XuGZpgBqRpISrsy3l2bdKHb_977LzXSupRx7WkeJ1FnNajD7xaJH6luQO5Ub01zq8s8Rb0peqddX5uk52V3_w4K9fKtMQC4BB4hYMTM4gmsRU4wUMgnDISWogmZAVDIsRF3JJMRxHpjWb0_1HM3sw:1uV6gJ:WngMKkh2rLNL0jH2rANXKCQzedAsvRTnE1i_hvYbriQ	2025-06-27 10:56:43.536445+00
elukc86doewgbvk7ix1gkegl18hbw890	.eJxVjEEOwiAQRe_C2hDqgAMu3XuGZpgBqRpISrsy3l2bdKHb_977LzXSupRx7WkeJ1FnNajD7xaJH6luQO5Ub01zq8s8Rb0peqddX5uk52V3_w4K9fKtMQC4BB4hYMTM4gmsRU4wUMgnDISWogmZAVDIsRF3JJMRxHpjWb0_1HM3sw:1uXDC1:c215oWc_vM96UJDkymOZFuFGItkxmEZJHFhtbcDdbhE	2025-07-03 06:18:09.444284+00
37aiytyu2d2jmoyq4js0c4y9ol1ruzxe	.eJxVjEEOwiAQRe_C2hDqgAMu3XuGZpgBqRpISrsy3l2bdKHb_977LzXSupRx7WkeJ1FnNajD7xaJH6luQO5Ub01zq8s8Rb0peqddX5uk52V3_w4K9fKtMQC4BB4hYMTM4gmsRU4wUMgnDISWogmZAVDIsRF3JJMRxHpjWb0_1HM3sw:1uX01H:ZaRXkhFjSGkOMjW_4q2V9-NobYqqHoUtnP4-VUb0e9s	2025-07-02 16:14:11.982893+00
6r6mt8tnphgifntflc56q90ngw82qfo5	.eJxVjEEOwiAQRe_C2hDqgAMu3XuGZpgBqRpISrsy3l2bdKHb_977LzXSupRx7WkeJ1FnNajD7xaJH6luQO5Ub01zq8s8Rb0peqddX5uk52V3_w4K9fKtMQC4BB4hYMTM4gmsRU4wUMgnDISWogmZAVDIsRF3JJMRxHpjWb0_1HM3sw:1uXEQt:nxPmW7IhVNxhX4xaRuecPXOmcrums1UFUCKV1-bigtA	2025-07-03 07:37:35.765266+00
sjy720bulj58r4oiav8zrnb2dp8i5vof	.eJxVjEEOwiAQRe_C2hDqgAMu3XuGZpgBqRpISrsy3l2bdKHb_977LzXSupRx7WkeJ1FnNajD7xaJH6luQO5Ub01zq8s8Rb0peqddX5uk52V3_w4K9fKtMQC4BB4hYMTM4gmsRU4wUMgnDISWogmZAVDIsRF3JJMRxHpjWb0_1HM3sw:1uYMCf:yPV1-rn8-dQig-xaTc4ghg5Mp6M7oFrP4Ea8RZ_PHlk	2025-07-06 10:07:33.010498+00
8nyy60u4p245pn6rppkogbmioahw4nqm	.eJxVjEEOwiAQRe_C2hDqgAMu3XuGZpgBqRpISrsy3l2bdKHb_977LzXSupRx7WkeJ1FnNajD7xaJH6luQO5Ub01zq8s8Rb0peqddX5uk52V3_w4K9fKtMQC4BB4hYMTM4gmsRU4wUMgnDISWogmZAVDIsRF3JJMRxHpjWb0_1HM3sw:1uYSVs:jkYMDRELuVuOo-kWt_0f_YG9mwwDHzfNerwmI4lJ_E4	2025-07-06 16:51:48.682334+00
wkhhchih3rl7r5lu0mcpxcuzyfh1j686	.eJxVjEEOwiAQRe_C2hDqgAMu3XuGZpgBqRpISrsy3l2bdKHb_977LzXSupRx7WkeJ1FnNajD7xaJH6luQO5Ub01zq8s8Rb0peqddX5uk52V3_w4K9fKtMQC4BB4hYMTM4gmsRU4wUMgnDISWogmZAVDIsRF3JJMRxHpjWb0_1HM3sw:1uZ7dM:IJg_ggiy48Dgwppi83j0jQFssftAzEPpuFFJy6bSAj4	2025-07-08 12:46:16.891714+00
jqjfvs9alnq9xvwb1zkpq5uhsal61abj	.eJxVjEEOwiAQRe_C2hDqgAMu3XuGZpgBqRpISrsy3l2bdKHb_977LzXSupRx7WkeJ1FnNajD7xaJH6luQO5Ub01zq8s8Rb0peqddX5uk52V3_w4K9fKtMQC4BB4hYMTM4gmsRU4wUMgnDISWogmZAVDIsRF3JJMRxHpjWb0_1HM3sw:1ua8ok:BOTy-HtB7xS3AE55B0by5KAQDVBoKIwaYMVDQfNS7RE	2025-07-11 08:14:14.349522+00
fj935qzksidffhtr3dwu11i4dp4rpk9f	.eJxVjEEOwiAQRe_C2hDqgAMu3XuGZpgBqRpISrsy3l2bdKHb_977LzXSupRx7WkeJ1FnNajD7xaJH6luQO5Ub01zq8s8Rb0peqddX5uk52V3_w4K9fKtMQC4BB4hYMTM4gmsRU4wUMgnDISWogmZAVDIsRF3JJMRxHpjWb0_1HM3sw:1uZvOG:9_p1Xz-e9ePM2RJ2G0qyP0zGqs1TJE3KPGm8OpxFt8E	2025-07-10 17:54:00.927517+00
d6hngx4s85byoj1k0f7eo3htiid2d2ln	.eJxVjEEOwiAQRe_C2hDqgAMu3XuGZpgBqRpISrsy3l2bdKHb_977LzXSupRx7WkeJ1FnNajD7xaJH6luQO5Ub01zq8s8Rb0peqddX5uk52V3_w4K9fKtMQC4BB4hYMTM4gmsRU4wUMgnDISWogmZAVDIsRF3JJMRxHpjWb0_1HM3sw:1ubJ8K:TKO2NeyvUfgkyxmxQAtChquJW283Tzqfy3yE9Emmnxg	2025-07-14 13:27:16.575937+00
pjczhttltn8xjjqs9fu74fbnk3fkufwl	.eJxVjEEOwiAQRe_C2hDqgAMu3XuGZpgBqRpISrsy3l2bdKHb_977LzXSupRx7WkeJ1FnNajD7xaJH6luQO5Ub01zq8s8Rb0peqddX5uk52V3_w4K9fKtMQC4BB4hYMTM4gmsRU4wUMgnDISWogmZAVDIsRF3JJMRxHpjWb0_1HM3sw:1ubNg3:FpZQOgnLOabV2zajBoek5zpvjP9kynLgRbv5BFJaLhU	2025-07-14 18:18:23.741373+00
4gmdx5pqubca81et3wzys0yjybxls0di	.eJxVjEEOwiAQRe_C2hDqgAMu3XuGZpgBqRpISrsy3l2bdKHb_977LzXSupRx7WkeJ1FnNajD7xaJH6luQO5Ub01zq8s8Rb0peqddX5uk52V3_w4K9fKtMQC4BB4hYMTM4gmsRU4wUMgnDISWogmZAVDIsRF3JJMRxHpjWb0_1HM3sw:1uaBI0:eneb_1u9LoPGbRpGgk_iHdEtZGVW_GIAsIMNLyu5gJY	2025-07-11 10:52:36.902488+00
fbtwveapkv1e4lu7ehrqvuxgfpuyyhut	.eJxVjEEOwiAQRe_C2hDqgAMu3XuGZpgBqRpISrsy3l2bdKHb_977LzXSupRx7WkeJ1FnNajD7xaJH6luQO5Ub01zq8s8Rb0peqddX5uk52V3_w4K9fKtMQC4BB4hYMTM4gmsRU4wUMgnDISWogmZAVDIsRF3JJMRxHpjWb0_1HM3sw:1ubLYa:g6_1n_tLIKWPXXk5LdSGzcod56AFMKasxVQ67OdbxJU	2025-07-14 16:02:32.605904+00
a7yb8qhb6s31o8x56qplhjigrml9wrsi	.eJxVjEEOwiAQRe_C2hDqgAMu3XuGZpgBqRpISrsy3l2bdKHb_977LzXSupRx7WkeJ1FnNajD7xaJH6luQO5Ub01zq8s8Rb0peqddX5uk52V3_w4K9fKtMQC4BB4hYMTM4gmsRU4wUMgnDISWogmZAVDIsRF3JJMRxHpjWb0_1HM3sw:1uaDCi:N7AGtlVgTX4g7VwNHpXlcLRy4acN8sO24d_JJYlUuMY	2025-07-11 12:55:16.208108+00
ny0fti1jr3390zxkqffngfjwk5hx2zsz	.eJxVjEEOwiAQRe_C2hDqgAMu3XuGZpgBqRpISrsy3l2bdKHb_977LzXSupRx7WkeJ1FnNajD7xaJH6luQO5Ub01zq8s8Rb0peqddX5uk52V3_w4K9fKtMQC4BB4hYMTM4gmsRU4wUMgnDISWogmZAVDIsRF3JJMRxHpjWb0_1HM3sw:1uYimc:rnrkshfTs3tdr7m8KyX5wCcLVI0AJtkm3-GmLgug7hY	2025-07-07 10:14:10.481116+00
ob8enr8lqezqu8kar1ag2kaqkx53160t	.eJxVjEEOwiAQRe_C2hDqgAMu3XuGZpgBqRpISrsy3l2bdKHb_977LzXSupRx7WkeJ1FnNajD7xaJH6luQO5Ub01zq8s8Rb0peqddX5uk52V3_w4K9fKtMQC4BB4hYMTM4gmsRU4wUMgnDISWogmZAVDIsRF3JJMRxHpjWb0_1HM3sw:1ubOB6:mZzEvR0hti9_cs900mnj1pcPJaR88Qo_UaeRrQPdzVM	2025-07-14 18:50:28.244512+00
0eojao4j0tfl1ljyk8imzv6me990r9ce	.eJxVjEEOwiAQRe_C2hDqgAMu3XuGZpgBqRpISrsy3l2bdKHb_977LzXSupRx7WkeJ1FnNajD7xaJH6luQO5Ub01zq8s8Rb0peqddX5uk52V3_w4K9fKtMQC4BB4hYMTM4gmsRU4wUMgnDISWogmZAVDIsRF3JJMRxHpjWb0_1HM3sw:1uZXU5:tx8OWmZ0dm1gc0W4kmAJhz2nTZTv3lnhgLjcQZIyo0o	2025-07-09 16:22:25.141999+00
maw5azffyy3ruag54ltlnsgcz7dafid0	.eJxVjEEOwiAQRe_C2hDqgAMu3XuGZpgBqRpISrsy3l2bdKHb_977LzXSupRx7WkeJ1FnNajD7xaJH6luQO5Ub01zq8s8Rb0peqddX5uk52V3_w4K9fKtMQC4BB4hYMTM4gmsRU4wUMgnDISWogmZAVDIsRF3JJMRxHpjWb0_1HM3sw:1uZ2g0:D9Gw3Bztb0EVXNrjNWGGmjVDcvIK0ia8axs8PWr-2GE	2025-07-08 07:28:40.297902+00
dwcgxybyjh4ofsanr0a32o68f8th0fs3	.eJxVjEEOwiAQRe_C2hDqgAMu3XuGZpgBqRpISrsy3l2bdKHb_977LzXSupRx7WkeJ1FnNajD7xaJH6luQO5Ub01zq8s8Rb0peqddX5uk52V3_w4K9fKtMQC4BB4hYMTM4gmsRU4wUMgnDISWogmZAVDIsRF3JJMRxHpjWb0_1HM3sw:1ubMYE:fwtJQ8xrzQKotRCf4PrH3ltFjgNOUKYYT69Spn9NdGI	2025-07-14 17:06:14.487146+00
h0oae0t56gwn47zj7kvwau4nij8iq36v	.eJxVjEEOwiAQRe_C2hDqgAMu3XuGZpgBqRpISrsy3l2bdKHb_977LzXSupRx7WkeJ1FnNajD7xaJH6luQO5Ub01zq8s8Rb0peqddX5uk52V3_w4K9fKtMQC4BB4hYMTM4gmsRU4wUMgnDISWogmZAVDIsRF3JJMRxHpjWb0_1HM3sw:1ubPJb:4DZGJkcZFDHjn3rd3dhyGzQZ-iYp6fi3zPKh2V2IAvM	2025-07-14 20:03:19.636341+00
r1hvkb9dns7j4c04dy3iucqm604pe4ea	.eJxVjEEOwiAQRe_C2hDqgAMu3XuGZpgBqRpISrsy3l2bdKHb_977LzXSupRx7WkeJ1FnNajD7xaJH6luQO5Ub01zq8s8Rb0peqddX5uk52V3_w4K9fKtMQC4BB4hYMTM4gmsRU4wUMgnDISWogmZAVDIsRF3JJMRxHpjWb0_1HM3sw:1uYqLO:zZBSJrzKCx4BiYl4JrvxgLmM3rG6wIspHj33YoBuvVY	2025-07-07 18:18:34.107411+00
zaxeeql8flnbsapjlqpuco72jofwyvm3	.eJxVjEEOwiAQRe_C2hDqgAMu3XuGZpgBqRpISrsy3l2bdKHb_977LzXSupRx7WkeJ1FnNajD7xaJH6luQO5Ub01zq8s8Rb0peqddX5uk52V3_w4K9fKtMQC4BB4hYMTM4gmsRU4wUMgnDISWogmZAVDIsRF3JJMRxHpjWb0_1HM3sw:1udNM3:WwTtdV3n8bWGcVBy9DqDLQJrMXBqD4uj59BQCiiUyCE	2025-07-20 06:21:59.774887+00
\.


--
-- Data for Name: inventory_inventoryalert; Type: TABLE DATA; Schema: public; Owner: scooteruser
--

COPY public.inventory_inventoryalert (id, alert_type, title, description, severity, status, threshold_value, current_value, email_sent, dashboard_notification, date_created, date_updated, date_acknowledged, date_resolved, acknowledged_by_id, created_by_id, part_id, resolved_by_id, scooter_id, store_id) FROM stdin;
4	low_stock	Low Stock: Tyre FF 100/90-14 Vee Rubber Motorsport	Inventory level for Tyre FF 100/90-14 Vee Rubber Motorsport (328-10090114338) is below reorder level. Current stock: 0.00, Reorder level: 0.00	high	new	0.00	0.00	f	t	2025-05-08 20:31:46.151063+00	2025-05-08 20:31:46.151086+00	\N	\N	\N	\N	36	\N	\N	1
5	low_stock	Low Stock: Tyre RR 110/80-14  Micheline Auto-X	Inventory level for Tyre RR 110/80-14  Micheline Auto-X (TYM-6377986) is below reorder level. Current stock: 0.00, Reorder level: 0.00	high	new	0.00	0.00	f	t	2025-05-08 20:31:46.167495+00	2025-05-08 20:31:46.167518+00	\N	\N	\N	\N	37	\N	\N	1
6	low_stock	Low Stock: Tyre RR 110/80-14 Vee Rubber Motorsport	Inventory level for Tyre RR 110/80-14 Vee Rubber Motorsport (328-1108014144) is below reorder level. Current stock: 0.00, Reorder level: 0.00	high	new	0.00	0.00	f	t	2025-05-08 20:31:46.279204+00	2025-05-08 20:31:46.279222+00	\N	\N	\N	\N	39	\N	\N	1
7	low_stock	Low Stock: Tyre RR 120/70-14	Inventory level for Tyre RR 120/70-14 (2770300) is below reorder level. Current stock: 0.00, Reorder level: 0.00	high	new	0.00	0.00	f	t	2025-05-08 20:31:46.360072+00	2025-05-08 20:31:46.360091+00	\N	\N	\N	\N	40	\N	\N	1
8	low_stock	Low Stock: Winker Jet14 LH FR	Inventory level for Winker Jet14 LH FR (33450-X8A-0002) is below reorder level. Current stock: 0.00, Reorder level: 0.00	high	new	0.00	0.00	f	t	2025-05-08 20:31:46.443528+00	2025-05-08 20:31:46.443549+00	\N	\N	\N	\N	42	\N	\N	1
10	low_stock	Low Stock: Rr Cushion Jet 14	Inventory level for Rr Cushion Jet 14 (52400-AR1-0200-K-M1) is below reorder level. Current stock: 1.00, Reorder level: 1.00	medium	resolved	1.00	1.00	f	t	2025-05-08 20:31:46.452359+00	2025-05-08 20:44:38.295994+00	\N	2025-05-08 20:44:38.295791+00	\N	\N	59	1	\N	1
2	low_stock	Low Stock: Mirror LH	Inventory level for Mirror LH (88120-XPA-0004-K) is below reorder level. Current stock: 1.00, Reorder level: 1.00	medium	acknowledged	1.00	1.00	f	t	2025-05-08 20:31:46.019495+00	2025-05-08 21:21:59.559986+00	2025-05-08 21:21:59.55976+00	\N	1	\N	32	\N	\N	1
12	low_stock	Low Stock: Rr Cushion Jet 14	Inventory level for Rr Cushion Jet 14 (52400-AR1-0200-K-M1) is below reorder level. Current stock: 1.00, Reorder level: 1.00	medium	resolved	1.00	1.00	f	t	2025-05-08 20:54:57.751524+00	2025-05-10 08:49:41.791514+00	\N	2025-05-10 08:49:41.791318+00	\N	\N	59	1	\N	1
13	low_stock	Low Stock: Rr Cushion Jet 14	Inventory level for Rr Cushion Jet 14 (52400-AR1-0200-K-M1) is below reorder level. Current stock: 1.00, Reorder level: 1.00	medium	resolved	1.00	1.00	f	t	2025-05-10 08:57:33.931999+00	2025-05-10 15:53:01.62584+00	\N	2025-05-10 15:53:01.625652+00	\N	\N	59	2	\N	1
9	low_stock	Low Stock: Flange Bolt 8x64	Inventory level for Flange Bolt 8x64 (95801-08064-07) is below reorder level. Current stock: 1.00, Reorder level: 1.00	medium	acknowledged	1.00	1.00	f	t	2025-05-08 20:31:46.44793+00	2025-05-10 15:53:05.059309+00	2025-05-10 15:53:05.059171+00	\N	2	\N	51	\N	\N	1
16	maintenance_due	Maintenance Due: Sym Jet 14 200	Scooter Sym Jet 14 200 (LXMXCA501MX024486) is due for maintenance. Last maintenance was 166 days ago.	high	new	\N	\N	f	t	2025-05-13 08:41:33.929893+00	2025-05-13 08:41:33.929917+00	\N	\N	\N	\N	\N	\N	19	1
18	maintenance_due	Maintenance Due: Sym Jet 14 200	Scooter Sym Jet 14 200 (LXMXCA501MX025164) is due for maintenance. Last maintenance was 155 days ago.	high	new	\N	\N	f	t	2025-05-13 10:44:11.860478+00	2025-05-13 10:44:11.860501+00	\N	\N	\N	\N	\N	\N	29	1
15	low_stock	Low Stock: Brake Pads RR	Inventory level for Brake Pads RR (43105-ARB-000-A-9) is below reorder level. Current stock: 5.00, Reorder level: 5.00	medium	resolved	5.00	5.00	f	t	2025-05-12 13:35:50.83574+00	2025-05-21 20:08:51.579447+00	\N	2025-05-21 20:08:51.579259+00	\N	\N	14	1	\N	1
11	low_stock	Low Stock: Regulator Rec Comp Jet14	Inventory level for Regulator Rec Comp Jet14 (31600-N7F-0001) is below reorder level. Current stock: 1.00, Reorder level: 1.00	medium	resolved	1.00	1.00	f	t	2025-05-08 20:31:46.459632+00	2025-05-21 20:09:30.704392+00	2025-05-10 08:50:39.564796+00	2025-05-21 20:09:30.70424+00	1	\N	80	1	\N	1
24	low_stock	Low Stock: Slide Piece	Inventory level for Slide Piece (22132-ARA-0000) is below reorder level. Current stock: 5.00, Reorder level: 5.00	medium	acknowledged	5.00	5.00	f	t	2025-05-27 07:41:19.629105+00	2025-05-28 06:49:31.355019+00	2025-05-28 06:49:31.3548+00	\N	1	\N	10	\N	\N	1
25	maintenance_due	Maintenance Due: Sym Jet 14 200	Scooter Sym Jet 14 200 (LXMXCA501RXA35867) is due for maintenance. Last maintenance was 91 days ago.	medium	acknowledged	\N	\N	f	t	2025-05-27 07:41:20.007298+00	2025-05-28 06:49:41.464924+00	2025-05-28 06:49:41.464717+00	\N	1	\N	\N	\N	53	1
23	low_stock	Low Stock: Regulator Rec Comp Jet14	Inventory level for Regulator Rec Comp Jet14 (31600-N7F-0001) is below reorder level. Current stock: 1.00, Reorder level: 1.00	medium	acknowledged	1.00	1.00	f	t	2025-05-22 04:22:43.194307+00	2025-05-28 06:49:57.773717+00	2025-05-28 06:49:57.773208+00	\N	1	\N	80	\N	\N	1
21	low_stock	Low Stock: Flange Bolt 8*40	Inventory level for Flange Bolt 8*40 (95801-08040-00) is below reorder level. Current stock: 1.00, Reorder level: 1.00	medium	acknowledged	1.00	1.00	f	t	2025-05-16 04:13:31.45504+00	2025-05-28 06:50:06.592414+00	2025-05-28 06:50:06.592291+00	\N	1	\N	151	\N	\N	1
17	maintenance_due	Maintenance Due: Sym Jet 14 200	Scooter Sym Jet 14 200 (LXMXCA501NX022967) is due for maintenance. Last maintenance was 99 days ago.	medium	resolved	\N	\N	f	t	2025-05-13 09:25:00.769907+00	2025-05-28 06:50:39.915329+00	\N	2025-05-28 06:50:39.915185+00	\N	\N	\N	1	26	1
14	low_stock	Low Stock: Rr Cushion Jet 14	Inventory level for Rr Cushion Jet 14 (52400-AR1-0200-K-M1) is below reorder level. Current stock: 1.00, Reorder level: 1.00	medium	acknowledged	1.00	1.00	f	t	2025-05-10 16:13:44.607624+00	2025-05-28 06:50:49.776373+00	2025-05-28 06:50:49.776225+00	\N	1	\N	59	\N	\N	1
3	low_stock	Low Stock: Start MAG SW SET JET 14	Inventory level for Start MAG SW SET JET 14 (3585A-35A-A000) is below reorder level. Current stock: 1.00, Reorder level: 1.00	medium	acknowledged	1.00	1.00	f	t	2025-05-08 20:31:46.065073+00	2025-05-28 06:50:57.521756+00	2025-05-28 06:50:57.521628+00	\N	1	\N	44	\N	\N	1
1	low_stock	Low Stock: Main Stand COMP	Inventory level for Main Stand COMP (50500-X8A-0002) is below reorder level. Current stock: 1.00, Reorder level: 1.00	medium	acknowledged	1.00	1.00	f	t	2025-05-08 20:31:45.909664+00	2025-05-28 06:51:03.396354+00	2025-05-28 06:51:03.396214+00	\N	1	\N	29	\N	\N	1
22	maintenance_due	Maintenance Due: Sym Jet 14 200	Scooter Sym Jet 14 200 (LXMXCA501PX020396) is due for maintenance. Last maintenance was 123 days ago.	high	acknowledged	\N	\N	f	t	2025-05-19 07:59:07.406911+00	2025-05-28 06:51:08.40758+00	2025-05-28 06:51:08.407424+00	\N	1	\N	\N	\N	51	1
20	low_stock	Low Stock: Stator Jet14	Inventory level for Stator Jet14 (31120-F6N-0000) is below reorder level. Current stock: 0.00, Reorder level: 1.00	high	acknowledged	1.00	0.00	f	t	2025-05-16 04:13:27.775273+00	2025-05-28 06:51:12.479379+00	2025-05-28 06:51:12.479253+00	\N	1	\N	150	\N	\N	1
19	maintenance_due	Maintenance Due: Sym Citycom 300	Scooter Sym Citycom 300 (RFGLLA702LSA00815) is due for maintenance. Last maintenance was 210 days ago.	high	acknowledged	\N	\N	f	t	2025-05-13 10:44:11.907903+00	2025-05-28 06:51:16.653238+00	2025-05-28 06:51:16.653104+00	\N	1	\N	\N	\N	36	1
26	maintenance_due	Maintenance Due: Sym Jet 14 200	Scooter Sym Jet 14 200 (LXMXCA501NX022967) is due for maintenance. Last maintenance was 114 days ago.	medium	new	\N	\N	f	t	2025-05-28 07:02:56.110473+00	2025-05-28 07:02:56.110492+00	\N	\N	\N	\N	\N	\N	26	1
27	low_stock	Low Stock: Battery Motorsport	Inventory level for Battery Motorsport (384-BTX7A-BS) is below reorder level. Current stock: 0.00, Reorder level: 0.00	high	new	0.00	0.00	f	t	2025-06-09 11:14:42.486457+00	2025-06-09 11:14:42.48653+00	\N	\N	\N	\N	134	\N	\N	1
28	maintenance_due	Maintenance Due: Sym Jet 14 200	Scooter Sym Jet 14 200 (LXMXCA501NX022992) is due for maintenance. Last maintenance was 102 days ago.	medium	new	\N	\N	f	t	2025-06-09 11:14:42.543649+00	2025-06-09 11:14:42.543667+00	\N	\N	\N	\N	\N	\N	32	1
29	maintenance_due	Maintenance Due: Sym Jet 14 200	Scooter Sym Jet 14 200 (LXMXCA501MX024528) is due for maintenance. Last maintenance was 102 days ago.	medium	new	\N	\N	f	t	2025-06-09 11:14:42.549163+00	2025-06-09 11:14:42.549183+00	\N	\N	\N	\N	\N	\N	23	1
30	maintenance_due	Maintenance Due: Sym Jet 14 200	Scooter Sym Jet 14 200 (LXMXCA501RXA35850) is due for maintenance. Last maintenance was 102 days ago.	medium	new	\N	\N	f	t	2025-06-09 11:14:42.555457+00	2025-06-09 11:14:42.555504+00	\N	\N	\N	\N	\N	\N	41	1
31	maintenance_due	Maintenance Due: Sym Jet 14 200	Scooter Sym Jet 14 200 (LXMXCA501RXA30421) is due for maintenance. Last maintenance was 96 days ago.	medium	new	\N	\N	f	t	2025-06-09 11:14:42.56004+00	2025-06-09 11:14:42.560056+00	\N	\N	\N	\N	\N	\N	45	1
32	low_stock	Low Stock: Arm-Kick Start	Inventory level for Arm-Kick Start (28300-F6C-0000) is below reorder level. Current stock: 1.00, Reorder level: 1.00	medium	new	1.00	1.00	f	t	2025-06-11 12:55:05.791759+00	2025-06-11 12:55:05.791778+00	\N	\N	\N	\N	41	\N	\N	1
33	low_stock	Low Stock: Tyre RR 110/80-14 Pireli Bikewise	Inventory level for Tyre RR 110/80-14 Pireli Bikewise (2902800) is below reorder level. Current stock: 5.00, Reorder level: 5.00	medium	new	5.00	5.00	f	t	2025-06-17 13:01:07.056582+00	2025-06-17 13:01:07.056605+00	\N	\N	\N	\N	38	\N	\N	1
34	low_stock	Low Stock: Bolt Xpro125 6*22	Inventory level for Bolt Xpro125 6*22 (96001-06022-49) is below reorder level. Current stock: 2.00, Reorder level: 2.00	medium	new	2.00	2.00	f	t	2025-06-17 13:01:07.172907+00	2025-06-17 13:01:07.172928+00	\N	\N	\N	\N	56	\N	\N	1
35	low_stock	Low Stock: Ignition Coil Cap	Inventory level for Ignition Coil Cap (30700-T7A-A000) is below reorder level. Current stock: 2.00, Reorder level: 2.00	medium	new	2.00	2.00	f	t	2025-06-18 17:20:14.872629+00	2025-06-18 17:20:14.872657+00	\N	\N	\N	\N	26	\N	\N	1
36	low_stock	Low Stock: Oil Seal 25*40*7	Inventory level for Oil Seal 25*40*7 (91204-HMA-0005-M2) is below reorder level. Current stock: 1.00, Reorder level: 1.00	medium	new	1.00	1.00	f	t	2025-06-18 17:55:03.649619+00	2025-06-18 17:55:03.649652+00	\N	\N	\N	\N	13	\N	\N	1
37	low_stock	Low Stock: Air Filter Element	Inventory level for Air Filter Element (17211-ADB-0000) is below reorder level. Current stock: 0.00, Reorder level: 1.00	high	new	1.00	0.00	f	t	2025-06-20 13:52:01.905903+00	2025-06-20 13:52:01.905931+00	\N	\N	\N	\N	156	\N	\N	2
38	maintenance_due	Maintenance Due: Sym Jet 14 200	Scooter Sym Jet 14 200 (LXMXCA501NX022989) is due for maintenance. Last maintenance was 91 days ago.	medium	new	\N	\N	f	t	2025-06-23 13:23:54.356862+00	2025-06-23 13:23:54.356886+00	\N	\N	\N	\N	\N	\N	24	1
39	low_stock	Low Stock: Drive Belt	Inventory level for Drive Belt (23100-XMA-0001) is below reorder level. Current stock: 5.00, Reorder level: 5.00	medium	new	5.00	5.00	f	t	2025-06-26 20:18:06.543846+00	2025-06-26 20:18:06.543868+00	\N	\N	\N	\N	9	\N	\N	1
40	maintenance_due	Maintenance Due: Sym Jet 14 200	Scooter Sym Jet 14 200 (LXMXCA501PXA21918) is due for maintenance. Last maintenance was 92 days ago.	medium	new	\N	\N	f	t	2025-07-02 08:27:33.244003+00	2025-07-02 08:27:33.244025+00	\N	\N	\N	\N	\N	\N	47	1
41	low_stock	Low Stock: Brake Disk FR	Inventory level for Brake Disk FR (45121-XMC-0001) is below reorder level. Current stock: 1.00, Reorder level: 1.00	medium	new	1.00	1.00	f	t	2025-07-02 10:17:22.937062+00	2025-07-02 10:17:22.937087+00	\N	\N	\N	\N	162	\N	\N	2
42	low_stock	Low Stock: Arm-Kick Start	Inventory level for Arm-Kick Start (28300-F6C-0000) is below reorder level. Current stock: 1.00, Reorder level: 1.00	medium	new	1.00	1.00	f	t	2025-07-02 10:17:23.067952+00	2025-07-02 10:17:23.067983+00	\N	\N	\N	\N	185	\N	\N	2
43	low_stock	Low Stock: Tyre FF 100/90-14 Pireli Bikewise	Inventory level for Tyre FF 100/90-14 Pireli Bikewise (3445700) is below reorder level. Current stock: 2.00, Reorder level: 2.00	medium	new	2.00	2.00	f	t	2025-07-02 12:54:04.52648+00	2025-07-02 12:54:04.526502+00	\N	\N	\N	\N	35	\N	\N	1
44	low_stock	Low Stock: Fr Cover Xpro125	Inventory level for Fr Cover Xpro125 (6430A-ABF-0003-RD) is below reorder level. Current stock: 0.00, Reorder level: 0.00	high	new	0.00	0.00	f	t	2025-07-02 17:46:21.998008+00	2025-07-02 17:46:21.998032+00	\N	\N	\N	\N	233	\N	\N	1
45	low_stock	Low Stock: Inner Cover Xpro125	Inventory level for Inner Cover Xpro125 (81131-ABF-0003) is below reorder level. Current stock: 0.00, Reorder level: 0.00	high	new	0.00	0.00	f	t	2025-07-02 17:46:23.931454+00	2025-07-02 17:46:23.931474+00	\N	\N	\N	\N	234	\N	\N	1
46	low_stock	Low Stock: Steering Stem Comp	Inventory level for Steering Stem Comp (53200-AAA-0005) is below reorder level. Current stock: 0.00, Reorder level: 0.00	high	new	0.00	0.00	f	t	2025-07-02 17:46:23.937678+00	2025-07-02 17:46:23.937711+00	\N	\N	\N	\N	235	\N	\N	1
47	low_stock	Low Stock: FR Fender Xpro125	Inventory level for FR Fender Xpro125 (61100-AAA-0000-WD) is below reorder level. Current stock: 0.00, Reorder level: 0.00	high	new	0.00	0.00	f	t	2025-07-02 17:46:23.947725+00	2025-07-02 17:46:23.947744+00	\N	\N	\N	\N	236	\N	\N	1
48	maintenance_due	Maintenance Due: Sym Jet 14 200	Scooter Sym Jet 14 200 (LXMXCA501RXA35844) is due for maintenance. Last maintenance was 91 days ago.	medium	new	\N	\N	f	t	2025-07-03 05:12:36.111719+00	2025-07-03 05:12:36.111741+00	\N	\N	\N	\N	\N	\N	44	1
49	low_stock	Low Stock: Brake Disk RR	Inventory level for Brake Disk RR (43121-XJA-0001) is below reorder level. Current stock: 2.00, Reorder level: 2.00	medium	new	2.00	2.00	f	t	2025-07-04 16:55:19.502552+00	2025-07-04 16:55:19.502571+00	\N	\N	\N	\N	20	\N	\N	1
50	low_stock	Low Stock: Air Filter Element	Inventory level for Air Filter Element (17211-ADB-0000) is below reorder level. Current stock: 3.00, Reorder level: 5.00	medium	new	5.00	3.00	f	t	2025-07-04 16:55:20.034076+00	2025-07-04 16:55:20.034095+00	\N	\N	\N	\N	8	\N	\N	1
51	low_stock	Low Stock: Battery Auto-X	Inventory level for Battery Auto-X (MCT-YTX7A-BS) is below reorder level. Current stock: 3.00, Reorder level: 3.00	medium	new	3.00	3.00	f	t	2025-07-04 16:55:20.038967+00	2025-07-04 16:55:20.038988+00	\N	\N	\N	\N	135	\N	\N	1
52	low_stock	Low Stock: SEAL-OIL XPRO125	Inventory level for SEAL-OIL XPRO125 (91255-413-8811) is below reorder level. Current stock: 0.00, Reorder level: 0.00	high	new	0.00	0.00	f	t	2025-07-04 16:55:20.047178+00	2025-07-04 16:55:20.047199+00	\N	\N	\N	\N	152	\N	\N	1
53	low_stock	Low Stock: Brake Pads FF	Inventory level for Brake Pads FF (FDB2190EF) is below reorder level. Current stock: 5.00, Reorder level: 5.00	medium	new	5.00	5.00	f	t	2025-07-07 18:13:32.575308+00	2025-07-07 18:13:32.575348+00	\N	\N	\N	\N	15	\N	\N	1
54	maintenance_due	Maintenance Due: Sym Jet 14 200	Scooter Sym Jet 14 200 (LXMXCA501RXA35851) is due for maintenance. Last maintenance was 91 days ago.	medium	new	\N	\N	f	t	2025-07-09 15:30:45.48727+00	2025-07-09 15:30:45.48729+00	\N	\N	\N	\N	\N	\N	42	1
55	maintenance_due	Maintenance Due: Sym Jet 14 200	Scooter Sym Jet 14 200 (LXMXCA501PX020380) is due for maintenance. Last maintenance was 91 days ago.	medium	new	\N	\N	f	t	2025-07-10 10:28:31.545353+00	2025-07-10 10:28:31.54538+00	\N	\N	\N	\N	\N	\N	50	1
56	maintenance_due	Maintenance Due: Sym Jet 14 200	Scooter Sym Jet 14 200 (LXMXCA501MX024485) is due for maintenance. Last maintenance was 96 days ago.	medium	new	\N	\N	f	t	2025-07-20 06:02:22.617931+00	2025-07-20 06:02:22.617954+00	\N	\N	\N	\N	\N	\N	28	1
57	maintenance_due	Maintenance Due: Sym Jet 14 200	Scooter Sym Jet 14 200 (LXMXCA501RXA28095) is due for maintenance. Last maintenance was 95 days ago.	medium	new	\N	\N	f	t	2025-07-20 06:02:22.665775+00	2025-07-20 06:02:22.665793+00	\N	\N	\N	\N	\N	\N	55	1
\.


--
-- Data for Name: inventory_parts; Type: TABLE DATA; Schema: public; Owner: scooteruser
--

COPY public.inventory_parts (id, part_number, name, description, current_stock, reorder_level, unit_price, category, location_in_store, date_created, date_updated, store_id) FROM stdin;
17	8360A-X8A-0002-WA	Body Cover Assy LH		2.00	1.00	100.00	Frame and Body		2025-05-05 21:40:28.191266+00	2025-05-05 21:40:28.191293+00	1
23	50512-ARA-0005	Flange Bolt		1.00	0.00	50.00	Miscellaneous / Universal Parts		2025-05-05 21:46:27.306745+00	2025-05-05 21:46:27.306765+00	1
27	12V/21W/BAU15S	Indicator bulbs		10.00	4.00	50.00	Lighting and Indicators		2025-05-05 21:49:41.520259+00	2025-05-05 21:51:33.921147+00	1
28	50504-Z6A-0000	Main Stand Collar		4.00	2.00	40.00	Frame and Body		2025-05-05 21:51:21.965599+00	2025-05-05 21:53:47.307305+00	1
31	50503-F6B-0000	Main Stand Washer		4.00	2.00	40.00	Frame and Body		2025-05-05 21:55:26.62229+00	2025-05-05 21:55:26.622312+00	1
33	88110-XPA-0004-K	Mirror RH		2.00	1.00	50.00	Frame and Body		2025-05-05 21:56:40.65233+00	2025-05-05 21:56:40.652359+00	1
16	90309-M9Q-000-M2	Self Lock Nut		9.00	4.00	20.00	Miscellaneous / Universal Parts		2025-05-05 21:36:48.792632+00	2025-05-05 21:57:52.525095+00	1
34	50506-ABA-0000	Stand Stop Rubber A		4.00	2.00	100.00	Frame and Body		2025-05-05 21:59:14.844519+00	2025-05-05 21:59:14.844539+00	1
36	328-10090114338	Tyre FF 100/90-14 Vee Rubber Motorsport		0.00	0.00	650.00	Wheels and Tires		2025-05-06 06:55:05.81147+00	2025-05-06 06:55:05.811497+00	1
37	TYM-6377986	Tyre RR 110/80-14  Micheline Auto-X		0.00	0.00	650.00	Wheels and Tires		2025-05-06 06:57:13.751702+00	2025-05-06 06:57:13.751724+00	1
39	328-1108014144	Tyre RR 110/80-14 Vee Rubber Motorsport		0.00	0.00	700.00	Wheels and Tires		2025-05-06 06:58:05.9813+00	2025-05-06 06:58:05.981328+00	1
40	2770300	Tyre RR 120/70-14		0.00	0.00	650.00	Wheels and Tires		2025-05-06 06:58:32.926978+00	2025-05-06 06:58:32.927006+00	1
42	33450-X8A-0002	Winker Jet14 LH FR		0.00	0.00	150.00	Lighting and Indicators		2025-05-06 07:00:00.120324+00	2025-05-06 07:00:00.120343+00	1
22	64302-X8A-0001-WD	Cover FF LH		1.00	0.00	200.00	Frame and Body		2025-05-05 21:45:34.307397+00	2025-05-07 19:17:05.429016+00	1
43	64300-X8A-0001	Spoiler Jet14 FR		1.00	0.00	300.00	Frame and Body		2025-05-06 07:02:14.46694+00	2025-05-06 07:02:14.466967+00	1
46	22102-ARA-0001	Drive Face Xpro125		3.00	1.00	200.00	Engine & Transmission		2025-05-06 07:14:05.960616+00	2025-05-06 07:14:05.960642+00	1
48	Brake Fluid	Brake Fluid		4.00	1.00	50.00	Lubricants & Fluids		2025-05-06 07:16:30.892695+00	2025-05-06 07:16:30.892715+00	1
51	95801-08064-07	Flange Bolt 8x64		1.00	1.00	5.00	Miscellaneous / Universal Parts		2025-05-06 07:20:00.761491+00	2025-05-06 07:20:00.761523+00	1
57	18295-F3E-0001	Collar M6		7.00	2.00	120.00	Miscellaneous / Universal Parts		2025-05-06 07:23:51.116818+00	2025-05-06 07:23:51.116841+00	1
58	44311-GW0-910	Collar FR Wheel SID GTS300		2.00	1.00	100.00	Wheels and Tires		2025-05-06 07:24:24.456626+00	2025-05-06 07:24:24.456647+00	1
60	E450N	TopBox GIVI		2.00	0.00	5000.00	Miscellaneous / Universal Parts		2025-05-06 07:27:22.584344+00	2025-05-06 07:27:22.584364+00	1
61	95701-06012-07	Flange Bolt 6*12		1.00	0.00	10.00	Miscellaneous / Universal Parts		2025-05-06 07:27:57.530288+00	2025-05-06 07:27:57.530317+00	1
63	SR7055	Carrier Topbox Sym Jet 14		11.00	0.00	2000.00	Miscellaneous / Universal Parts		2025-05-06 07:29:07.250843+00	2025-05-06 07:29:07.250865+00	1
64	83620-LEA-000-QU	Side Cover  LH white		2.00	0.00	200.00	Frame and Body		2025-05-06 07:29:40.993296+00	2025-05-06 07:29:40.993317+00	1
65	43121-LEA-000-KB	Brake Disk RR		2.00	0.00	200.00	Brakes		2025-05-06 07:30:11.283345+00	2025-05-06 07:30:11.283365+00	1
62	91302-M9T-0002	O-ring 30.8mm		10.00	2.00	20.00	Engine & Transmission		2025-05-06 07:28:29.595603+00	2025-05-09 08:11:46.069044+00	1
45	12361-M9Q-0001	CAP-OIL XPRO125		5.00	2.00	70.00	Engine & Transmission		2025-05-06 07:13:28.577429+00	2025-05-09 08:11:46.11716+00	1
24	GL-R459	Headlight Bulbs 12V 35/35W		13.00	5.00	100.00	Lighting and Indicators		2025-05-05 21:47:48.651835+00	2025-05-13 08:20:17.400869+00	1
67	5052A-H9A-000	Main Stand SPG.ASSY		2.00	0.00	1500.00	Frame and Body		2025-05-06 07:31:33.601684+00	2025-05-06 07:31:33.601719+00	1
44	3585A-35A-A000	Start MAG SW SET JET 14		6.00	1.00	300.00	Electrical Components		2025-05-06 07:12:36.605176+00	2025-05-15 19:04:48.251632+00	1
49	Coolant	Coolant		2.00	1.00	150.00	Lubricants & Fluids		2025-05-06 07:17:44.528979+00	2025-05-25 08:52:15.405029+00	1
50	18291-Z8G-0000	EXH Pipe Gasket Fiddle 150		3.00	1.00	3000.00	Engine & Transmission		2025-05-06 07:18:44.623886+00	2025-05-27 07:51:05.936882+00	1
32	88120-XPA-0004-K	Mirror LH		1.00	0.00	300.00	Frame and Body		2025-05-05 21:56:15.561909+00	2025-05-28 06:46:09.354943+00	1
59	52400-AR1-0200-K-M1	Rr Cushion Jet 14		1.00	0.00	600.00	Suspension and Steering		2025-05-06 07:25:20.871868+00	2025-05-28 06:46:58.593997+00	1
68	22132-HMA-000-A1	Slide piece		7.00	0.00	30.00	Engine & Transmission		2025-05-06 07:32:03.289291+00	2025-05-06 07:32:03.289312+00	1
66	18317-XPA-0001-K	Exhaust Protector Jet14		3.00	0.00	300.00	Frame and Body		2025-05-06 07:30:48.985752+00	2025-06-09 12:54:39.257696+00	1
21	30410-T3A-A000	CDI UNIT		4.00	2.00	400.00	Electrical Components		2025-05-05 21:44:52.200515+00	2025-06-09 12:28:19.379778+00	1
71	2772400	Tyre RR 140/70-16 Pireli Bikewise		2.00	0.00	800.00	Wheels and Tires		2025-05-06 07:35:24.265646+00	2025-05-06 07:35:24.265676+00	1
53	90754-M9Q-0000-M1	Seal-dust Crox125		6.00	2.00	50.00	Engine & Transmission		2025-05-06 07:21:13.123139+00	2025-06-18 13:05:42.363026+00	1
54	90912-M9Q-0000-M1	Radial Ball BRG 6201U Xpro125		7.00	2.00	50.00	Engine & Transmission		2025-05-06 07:22:00.143143+00	2025-06-18 13:05:42.364467+00	1
52	93903-34340	Tapping Screw 4x12		9.00	5.00	3.00	Miscellaneous / Universal Parts		2025-05-06 07:20:41.156391+00	2025-06-18 13:09:55.229133+00	1
30	5052A-APA-9000	Main Stand SPG.ASSY		6.00	2.00	40.00	Frame and Body		2025-05-05 21:54:55.123104+00	2025-06-25 12:02:31.074517+00	1
72	22121-RB1-001-A1	Weight roller COMP		9.00	0.00	300.00	Engine & Transmission		2025-05-06 07:35:56.318341+00	2025-05-06 07:35:56.318372+00	1
19	45121-XMC-0001	Brake Disk FR		3.00	2.00	500.00	Brakes		2025-05-05 21:42:42.832656+00	2025-06-26 20:06:58.886824+00	1
18	8350A-X8A-0001-WD	Body Cover Assy RH		3.00	1.00	300.00	Frame and Body		2025-05-05 21:41:34.328391+00	2025-07-04 16:13:15.805896+00	1
25	3051A-ARA-0200	Ignition Coil		7.00	4.00	100.00	Engine & Fuel System		2025-05-05 21:48:21.351164+00	2025-07-04 16:36:39.258275+00	1
73	44301-LEA-000	FR Wheel Axel Citicom		1.00	0.00	50.00	Wheels and Tires		2025-05-06 07:36:38.964846+00	2025-05-06 07:36:38.964873+00	1
74	90754-LEA-000	Dust Seal 20X35X50		4.00	0.00	120.00	Engine & Transmission		2025-05-06 07:37:13.443406+00	2025-05-06 07:37:13.443434+00	1
35	3445700	Tyre FF 100/90-14 Pireli Bikewise		0.00	2.00	1000.00	Wheels and Tires		2025-05-05 22:05:17.849359+00	2025-07-10 17:03:30.317233+00	1
47	211412	Valve Ruber Rim		41.00	5.00	10.00	Wheels and Tires		2025-05-06 07:15:31.536846+00	2025-07-11 07:51:16.378979+00	1
55	90106-N02-0002	Bolt-Disk FR Crox125		4.00	2.00	150.00	Wheels and Tires		2025-05-06 07:22:47.029718+00	2025-07-14 18:06:51.850408+00	1
20	43121-XJA-0001	Brake Disk RR		5.00	2.00	421.21	Brakes		2025-05-05 21:43:23.364712+00	2025-07-14 18:06:51.847196+00	1
11	CR7HSA	Spark Plug		21.00	5.00	80.00	Engine & Transmission		2025-05-05 21:30:07.226667+00	2025-07-09 16:15:39.843229+00	1
29	50500-X8A-0002	Main Stand COMP		8.00	1.00	561.36	Frame and Body		2025-05-05 21:54:23.332383+00	2025-07-09 16:09:16.958389+00	1
41	28300-F6C-0000	Arm-Kick Start		4.00	1.00	800.00	Frame and Body		2025-05-06 06:59:18.760098+00	2025-07-09 16:09:16.966166+00	1
38	2902800	Tyre RR 110/80-14 Pireli Bikewise		3.00	5.00	800.00	Wheels and Tires		2025-05-06 06:57:41.482487+00	2025-07-11 07:49:25.031265+00	1
56	96001-06022-49	Bolt Xpro125 6*22		0.00	2.00	10.00	Miscellaneous / Universal Parts		2025-05-06 07:23:18.396414+00	2025-07-10 17:05:13.840754+00	1
12	22121-M9B-0000	Weight Roller		138.00	18.00	120.00	Engine & Transmission		2025-05-05 21:31:05.995356+00	2025-07-10 17:28:39.675767+00	1
75	90912-LEA-000	Bearing 6202LLU GTS300I		4.00	0.00	120.00	Engine & Transmission		2025-05-06 07:37:41.222858+00	2025-05-06 07:37:41.222878+00	1
76	64306-X01-000	FR Cover Collar CITICOM300		20.00	0.00	10.00	Wheels and Tires		2025-05-06 07:40:30.95088+00	2025-05-06 07:40:30.950907+00	1
77	S0CT31ST-RA	Topbox Carrier		1.00	0.00	800.00	Miscellaneous / Universal Parts		2025-05-06 07:41:05.202402+00	2025-05-06 07:41:05.202423+00	1
78	1711A-AR1-0003	Inlet Pipe Sym Jet 14		4.00	2.00	400.00	Engine & Transmission		2025-05-06 07:41:54.094547+00	2025-05-06 07:41:54.094569+00	1
79	17910-XRA-0000	Throttle Cable Comp Jet 14		4.00	1.00	300.00	Controls and Cables		2025-05-06 07:43:59.529803+00	2025-05-06 07:43:59.529827+00	1
81	90108-Z7C-0101	Side Stand Bolt Xpro125		3.00	1.00	50.00	Frame and Body		2025-05-06 07:46:36.890682+00	2025-05-06 07:46:36.890705+00	1
82	94030-08040	Hex NUT 8mm		3.00	1.00	30.00	Miscellaneous / Universal Parts		2025-05-06 07:47:07.3958+00	2025-05-06 07:47:07.395821+00	1
83	50535-Z7C-0002	Spring stand xpro125		2.00	1.00	50.00	Frame and Body		2025-05-06 07:47:59.89807+00	2025-05-06 07:47:59.898096+00	1
84	38300-T40-0101	Winker Relay Jet 14		1.00	0.00	300.00	Lighting and Indicators		2025-05-06 07:49:14.233734+00	2025-05-06 07:49:14.233757+00	1
85	53104-ZBC-0000	Handle Pipe Wt Jet14		1.00	0.00	50.00	Frame and Body		2025-05-06 07:49:47.513094+00	2025-05-06 07:49:47.513114+00	1
86	14711-F8A-0000	Intake Valve Jet14		3.00	1.00	60.00	Engine & Transmission		2025-05-06 07:50:56.11066+00	2025-05-06 07:50:56.110692+00	1
87	14721-F8A-0000	Exhaust Valve Jet 14		3.00	1.00	70.00	Engine & Transmission		2025-05-06 07:51:23.669093+00	2025-05-06 07:51:23.669124+00	1
88	12209-H6B-9000	Valve Stem Seal Jet 14		3.00	1.00	20.00	Engine & Transmission		2025-05-06 07:51:54.971641+00	2025-05-06 07:51:54.971669+00	1
89	35111-XGA-0001	Key blank Jet14		5.00	1.00	200.00	Locks and Security		2025-05-06 07:52:47.129684+00	2025-05-06 07:52:47.129707+00	1
91	44601-LEA-000-KB1	FR Cast Wheel Comp B Citicom30i		1.00	0.00	100.00	Wheels and Tires		2025-05-06 07:53:55.407432+00	2025-05-06 07:53:55.407459+00	1
92	44830-XDE-0002	Sensor Crox 125		2.00	1.00	300.00	Electrical Components		2025-05-06 07:56:35.130861+00	2025-05-06 07:56:35.130882+00	1
93	53104-N02-000	Handle Pipe Wt Assy GTS300i		1.00	0.00	80.00	Frame and Body		2025-05-06 07:57:02.632078+00	2025-05-06 07:57:02.632107+00	1
94	81141-X8A-0100	Inner Box Lid		3.00	1.00	300.00	Frame and Body		2025-05-06 07:57:44.331085+00	2025-05-06 07:57:44.331113+00	1
95	50530-X8A-0002	Side Stand Comp Jet 14		2.00	1.00	800.00	Frame and Body		2025-05-06 07:58:21.402971+00	2025-05-06 07:58:21.402994+00	1
96	18000-X9C-0002-K	Exhaust Muffler Assy		3.00	1.00	300.00	Frame and Body		2025-05-06 07:58:48.344813+00	2025-05-06 07:58:48.344835+00	1
97	14523-Z8G-0000	Gasket-tens Xpro125		1.00	0.00	30.00	Engine & Transmission		2025-05-06 08:02:58.489471+00	2025-05-06 08:02:58.489493+00	1
98	44601-X8A-0001	Fr Wheel Jet 14		2.00	0.00	900.00	Wheels and Tires		2025-05-06 08:03:44.128557+00	2025-05-06 08:03:44.128578+00	1
99	42601-X9A-0002	RR Cast Wheel Jet14		2.00	0.00	900.00	Wheels and Tires		2025-05-06 08:04:07.29121+00	2025-05-06 08:04:07.29123+00	1
100	95801-08045-04	Flange Bolt 845		3.00	0.00	10.00	Miscellaneous / Universal Parts		2025-05-06 08:04:35.016433+00	2025-05-06 08:04:35.016454+00	1
101	95801-08035-07	Flange Bolt M8x35		3.00	0.00	10.00	Miscellaneous / Universal Parts		2025-05-06 08:04:58.176295+00	2025-05-06 08:04:58.176315+00	1
102	22131-M92-0003	Ramp Plate		4.00	1.00	300.00	Engine & Transmission		2025-05-06 08:05:31.71597+00	2025-05-06 08:05:31.715991+00	1
104	81132-X8A-0000	Luggage Hook		3.00	1.00	50.00	Frame and Body		2025-05-06 08:06:31.708581+00	2025-05-06 08:06:31.708612+00	1
105	43500-ARB-0100	Rr M/c Ass Y Jet14		1.00	0.00	100.00	Frame and Body		2025-05-06 08:07:32.640969+00	2025-05-06 08:07:32.641182+00	1
106	45500-AAA-0002	Fr MIC Xpro125		1.00	0.00	100.00	Frame and Body		2025-05-06 08:07:52.816851+00	2025-05-06 08:07:52.81688+00	1
107	22300-L3D-000	Drive Plate Assy GTS300I		4.00	0.00	600.00	Engine & Transmission		2025-05-06 08:08:32.168287+00	2025-05-06 08:08:32.168316+00	1
108	1137A-HMA-000	Bearing Stay Collar GTS300I		2.00	0.00	50.00	Engine & Transmission		2025-05-06 08:08:54.599044+00	2025-05-06 08:08:54.599065+00	1
109	96150-60060-10	Radial Ball Bearing GTS300I		2.00	0.00	50.00	Engine & Transmission		2025-05-06 08:09:23.685498+00	2025-05-06 08:09:23.68552+00	1
110	35850-L4A-100	Starter Magnetic SW Citicom300I		3.00	1.00	300.00	Electrical Components		2025-05-06 08:09:53.195256+00	2025-05-06 08:09:53.195278+00	1
111	1565A-LEA-000	Oil Level Guage Assy GTS300I		1.00	0.00	50.00	Engine & Transmission		2025-05-06 08:10:28.25206+00	2025-05-06 08:10:28.252082+00	1
113	43100-LEA-010-RY	RR Caliper Assy R-10 Citicom300I		3.00	0.00	300.00	Brakes		2025-05-06 08:11:26.316871+00	2025-05-06 08:11:26.316893+00	1
114	31200-HMA-100	Start Motor Assy		1.00	0.00	200.00	Engine & Transmission		2025-05-06 08:12:29.955224+00	2025-05-06 08:12:29.955253+00	1
115	8375G-LHA-000-QU	RR Center Cover Assy Citycom		1.00	0.00	80.00	Frame and Body		2025-05-06 08:13:06.698077+00	2025-05-06 08:13:06.6981+00	1
118	95003-23032-60	V Tube Gts300efi		2.00	0.00	30.00	Cooling System		2025-05-06 08:15:55.753642+00	2025-05-06 08:15:55.753669+00	1
119	33100-X8A-0001	Headlight Assy Jet14		1.00	0.00	1900.00	Lighting and Indicators		2025-05-06 08:16:55.432802+00	2025-05-06 08:16:55.432833+00	1
120	67100-X8A-0000	Wind Screen Jet14		1.00	0.00	600.00	Frame and Body		2025-05-06 08:17:23.949623+00	2025-05-06 08:17:23.949644+00	1
121	61100-X8A-0001-K	FR Fender Jet 14		1.00	0.00	1200.00	Frame and Body		2025-05-06 08:18:06.013404+00	2025-05-06 08:18:06.013427+00	1
122	64303-X8A-0000	Head Light Lower Cover Jet14		1.00	0.00	60.00	Frame and Body		2025-05-06 08:18:35.256798+00	2025-05-06 08:18:35.256819+00	1
123	2301A-ANT-0005	Pully Jet 14		1.00	0.00	600.00	Engine & Transmission		2025-05-06 08:19:00.095022+00	2025-05-06 08:19:00.095051+00	1
124	91256-LEA-000	Dust Oil Seal		4.00	0.00	30.00	Engine & Transmission		2025-05-06 08:19:34.744678+00	2025-05-06 08:19:34.744696+00	1
125	91255-LEA-000	Oil Seal Citicom 300		4.00	0.00	30.00	Engine & Transmission		2025-05-06 08:20:03.481216+00	2025-05-06 08:20:03.481248+00	1
126	45121-LEA-000-SO	FR Brake Disks-421 Citycom		1.00	0.00	400.00	Brakes		2025-05-06 08:21:03.195024+00	2025-05-06 08:21:03.195046+00	1
127	28233-M92-0001	Driven-Kick Xpro 123		2.00	0.00	200.00	Frame and Body		2025-05-06 08:21:31.228176+00	2025-05-06 08:21:31.228204+00	1
80	31600-N7F-0001	Regulator Rec Comp Jet14		1.00	0.00	50.00	Electrical Components		2025-05-06 07:44:54.619405+00	2025-05-28 06:46:34.745145+00	1
128	91201-M9Q-3000-M2	Oil Seal		6.00	0.00	41.76	Engine & Transmission		2025-05-06 08:21:57.874753+00	2025-05-27 10:37:33.56045+00	1
129	2812A-XJA-0000	Starter Clutch Outer Assy		1.00	0.00	200.00	Engine & Transmission		2025-05-06 08:22:20.427184+00	2025-05-06 08:22:20.427211+00	1
130	90034-HMA-000	Special Stud Bolt 8		2.00	0.00	50.00	Miscellaneous / Universal Parts		2025-05-06 08:25:45.469494+00	2025-05-06 08:25:45.469519+00	1
131	90103-KN8-000	Special Bolt 8MM		5.00	0.00	50.00	Miscellaneous / Universal Parts		2025-05-06 08:26:13.732585+00	2025-05-06 08:26:13.732612+00	1
132	90474-333-000-KD	Washer Xpro		5.00	2.00	10.00	Miscellaneous / Universal Parts		2025-05-06 08:26:47.240428+00	2025-05-06 08:26:47.240448+00	1
133	90043-XB1-0000	Cap Nut 8mm		2.00	0.00	50.00	Miscellaneous / Universal Parts		2025-05-06 08:27:15.154942+00	2025-05-06 08:27:15.154963+00	1
137	91003-M8Q-0000	Radial Ball Bearing		2.00	0.00	50.00	Engine & Transmission		2025-05-06 08:29:41.197184+00	2025-05-06 08:29:41.197205+00	1
138	91104-KN7-6700-M1	Radial Ball Bearing		2.00	0.00	50.00	Engine & Transmission		2025-05-06 08:30:09.738883+00	2025-05-06 08:30:09.738905+00	1
139	91202-KJ9-0030-M1	Seal-Oil Xpro125		2.00	0.00	20.00	Engine & Transmission		2025-05-06 08:30:34.447746+00	2025-05-06 08:30:34.447775+00	1
140	96100-63013-00	Radial Ball Bearing  630		4.00	0.00	50.00	Engine & Transmission		2025-05-06 08:30:57.568455+00	2025-05-06 08:30:57.568476+00	1
90	1690A-XRA-0002	Fuel strainer Jet 14		4.00	1.00	120.00	Fuel System		2025-05-06 07:53:25.793309+00	2025-07-11 07:54:29.607757+00	1
141	96100-62033-10	Radial Ball Bearing  6203 c3		2.00	0.00	50.00	Engine & Transmission		2025-05-06 08:31:20.251768+00	2025-05-06 08:31:20.251799+00	1
142	96150-62050-10	Radial Ball Bearing 6205LLU		2.00	0.00	50.00	Engine & Transmission		2025-05-06 08:31:51.739186+00	2025-05-06 08:31:51.739217+00	1
143	91203-A6A-0000	Seal-Oil Xpro125		2.00	0.00	50.00	Engine & Transmission		2025-05-06 08:32:17.429735+00	2025-05-06 08:32:17.429755+00	1
144	23420-Z7P-0100-M1	Counter Shaft Jet14		2.00	0.00	200.00	Engine & Transmission		2025-05-06 08:32:40.822658+00	2025-05-06 08:32:40.822677+00	1
145	12391-F8A-0001	Head Cover Packing Jet14		3.00	0.00	120.00	Engine & Transmission		2025-05-06 08:33:10.560434+00	2025-05-06 08:33:10.560463+00	1
146	14751-ARA-0000	Valve Spring		2.00	0.00	30.00	Engine & Transmission		2025-05-06 08:33:37.996101+00	2025-05-06 08:33:37.996131+00	1
147	14771-F6C-A000	Retainer Xpro125		6.00	0.00	20.00	Engine & Transmission		2025-05-06 08:34:03.188241+00	2025-05-06 08:34:03.18826+00	1
148	35340-ARB-0000	LH stop Switch		4.00	0.00	50.00	Lighting and Indicators		2025-05-06 08:34:47.465447+00	2025-05-06 08:34:47.465476+00	1
112	11344-HMA-000	L Side Cover Element GTS300I		1.00	0.00	100.00	Frame and Body		2025-05-06 08:10:58.771393+00	2025-05-08 05:09:08.195498+00	1
154	12251-XJA-0000	Cylinder Head Gasket Jet14		3.00	0.00	48.18	Engine & Transmission		2025-06-09 12:42:57.17773+00	2025-06-09 12:47:59.644335+00	1
150	31120-F6N-0000	Stator Jet14		2.00	0.00	1460.93	Engine & Transmission		2025-05-15 19:07:38.676738+00	2025-06-09 12:51:26.119333+00	1
70	2902200	Tyre FF 90/80-16		1.00	0.00	800.00	Wheels and Tires		2025-05-06 07:34:54.756421+00	2025-06-18 17:42:48.019949+00	1
155	96700-08020-00	Socket Bolt 8*20		9.00	1.00	14.70	Frame and Body		2025-06-19 12:42:37.82335+00	2025-06-19 12:45:29.753744+00	1
134	384-BTX7A-BS	Battery Motorsport		6.00	0.00	429.00	Electrical Components		2025-05-06 08:28:03.415966+00	2025-06-23 13:43:33.441157+00	1
161	KMF12V7-1A	Battery YTX7A-BS		8.00	1.00	500.00	Electrical Components		2025-07-02 09:41:47.276324+00	2025-07-02 10:58:27.969478+00	2
162	45121-XMC-0001	Brake Disk FR		1.00	1.00	111.00	Brakes		2025-07-02 09:42:53.26031+00	2025-07-02 09:42:53.260333+00	2
164	FDB2190EF	Brake Pads FF		7.00	1.00	120.00	Brakes		2025-07-02 09:44:15.974069+00	2025-07-02 09:44:15.974091+00	2
165	43105-ARB-000-A-9	Brake Pads RR		8.00	1.00	120.00	Brakes		2025-07-02 09:44:56.393614+00	2025-07-02 09:44:56.393637+00	2
166	30410-T3A-A000	CDI UNIT		3.00	0.00	300.00	Electrical Components		2025-07-02 09:46:23.063107+00	2025-07-02 09:46:23.063129+00	2
167	23100-XMA-0001	Drive Belt		12.00	2.00	1000.00	Engine & Transmission		2025-07-02 09:47:09.181176+00	2025-07-02 09:47:09.181198+00	2
157	23100-XMA-0001	Drive Belt		4.00	1.00	900.00	Engine & Transmission		2025-06-26 20:02:20.234515+00	2025-06-26 20:06:25.441078+00	4
159	22132-ARA-0000	Slide Piece		3.00	1.00	10.00	Engine & Transmission		2025-06-26 20:03:49.803259+00	2025-06-26 20:06:25.445954+00	4
160	22121-M9B-0000	Weight Roller		3.00	1.00	120.00	Engine & Transmission		2025-06-26 20:04:25.175133+00	2025-06-26 20:06:25.45112+00	4
158	45121-XMC-0001	Brake Disk FR		1.00	0.00	500.00	Brakes		2025-06-26 20:03:15.448891+00	2025-06-26 20:06:58.890462+00	4
181	50506-ABA-0000	Stand Stop Rubber A		5.00	1.00	40.00	Frame and Body		2025-07-02 09:57:11.043444+00	2025-07-02 09:57:11.043482+00	2
149	130460	Engine Oil		213.00	50.00	560.00	Lubricants & Fluids		2025-05-08 19:19:11.904303+00	2025-07-02 09:39:28.295699+00	2
171	12V/21W/BAU15S	Indicator bulbs		9.00	2.00	50.00	Electrical Components		2025-07-02 09:49:52.580752+00	2025-07-02 09:49:52.580783+00	2
176	88120-XPA-0004-K	Mirror LH		1.00	0.00	300.00	Frame and Body		2025-07-02 09:53:18.679278+00	2025-07-02 09:53:18.6793+00	2
177	88110-XPA-0004-K	Mirror RH		2.00	0.00	300.00	Frame and Body		2025-07-02 09:54:16.524257+00	2025-07-02 09:54:16.524286+00	2
180	382-P-RZ7HC	Spark Plug		4.00	1.00	100.00	Engine & Transmission		2025-07-02 09:56:34.205057+00	2025-07-02 09:56:34.205126+00	2
184	22121-M9B-0000	Weight roller COMP		13.00	4.00	300.00	Engine & Transmission		2025-07-02 09:59:26.592709+00	2025-07-02 09:59:26.592729+00	2
185	28300-F6C-0000	Arm-Kick Start		1.00	1.00	600.00	Frame and Body		2025-07-02 10:00:50.580127+00	2025-07-02 10:00:50.580159+00	2
187	3585A-35A-A000	Start MAG SW SET JET 14		3.00	1.00	670.00	Electrical Components		2025-07-02 10:05:33.839034+00	2025-07-02 10:05:33.839056+00	2
163	43121-XJA-0001	Brake Disk RR		7.00	1.00	112.00	Brakes		2025-07-02 09:43:43.075336+00	2025-07-02 10:59:32.325951+00	2
168	GL-R459	Headlight Bulbs 12V 35/35W		19.00	2.00	50.00	Electrical Components		2025-07-02 09:47:44.249037+00	2025-07-02 11:00:57.685954+00	2
169	3051A-ARA-0200	Ignition Coil		3.00	1.00	200.00	Engine & Transmission		2025-07-02 09:48:42.249536+00	2025-07-02 11:01:36.373347+00	2
170	30700-T7A-A000	Ignition Coil Cap		22.00	2.00	300.00	Electrical Components		2025-07-02 09:49:18.49115+00	2025-07-02 11:02:07.244071+00	2
173	50500-X8A-0002	Main Stand COMP		3.00	1.00	600.00	Frame and Body		2025-07-02 09:51:36.670766+00	2025-07-02 11:03:17.758743+00	2
178	22132-ARA-0000	Slide piece		8.00	2.00	300.00	Engine & Transmission		2025-07-02 09:55:19.391461+00	2025-07-02 11:06:03.536649+00	2
179	4549-CR7HSA	Spark Plug		22.00	2.00	100.00	Engine & Transmission		2025-07-02 09:55:45.978911+00	2025-07-02 11:06:23.408442+00	2
182	3445700	Tyre FF 100/90-14		10.00	1.00	900.00	Wheels and Tires		2025-07-02 09:57:49.640058+00	2025-07-02 11:06:56.340759+00	2
183	2902800	Tyre RR 110/80-14		7.00	1.00	900.00	Wheels and Tires		2025-07-02 09:58:34.654273+00	2025-07-02 11:07:21.151978+00	2
186	28250-ARA-0000	Kick Start Spindle		4.00	1.00	450.00	Frame and Body		2025-07-02 10:02:53.230186+00	2025-07-02 11:08:07.762275+00	2
152	91255-413-8811	SEAL-OIL XPRO125		0.00	0.00	86.14	Engine & Transmission		2025-06-09 12:41:22.077282+00	2025-07-04 16:44:11.966557+00	1
189	130469	Gear Oil		21.00	5.00	300.00	Miscellaneous / Universal Parts		2025-07-02 10:07:08.475456+00	2025-07-02 10:07:08.475476+00	2
190	211412	Valve Ruber Rim		48.00	5.00	20.00	Wheels and Tires		2025-07-02 10:08:29.460588+00	2025-07-02 10:08:29.460609+00	2
191	90912-M9Q-0000-M1	Radial Ball BRG 6201U Xpro125		3.00	1.00	300.00	Engine & Transmission		2025-07-02 10:22:15.02114+00	2025-07-02 10:22:15.021171+00	2
153	14781-A01-A000	VALVE COTTER		12.00	0.00	6.32	Engine & Transmission		2025-06-09 12:42:06.466422+00	2025-07-09 16:09:16.855999+00	1
10	22132-ARA-0000	Slide Piece		77.00	15.00	10.00	Engine & Transmission		2025-05-05 21:28:57.890263+00	2025-07-10 17:27:54.3235+00	1
135	MCT-YTX7A-BS	Battery Auto-X		2.00	3.00	800.00	Electrical Components		2025-05-06 08:28:44.934208+00	2025-07-09 16:12:30.631915+00	1
117	22300-ANT-0001	Plate Xpro125		4.00	0.00	763.92	Engine & Transmission		2025-05-06 08:14:07.124182+00	2025-07-10 17:38:33.048131+00	1
136	90202-M9Q-000	Special Nut 28 mm		5.00	0.00	29.20	Miscellaneous / Universal Parts		2025-05-06 08:29:16.499241+00	2025-07-10 17:16:56.621506+00	1
151	95801-08040-00	Flange Bolt 8*40		4.00	1.00	19.58	Miscellaneous / Universal Parts		2025-05-15 19:09:19.412309+00	2025-07-10 17:33:34.334577+00	1
116	93404-06012-07	Washer Bolt 6*12		5.00	4.00	20.00	Miscellaneous / Universal Parts		2025-05-06 08:13:38.874667+00	2025-07-11 08:09:04.151963+00	1
9	23100-XMA-0001	Drive Belt		11.00	5.00	996.52	Engine & Transmission		2025-05-05 21:28:13.605717+00	2025-07-10 17:26:11.072366+00	1
192	E450N	TopBox GIVI		2.00	0.00	3000.00	Frame and Body		2025-07-02 10:23:35.049908+00	2025-07-02 10:23:35.049931+00	2
193	91302-M9T-0002	O-ring 30.8mm		4.00	1.00	30.00	Engine & Transmission		2025-07-02 10:24:03.4831+00	2025-07-02 10:24:03.48312+00	2
194	YTX12-BS	Battery		1.00	0.00	600.00	Electrical Components		2025-07-02 10:25:39.914042+00	2025-07-02 10:25:39.914064+00	2
195	43121-LEA-000-KB	Brake Disk RR		1.00	0.00	200.00	Brakes		2025-07-02 10:27:21.758071+00	2025-07-02 10:27:21.758091+00	2
196	1B01LHA01	Drive Belt		2.00	1.00	6000.00	Engine & Transmission		2025-07-02 10:28:08.200699+00	2025-07-02 10:28:08.20072+00	2
197	18317-XPA-0001-K	Exhaust Protector		1.00	0.00	300.00	Frame and Body		2025-07-02 10:28:35.288811+00	2025-07-02 10:28:35.288833+00	2
198	1275-CR8E	Spark Plug		14.00	3.00	90.00	Engine & Transmission		2025-07-02 10:29:08.453565+00	2025-07-02 10:29:08.453587+00	2
199	2902200	Tyre FF 90/80-16		2.00	1.00	900.00	Wheels and Tires		2025-07-02 10:29:32.874915+00	2025-07-02 10:29:32.874947+00	2
200	2772400	Tyre RR 140/70-16		4.00	1.00	890.00	w		2025-07-02 10:30:09.298897+00	2025-07-02 10:30:09.298918+00	2
14	43105-ARB-000-A-9	Brake Pads RR		17.00	5.00	140.00	Brakes		2025-05-05 21:33:50.092617+00	2025-07-20 06:15:58.116892+00	1
201	22121-RB1-001-A	Weight roller COMP		3.00	1.00	200.00	Engine & Transmission		2025-07-02 10:30:35.762738+00	2025-07-02 10:30:35.762769+00	2
202	90201-KR8-751-M1	Flange Nut 14MM GTS300I		1.00	0.00	50.00	Frame and Body		2025-07-02 10:31:32.938579+00	2025-07-02 10:31:32.938609+00	2
203	1711A-AR1-0003	Inlet Pipe Sym Jet 14		5.00	1.00	400.00	e		2025-07-02 10:32:04.987108+00	2025-07-02 10:32:04.987129+00	2
204	17910-XRA-0000	Throttle Cable Comp Jet 14		1.00	0.00	340.00	Frame and Body		2025-07-02 10:32:42.230372+00	2025-07-02 10:32:42.230394+00	2
205	38300-T40-0101	Winker Relay Jet 14		2.00	0.00	200.00	Electrical Components		2025-07-02 10:33:27.573617+00	2025-07-02 10:33:27.573637+00	2
206	16950-M9Q-000A	Fuel Cock Assy		2.00	0.00	400.00	Engine & Transmission		2025-07-02 10:34:06.416212+00	2025-07-02 10:34:06.416245+00	2
207	44830-XDE-0002	Sensor Crox 125		1.00	0.00	230.00	Electrical Components		2025-07-02 10:34:35.927896+00	2025-07-02 10:34:35.927915+00	2
208	53175-T6V-0002	RH Strg Handle Lever		5.00	1.00	600.00	Frame and Body		2025-07-02 10:35:12.169264+00	2025-07-02 10:35:12.169295+00	2
209	53178-ARB-0000	LH Strg Handle Lever		3.00	1.00	600.00	Frame and Body		2025-07-02 10:35:40.076678+00	2025-07-02 10:35:40.076699+00	2
210	81250-XPA-0009	Luggage box		1.00	0.00	300.00	Frame and Body		2025-07-02 10:36:30.970513+00	2025-07-02 10:36:30.970535+00	2
211	22300-ANT-0001	Drive plate xpro125		4.00	1.00	560.00	Engine & Transmission		2025-07-02 10:37:17.158332+00	2025-07-02 10:37:17.158362+00	2
212	96001-06016-08	Flange bolt 616		4.00	1.00	50.00	Frame and Body		2025-07-02 10:44:40.934197+00	2025-07-02 10:44:40.934226+00	2
213	35150-X9C-0000	R. handle SW		2.00	0.00	300.00	Electrical Components		2025-07-02 10:45:08.688125+00	2025-07-02 10:45:08.688147+00	2
214	38301-RFA-000	Winker relay comp citycom		1.00	0.00	200.00	Electrical Components		2025-07-02 10:45:46.722319+00	2025-07-02 10:45:46.72234+00	2
215	53104-N02-0002	Handle pipe WT CITYCOM		2.00	0.00	200.00	Frame and Body		2025-07-02 10:46:10.272545+00	2025-07-02 10:46:10.272571+00	2
216	2211A-ARA-0002	Movable drive face jet14		3.00	1.00	600.00	Engine & Transmission		2025-07-02 10:46:41.291807+00	2025-07-02 10:46:41.291829+00	2
217	2812A-XJA-0000	Starting clutch outer assy jet14		1.00	0.00	700.00	Engine & Transmission		2025-07-02 10:47:12.301613+00	2025-07-02 10:47:12.301635+00	2
218	13111-GYB2-A000	Rear wheel nut		1.00	0.00	100.00	Wheels and Tires		2025-07-02 10:47:46.773986+00	2025-07-02 10:47:46.774018+00	2
219	17230-ARA-0102	Air/C case comp		1.00	0.00	3000.00	Engine & Transmission		2025-07-02 10:48:27.567613+00	2025-07-02 10:48:27.567643+00	2
220	44800-XPA-0101	SPDMT Gear box jet14		2.00	0.00	300.00	Frame and Body		2025-07-02 10:48:56.776355+00	2025-07-02 10:48:56.776376+00	2
221	91051-H9A-0000	Bearing symphony150		3.00	1.00	500.00	Engine & Transmission		2025-07-02 10:49:52.7107+00	2025-07-02 10:49:52.710729+00	2
222	18000-X9C-0002-K	Exh Muffler jet14		2.00	0.00	400.00	Frame and Body		2025-07-02 10:50:15.373498+00	2025-07-02 10:50:15.37352+00	2
223	45500-AAA-0002	FR MIC XPRO 125		2.00	0.00	300.00	Engine & Transmission		2025-07-02 10:50:53.639278+00	2025-07-02 10:50:53.639299+00	2
224	77201-AAA-0000	Hinge seat		1.00	0.00	30.00	Frame and Body		2025-07-02 10:51:36.578873+00	2025-07-02 10:51:36.578894+00	2
225	50530-X8A-0002	Side stand comp jet14		3.00	1.00	600.00	Frame and Body		2025-07-02 10:52:42.045399+00	2025-07-02 10:52:42.045423+00	2
226	43500-ARB-0101	Rr M/c Ass Y Jet14		1.00	0.00	400.00	Frame and Body		2025-07-02 10:53:18.513632+00	2025-07-02 10:53:18.513664+00	2
227	50535-Z7C-0001	Side stand SPG assy		4.00	1.00	450.00	Frame and Body		2025-07-02 10:53:51.809033+00	2025-07-02 10:53:51.809058+00	2
228	81200-APA-0000	RR Carrier		2.00	0.00	300.00	Frame and Body		2025-07-02 10:54:19.715472+00	2025-07-02 10:54:19.715494+00	2
229	35850-L4A-100	Starter MAG SW		1.00	0.00	300.00	Electrical Components		2025-07-02 10:55:57.793596+00	2025-07-02 10:55:57.793631+00	2
230	209091	KENDA TYRE 120/70-12		4.00	1.00	800.00	Wheels and Tires		2025-07-02 10:56:21.619059+00	2025-07-02 10:56:21.619082+00	2
231	209092	KENDA TYRE 130/70-12		4.00	1.00	900.00	w		2025-07-02 10:56:43.473627+00	2025-07-02 10:56:43.473655+00	2
156	17211-ADB-0000	Air Filter Element		10.00	2.00	111.80	Engine & Transmission		2025-06-19 13:55:52.311546+00	2025-07-02 10:57:39.696425+00	2
174	5052A-APA-9000	Main Stand SPG.ASSY		6.00	1.00	800.00	Frame and Body		2025-07-02 09:52:20.984536+00	2025-07-02 11:04:25.752672+00	2
237	91255-413-8811	SEAL-OIL XPRO125		6.00	0.00	86.14	Engine & Transmission		2025-07-04 16:44:11.970733+00	2025-07-04 16:44:11.973492+00	6
233	6430A-ABF-0003-RD	Fr Cover Xpro125		0.00	0.00	1508.91	Frame and Body		2025-07-02 15:48:39.802226+00	2025-07-04 16:44:11.978585+00	1
232	90440-M9Q-000	Plain Washer 12mm		2.00	0.00	14.60	Bolts & Nuts		2025-07-02 15:47:19.164849+00	2025-07-02 18:47:47.563771+00	1
238	6430A-ABF-0003-RD	Fr Cover Xpro125		1.00	0.00	1508.91	Frame and Body		2025-07-04 16:44:12.02891+00	2025-07-04 16:44:12.030851+00	6
234	81131-ABF-0003	Inner Cover Xpro125		0.00	0.00	406.17	Frame and Body		2025-07-02 15:49:32.254154+00	2025-07-04 16:44:12.047739+00	1
239	81131-ABF-0003	Inner Cover Xpro125		1.00	0.00	406.17	Frame and Body		2025-07-04 16:44:12.052382+00	2025-07-04 16:44:12.054259+00	6
235	53200-AAA-0005	Steering Stem Comp		0.00	0.00	1063.83	Frame and Body		2025-07-02 15:50:47.461179+00	2025-07-04 16:45:10.281752+00	1
240	53200-AAA-0005	Steering Stem Comp		1.00	0.00	1063.83	Frame and Body		2025-07-04 16:45:10.287282+00	2025-07-04 16:45:10.290346+00	6
236	61100-AAA-0000-WD	FR Fender Xpro125		0.00	0.00	1002.46	Frame and Body		2025-07-02 15:51:33.102457+00	2025-07-04 16:45:10.292053+00	1
241	61100-AAA-0000-WD	FR Fender Xpro125		1.00	0.00	1002.46	Frame and Body		2025-07-04 16:45:10.296619+00	2025-07-04 16:45:10.298275+00	6
13	91204-HMA-0005-M2	Oil Seal 25*40*7		9.00	1.00	50.00	Engine & Transmission		2025-05-05 21:32:34.243521+00	2025-07-10 17:17:30.873163+00	1
242	TYM-139610	Tyre FR 100/90-14"		2.00	0.00	900.00	Tyres		2025-07-09 15:39:06.134916+00	2025-07-09 15:40:47.459925+00	1
103	2211A-ARA-0002	Face-Drive Xpro125		4.00	1.00	120.00	Engine & Transmission		2025-05-06 08:06:05.065674+00	2025-07-10 17:39:23.648155+00	1
8	17211-ADB-0000	Air Filter Element		20.00	5.00	111.80	Consumables and Accessories		2025-05-05 21:25:15.716942+00	2025-07-20 06:07:35.372965+00	1
26	30700-T7A-A000	Ignition Coil Cap		5.00	2.00	62.05	Electrical Components		2025-05-05 21:49:06.538945+00	2025-07-20 06:07:35.415534+00	1
15	FDB2190EF	Brake Pads FF		23.00	5.00	119.00	Brakes		2025-05-05 21:34:44.654682+00	2025-07-20 06:12:32.669457+00	1
69	1275-CR8E	Spark Plug		7.00	0.00	50.00	Engine & Transmission		2025-05-06 07:32:30.375045+00	2025-07-20 06:12:32.692587+00	1
7	130469	Gear Oil		4.70	5.00	500.00	Lubricants & Fluids		2025-05-05 21:21:17.375925+00	2025-07-20 06:12:32.667127+00	1
1	130460	Engine Oil		148.80	5.00	560.00	Lubricants & Fluids		2025-05-05 19:18:03.334943+00	2025-07-20 06:16:52.571505+00	1
\.


--
-- Data for Name: inventory_purchase; Type: TABLE DATA; Schema: public; Owner: scooteruser
--

COPY public.inventory_purchase (id, invoice_number, invoice_date, due_date, status, total_amount, amount_paid, notes, date_created, date_updated, created_by_id, supplier_id, store_id, discount_amount, discount_percent, subtotal, vat_amount, vat_percent) FROM stdin;
2	10IPAAY9965	2025-05-08	2025-05-08	paid	1800.00	0.00		2025-05-08 19:19:50.045499+00	2025-05-10 10:48:11.428965+00	1	4	\N	0.00	0.00	0.00	0.00	0.00
4	10AIPAAZ0950	2025-05-13	2025-05-29	paid	6987.95	6987.95		2025-05-15 19:04:48.125991+00	2025-05-15 19:11:32.529387+00	1	1	\N	0.00	0.00	0.00	0.00	0.00
8	10AIPAAZ1887	2025-05-27	2025-05-27	paid	8576.91	6015.81		2025-05-27 10:37:33.234577+00	2025-05-27 10:37:33.579436+00	1	1	1	0.00	0.00	0.00	0.00	0.00
9	10AIPAAZ2728	2025-06-09	2025-06-09	paid	4653.80	4073.63		2025-06-09 12:47:59.493393+00	2025-06-09 12:47:59.672125+00	1	1	1	0.00	0.00	0.00	0.00	0.00
10	10AIPAAZ2570	2025-06-05	2025-06-05	paid	4692.08	3237.54		2025-06-09 12:51:25.961678+00	2025-06-09 12:51:26.123289+00	1	1	1	0.00	0.00	0.00	0.00	0.00
11	10AIPAAZ2543	2025-06-05	2025-06-05	paid	478.30	366.88		2025-06-09 12:52:43.215188+00	2025-06-09 12:52:43.235939+00	1	1	1	0.00	0.00	0.00	0.00	0.00
12	10AIPAAZ2504	2025-06-05	2025-06-05	paid	1180.41	912.24		2025-06-09 12:54:39.206047+00	2025-06-09 12:54:39.304726+00	1	1	1	0.00	0.00	0.00	0.00	0.00
13	10AIPAAZ3519	2025-06-19	2025-06-19	paid	1986.86	1468.70		2025-06-19 12:45:29.283206+00	2025-06-19 12:45:29.757628+00	1	1	1	0.00	0.00	0.00	0.00	0.00
14	INV-131033	2025-06-23	2025-06-23	paid	2358.00	2664.32		2025-06-23 13:43:33.059046+00	2025-06-23 13:43:33.489239+00	1	2	1	0.00	0.00	0.00	0.00	0.00
19	10AIPAAZ4436	2025-07-02	2025-07-02	paid	407.49	407.49		2025-07-02 18:47:47.523836+00	2025-07-02 18:47:47.606612+00	1	1	1	236.22	40.00	590.56	53.15	15.00
20	10AIPAAZ4422	2025-07-02	2025-07-02	paid	2747.15	2844.91		2025-07-02 18:52:35.379628+00	2025-07-02 18:52:35.452723+00	1	1	1	1592.55	40.00	3981.37	358.32	15.00
21	66537494	2025-07-08	2025-07-08	paid	1191.40	1191.40		2025-07-09 15:40:47.329574+00	2025-07-09 15:40:47.674031+00	1	5	1	0.00	0.00	1036.00	155.40	15.00
22	10AIPAAZ4895	2025-07-08	2025-07-08	paid	375.96	366.88		2025-07-09 15:47:20.660088+00	2025-07-09 15:47:20.699618+00	1	1	1	151.38	31.65	478.30	49.04	15.00
23	10AIPAAZ4870	2025-07-08	2025-07-08	paid	3286.15	3383.89		2025-07-09 15:53:23.307649+00	2025-07-09 15:53:23.411563+00	1	1	1	1905.01	40.00	4762.53	428.63	15.00
24	10AIPAAZ4937	2025-07-09	2025-07-09	paid	10382.49	12110.29		2025-07-09 16:09:16.730828+00	2025-07-09 16:09:17.010291+00	1	1	1	6018.83	40.00	15047.08	1354.24	15.00
25	INV-131837	2025-07-14	2025-07-14	paid	2737.00	2967.00		2025-07-14 07:56:51.519246+00	2025-07-14 07:56:51.54076+00	1	2	1	0.00	0.00	2380.00	357.00	15.00
\.


--
-- Data for Name: inventory_purchaseitem; Type: TABLE DATA; Schema: public; Owner: scooteruser
--

COPY public.inventory_purchaseitem (id, description, quantity, unit_price, part_id, purchase_id, scooter_id, store_id) FROM stdin;
2	Engine Oil	50.00	560.00	149	2	\N	2
3	brake pads	20.00	140.16	14	4	\N	1
4	air filter	5.00	111.80	8	4	\N	1
5	start mag sw	5.00	191.70	44	4	\N	1
6	drive belt	5.00	996.52	9	4	\N	1
7	flange bolt	1.00	19.58	151	4	\N	1
11	Brake Disk RR - 43121-XJA-0001	2.00	421.21	20	8	\N	1
12	Ignition Coil Cap - 30700-T7A-A000	5.00	62.05	26	8	\N	1
13	Drive Belt - 23100-XMA-0001	5.00	996.52	9	8	\N	1
14	Oil Seal - 91201-M9Q-3000-M2	5.00	41.76	128	8	\N	1
15	Air Filter Element - 172-ADB-0000	5.00	111.80	8	8	\N	1
16	Plate Xpro125 - 22300-ANT-0001	2.00	763.92	117	8	\N	1
17	Special Nut 28 mm - 90202-M9Q-000	5.00	29.20	136	8	\N	1
18	VALVE COTTER - 14781-A01-A000	10.00	6.32	153	9	\N	1
19	Cylinder Head Gasket Jet14 - 12251-XJA-0000	3.00	48.18	154	9	\N	1
20	Main Stand COMP - 50500-X8A-0002	2.00	561.36	29	9	\N	1
21	Slide Piece - 22132-ARA-0000	14.00	4.75	10	9	\N	1
22	Oil Seal 25*40*7 - 91204-HMA-0005-M2	3.00	103.66	13	9	\N	1
23	Weight Roller - 22121-M9B-0000	10.00	22.34	12	9	\N	1
24	SEAL-OIL XPRO125 - 91255-413-8811	5.00	86.14	152	9	\N	1
25	Plate Xpro125 - 22300-ANT-0001	3.00	763.92	117	9	\N	1
26	Main Stand COMP - 50500-X8A-0002	3.00	561.36	29	10	\N	1
27	SEAL-OIL XPRO125 - 91255-413-8811	1.00	86.14	152	10	\N	1
28	Stator Jet14 - 31120-F6N-0000	2.00	1460.93	150	10	\N	1
29	Spark Plug - CR7HSA	10.00	47.83	11	11	\N	1
30	Exhaust Protector Jet14 - 18317-XPA-0001-K	3.00	393.47	66	12	\N	1
31	Arm-Kick Start - 28300-F6C-0000	2.00	617.03	41	13	\N	1
32	Ignition Coil Cap - 30700-T7A-A000	10.00	62.05	26	13	\N	1
33	Socket Bolt 8*20 - 96700-08020-00	9.00	14.70	155	13	\N	1
34	Battery Motorsport - 384-BTX7A-BS	6.00	393.00	134	14	\N	1
52	FR Fender Xpro125 - 61100-AAA-0000-WD	1.00	1002.46	236	20	\N	1
47	Plain Washer 12mm - 90440-M9Q-000	2.00	14.60	232	19	\N	1
48	Main Stand COMP - 50500-X8A-0002	1.00	561.36	29	19	\N	1
49	Fr Cover Xpro125 - 6430A-ABF-0003-RD	1.00	1508.91	233	20	\N	1
50	Inner Cover Xpro125 - 81131-ABF-0003	1.00	406.17	234	20	\N	1
51	Steering Stem Comp - 53200-AAA-0005	1.00	1063.83	235	20	\N	1
53	Tyre FR 100/90-14" - TYM-139610	2.00	518.00	242	21	\N	1
54	Spark Plug - CR7HSA	10.00	47.83	11	22	\N	1
55	Brake Disk RR - 43121-XJA-0001	5.00	421.21	20	23	\N	1
56	Air Filter Element - 17211-ADB-0000	20.00	111.80	8	23	\N	1
57	Brake Pads RR - 43105-ARB-000-A-9	3.00	140.16	14	23	\N	1
58	VALVE COTTER - 14781-A01-A000	2.00	5.32	153	24	\N	1
59	Weight Roller - 22121-M9B-0000	20.00	22.34	12	24	\N	1
60	Slide Piece - 22132-ARA-0000	17.60	4.75	10	24	\N	1
61	Main Stand COMP - 50500-X8A-0002	2.00	561.36	29	24	\N	1
62	Arm-Kick Start - 28300-F6C-0000	1.00	517.00	41	24	\N	1
63	Oil Seal 25*40*7 - 91204-HMA-0005-M2	5.00	103.66	13	24	\N	1
64	Drive Belt - 23100-XMA-0001	10.00	996.53	9	24	\N	1
65	Brake Pads RR - 43105-ARB-000-A-9	17.00	140.16	14	24	\N	1
66	Brake Pads FF - FDB2190EF	20.00	119.00	15	25	\N	1
\.


--
-- Data for Name: inventory_scooter; Type: TABLE DATA; Schema: public; Owner: scooteruser
--

COPY public.inventory_scooter (id, vin, make, model, year, color, status, hourly_rate, daily_rate, purchase_date, purchase_price, mileage, last_maintenance, notes, date_created, date_updated, store_id, license_number, supplier_id, category_id, category) FROM stdin;
26	LXMXCA501NX022967	Sym	Jet 14 200	2022	White	available	25.00	400.00	2022-10-20	30775.00	47597	2025-02-03		2025-05-13 08:50:59.724124+00	2025-05-15 05:55:32.499396+00	1	KS 92 GD GP	\N	\N	B
28	LXMXCA501MX024485	Sym	Jet 14 200	2022	White	available	25.00	400.00	2022-11-02	30775.00	12483	2025-04-15		2025-05-13 08:59:35.404545+00	2025-05-15 05:55:59.435644+00	1	KP 09 XM GP	\N	\N	B
29	LXMXCA501MX025164	Sym	Jet 14 200	2022	White	available	25.00	400.00	2022-11-09	30775.00	32795	2024-12-09		2025-05-13 09:46:10.365731+00	2025-05-15 05:58:47.453752+00	1	KL 21 SP GP	\N	\N	B
17	LXMXCA501PX020386	Sym	Jet 14 200	2023	White	available	25.00	100.00	2024-06-25	30775.00	5400	2025-05-12		2025-05-12 13:04:58.765628+00	2025-05-15 05:59:40.289959+00	1	LV 14 HZ GP	\N	\N	B
16	LXMXCA501MX024488	Sym	Jet 14 200	2023	White	available	25.00	100.00	2023-01-18	30779.00	20635	2025-05-12		2025-05-12 12:15:51.437705+00	2025-05-15 05:59:48.076625+00	1	KP 13 SM GP	\N	\N	B
19	LXMXCA501MX024486	Sym	Jet 14 200	2022	White	available	25.00	100.00	2022-11-01	30775.00	23989	2024-11-28		2025-05-13 08:30:23.162061+00	2025-05-15 06:00:11.347376+00	1	KP 13 YT GP	\N	\N	B
23	LXMXCA501MX024528	Sym	Jet 14 200	2022	White	available	25.00	100.00	2022-11-18	30775.00	32025	2025-02-27		2025-05-13 08:41:29.360727+00	2025-05-15 06:00:47.922897+00	1	KP 13 RN GP	\N	\N	B
35	LXMXCA501NX022987	Sym	Jet 14 200	2022	White	available	25.00	400.00	2022-10-28	30775.00	42419	2025-04-29		2025-05-13 10:00:33.487892+00	2025-05-15 06:01:14.17204+00	1	KS 45 FR GP	\N	\N	B
36	RFGLLA702LSA00815	Sym	Citycom 300	2022	White	available	40.00	600.00	2022-10-25	79995.00	41913	2024-10-15		2025-05-13 10:09:19.781542+00	2025-05-15 06:01:21.329463+00	1	CAA 43 98 39	\N	\N	B
44	LXMXCA501RXA35844	Sym	Jet 14 200	2023	White	available	25.00	400.00	2024-12-13	30775.00	3166	2025-04-03		2025-05-13 10:34:38.237491+00	2025-05-15 06:02:21.290889+00	1	MB 96 WY GP	\N	\N	B
45	LXMXCA501RXA30421	Sym	Jet 14 200	2023	White	available	25.00	400.00	2024-12-13	30775.00	3187	2025-03-05		2025-05-13 10:36:54.228247+00	2025-05-15 06:02:28.075325+00	1	MB 96 YF GP	\N	\N	B
11	LXMXCA501PX020390	Sym	Jet 14 200	2024	White	maintenance	25.00	450.00	2024-06-25	30779.00	7886	2025-04-08		2025-05-09 07:56:30.169421+00	2025-05-15 07:48:23.567118+00	1	LV 14 CT GP	\N	\N	B
56	LXMXCA501RXA28092	Sym	Jet 14 200	2023	White	available	25.00	400.00	2024-06-25	30775.00	9000	2025-05-02		2025-05-19 07:53:15.182802+00	2025-05-27 07:46:22.403197+00	1	LV 14 JV GP	\N	\N	B
32	LXMXCA501NX022992	Sym	Jet 14 200	2022	White	available	25.00	400.00	2022-10-13	30775.00	30085	2025-06-02		2025-05-13 09:53:27.324978+00	2025-06-09 12:25:06.09945+00	1	KS 92 GW GP	\N	\N	B
31	LXMXCA501NX021483	Sym	Jet 14 200	2022	White	available	25.00	400.00	2022-12-20	30775.00	45048	2025-06-04		2025-05-13 09:51:22.283187+00	2025-06-09 12:30:55.444782+00	1	KS 93 ZW GP	\N	\N	B
7	LXMXCA501RXA35903	Sym	Jet 14 200	2023	White	available	25.00	100.00	2025-04-01	30779.00	0	2025-06-11		2025-05-08 08:02:35.264864+00	2025-06-11 09:17:06.527972+00	1	MG 15 PN GP	\N	\N	B
10	LXMXCA501RXA35845	Sym	Jet 14 200	2023	White	available	25.00	100.00	2025-04-01	30779.00	0	2025-06-17		2025-05-08 08:09:31.39539+00	2025-06-17 12:40:42.873501+00	1	MG 15 WR GP	\N	\N	B
41	LXMXCA501RXA35850	Sym	Jet 14 200	2023	White	available	25.00	400.00	2024-12-13	30775.00	3006	2025-06-17		2025-05-13 10:29:46.651512+00	2025-06-17 12:43:26.192854+00	1	MB 96 ZX GP	\N	\N	B
20	LXMXCA501MX024462	Sym	Jet 14 200	2022	White	available	25.00	100.00	2022-12-05	30775.00	35973	2025-06-17		2025-05-13 08:32:40.992422+00	2025-06-17 12:47:14.747322+00	1	KP 13 ZF GP	\N	\N	B
30	LXMXCA501MX024518	Sym	Jet 14 200	2022	White	available	25.00	400.00	2022-10-21	30779.00	41349	2025-06-18		2025-05-13 09:49:12.122981+00	2025-06-18 13:09:55.182929+00	1	KL 21 TT GP	\N	\N	B
46	LXMXCA501RXA35854	Sym	Jet 14 200	2023	White	available	25.00	400.00	2024-12-13	30775.00	6081	2025-06-19		2025-05-13 10:38:34.123366+00	2025-06-19 13:54:56.627814+00	1	MB 96 XF GP	\N	\N	B
9	LXMXCA501RXA35882	Sym	Jet 14 200	2023	White	available	25.00	100.00	2025-04-01	30779.00	0	2025-06-23		2025-05-08 08:07:17.503582+00	2025-06-23 13:25:46.403125+00	1	MG 15 XL GP	\N	\N	B
37	LXMXCA501PXA21914	Sym	Jet 14 200	2023	White	available	25.00	400.00	2024-02-19	30775.00	39119	2025-06-25		2025-05-13 10:15:49.170734+00	2025-06-25 12:02:23.001203+00	1	LP 28 SG GP	\N	\N	B
50	LXMXCA501PX020380	Sym	Jet 14 200	2023	White	available	25.00	400.00	2024-06-25	30775.00	15640	2025-04-10		2025-05-19 07:37:27.254695+00	2025-05-19 07:37:27.254715+00	1	LV 14 GZ GP	\N	\N	B
21	LXMXCA501MX024483	Sym	Jet 14 200	2022	White	available	25.00	100.00	2022-11-21	30775.00	31168	2025-07-04		2025-05-13 08:34:56.528396+00	2025-07-04 16:18:37.274024+00	1	KP 13 TB GP	\N	\N	B
15	LXMXCA501MX025160	Sym	Jet 14 200	2022	White	available	25.00	100.00	2022-11-14	30779.00	39016	2025-07-04		2025-05-12 10:20:21.993346+00	2025-07-04 16:14:46.188968+00	1	KL 21 XD GP	\N	\N	B
14	LXMXCA501PX020384	Sym	Jet 14 200	2023	White	available	25.00	100.00	2024-06-25	30779.00	33514	2025-07-04		2025-05-12 10:03:59.974763+00	2025-07-04 16:23:16.037483+00	1	LL 14 DL GP	\N	\N	B
47	LXMXCA501PXA21918	Sym	Jet 14 200	2023	White	available	25.00	400.00	2024-12-13	30775.00	8972	2025-07-04		2025-05-14 13:50:47.360817+00	2025-07-04 16:32:18.707251+00	1	LV 14 LL GP	\N	\N	B
27	LXMXCA501NX021501	Sym	Jet 14 200	2022	White	available	25.00	400.00	2022-10-28	30775.00	21044	2025-07-04		2025-05-13 08:55:32.309347+00	2025-07-04 16:28:17.632907+00	1	KR 93 JM GP	\N	\N	B
5	LXMXCA501MX023518	Sym	Jet 14 200	2023	White	available	25.00	650.00	2023-01-07	30779.00	44882	2025-07-04		2025-05-07 18:26:44.546692+00	2025-07-04 16:36:38.706237+00	1	KF 56 XK GP	\N	\N	B
43	LXMXCA501RXA35846	Sym	Jet 14 200	2023	White	available	25.00	400.00	2024-12-13	30775.00	9125	2025-07-07		2025-05-13 10:32:49.543186+00	2025-07-07 13:38:04.242519+00	1	MB 96 YT GP	\N	\N	B
40	LXMXCA501RXA30428	Sym	Jet 14 200	2023	White	available	25.00	400.00	2024-12-13	30775.00	4444	2025-07-07		2025-05-13 10:23:59.922266+00	2025-07-07 13:39:51.250892+00	1	MB 96 XY GP	\N	\N	B
22	LXMXCA501MX024492	Sym	Jet 14 200	2022	White	available	100.00	100.00	2022-11-02	30775.00	12111	2025-07-08		2025-05-13 08:39:20.870625+00	2025-07-09 16:12:29.9512+00	1	KP 13 SB GP	\N	\N	B
38	LXMXCA501PXA21932	Sym	Jet 14 200	2023	White	available	25.00	400.00	2023-11-27	30775.00	9030	2025-07-08		2025-05-13 10:18:52.417038+00	2025-07-09 16:15:39.592495+00	1	LL 74 SX GP	\N	\N	B
8	LXMXCA501RXA35901	Sym	Jet 14 200	2023	White	available	25.00	100.00	2025-04-01	30779.00	0	2025-07-09		2025-05-08 08:05:29.886307+00	2025-07-09 16:17:14.054304+00	1	MG 15 TV GP	\N	\N	B
34	LXMXCA501NX022994	Sym	Jet 14 200	2022	White	available	25.00	400.00	2022-10-18	30775.00	42083	2025-07-10		2025-05-13 09:57:53.916279+00	2025-07-10 10:30:14.209688+00	1	KS 28 KK GP	\N	\N	B
12	LXMXCA501NX026504	Sym	Jet 14 200	2023	White	available	25.00	100.00	2023-06-02	30779.00	32566	2025-07-11		2025-05-09 08:06:34.967184+00	2025-07-11 07:47:39.517866+00	1	LD 90 DT GP	\N	\N	B
57	LXMXCA501PXA21919	Sym	Jet 14 200	2023	White	available	25.00	400.00	2024-06-25	30775.00	12083	2025-07-11		2025-05-19 07:54:43.187371+00	2025-07-11 10:47:19.331579+00	1	LV 14 GB GP	\N	\N	B
33	LXMXCA501NX022993	Sym	Jet 14 200	2002	White	available	25.00	400.00	2022-10-19	30779.00	45011	2025-07-11		2025-05-13 09:55:41.511881+00	2025-07-11 08:08:15.402557+00	1	KS 28 HS GP	\N	\N	B
1	LXMXCA501RXA35862	Sym	Jet 14 200	2023	White	available	20.00	100.00	2025-04-01	30779.00	0	2025-07-14		2025-05-05 19:16:25.43611+00	2025-07-14 07:47:10.391756+00	1	MB 15 SB GP	\N	\N	B
24	LXMXCA501NX022989	Sym	Jet 14 200	2022	White	available	25.00	400.00	2022-10-28	30775.00	38718	2025-07-14		2025-05-13 08:46:09.858338+00	2025-07-14 18:06:51.461975+00	1	KS 92 FC GP	\N	\N	B
6	LXMXCA501RXA35906	Sym	Jet 14 200	2023	White	available	25.00	100.00	2025-04-01	30779.00	0	2025-07-15		2025-05-08 08:00:32.484575+00	2025-07-20 06:10:30.115927+00	1	MG 15 RP GP	\N	\N	B
53	LXMXCA501RXA35871	Sym	Jet 14 200	2023	White	available	25.00	400.00	2025-02-25	30775.00	0	2025-07-18		2025-05-19 07:47:34.290663+00	2025-07-20 06:14:59.398731+00	1	MF 41 CS GP	\N	\N	B
55	LXMXCA501RXA28095	Sym	Jet 14 200	2023	White	available	25.00	400.00	2024-06-25	30775.00	6019	2025-07-18		2025-05-19 07:51:09.969848+00	2025-07-20 06:15:58.095544+00	1	LV 14 KR GP	\N	\N	B
59	LXMXCA501NX021477	Sym	Jet 14 200	2023	White	available	25.00	400.00	2022-12-15	30775.00	48944	2025-05-07		2025-05-22 13:19:54.257728+00	2025-05-22 13:19:54.257751+00	1	KR 93 JV GP	\N	\N	B
51	LXMXCA501PX020396	Sym	Jet 14 200	2023	White	available	25.00	400.00	2024-06-25	30775.00	12065	2025-05-30		2025-05-19 07:39:39.932534+00	2025-06-09 12:15:11.642042+00	1	LV 14 BV GP	\N	\N	B
54	LXMXCA501RXA28093	Sym	Jet 14 200	2023	White	available	25.00	400.00	2024-06-25	30775.00	21459	2025-05-30		2025-05-19 07:49:43.51438+00	2025-06-09 12:19:36.417896+00	1	LV 14 MH GP	\N	\N	B
48	LXMXCA501RXA35905	Sym	Jet 14 200	2024	White	available	25.00	400.00	2025-02-13	30775.00	1080	2025-06-12		2025-05-16 15:34:16.53836+00	2025-06-12 14:02:55.743042+00	1	MG 15 TC GP	\N	\N	B
39	LXMXCA501PXA21936	Sym	Jet 14 200	2023	White	available	25.00	400.00	2024-02-19	30775.00	23801	2025-06-18		2025-05-13 10:21:06.282+00	2025-06-18 13:02:00.553404+00	1	LP 28 RX GP	\N	\N	B
58	LXMXCA501RXA35907	Sym	Jet 14 200	2023	White	available	25.00	400.00	2025-04-01	30775.00	0	2025-06-18		2025-05-19 07:56:38.900562+00	2025-06-18 13:07:41.253437+00	1	MG 15 TK GP	\N	\N	B
18	LXMXCA501NX022973	Sym	Jet 14 200	2022	White	available	25.00	100.00	2022-10-12	30775.00	38286	2025-07-02		2025-05-13 08:18:38.306852+00	2025-07-02 11:58:34.199427+00	1	KS 28 KZ GP	\N	\N	B
62	LXMXCA501NX021441	Sym	Jet 14 200	2023	White	available	650.00	400.00	2025-07-02	33000.00	3000	2025-07-02		2025-07-02 12:10:29.462229+00	2025-07-02 12:10:29.462251+00	2	KR 93 KB GP	\N	\N	B
61	LXMXCA501RXA35838	Sym	Jet 14 200	2023	White	available	650.00	400.00	2024-01-02	33000.00	3000	2025-07-02		2025-07-02 12:08:34.134669+00	2025-07-02 12:10:53.436168+00	2	MC 17 BP GP	\N	\N	B
60	LXMXCA501RXA35902	Sym	Jet 14 200	2023	White	available	650.00	400.00	2024-01-02	33000.00	3000	2025-07-02		2025-07-02 12:06:12.198927+00	2025-07-02 12:11:12.743214+00	2	MH 09 HS GP	\N	\N	B
63	LXMXCA501RXA35861	Sym	Jet 14 200	2023	White	available	650.00	400.00	2025-07-02	33000.00	3000	2025-07-02		2025-07-02 12:12:45.908023+00	2025-07-02 12:12:45.908044+00	2	MF 41 CZ GP	\N	\N	B
64	LXMXCA501RXA36632	Sym	Jet 14 200	2023	White	available	650.00	400.00	2025-07-02	33000.00	3000	2025-07-02		2025-07-02 12:13:55.04674+00	2025-07-02 12:13:55.04676+00	2	MF 41 DW GP	\N	\N	B
65	LXMXCA501RXA28096	Sym	Jet 14 200	2023	White	available	650.00	400.00	2025-07-02	33000.00	0	2025-07-02		2025-07-02 12:15:09.018143+00	2025-07-02 12:15:09.018165+00	2	MB 96 XM GP	\N	\N	B
66	LXMXCA501PX020382	Sym	Jet 14 200	2023	White	available	650.00	400.00	2025-07-02	33000.00	0	2025-07-02		2025-07-02 12:16:36.433701+00	2025-07-02 12:16:36.433722+00	2	LS 82 LR GP	\N	\N	B
67	LXMXCA501PX020383	Sym	Jet 14 200	2023	White	available	650.00	400.00	2025-07-02	33000.00	0	2025-07-02		2025-07-02 12:17:36.735733+00	2025-07-02 12:17:36.735754+00	2	LS 82 KZ GP	\N	\N	B
68	LXMXCA501NX026494	Sym	Jet 14 200	2023	White	available	650.00	400.00	2025-07-02	33000.00	0	2025-07-02		2025-07-02 12:19:12.310638+00	2025-07-02 12:19:12.310658+00	2	LD 90 BY GP	\N	\N	B
69	LXMXCA501PX020373	Sym	Jet 14 200	2023	White	available	650.00	400.00	2025-07-02	33000.00	0	2025-07-02		2025-07-02 12:20:13.392868+00	2025-07-02 12:20:13.392888+00	2	LS 82 DK GP	\N	\N	B
70	LXMXCA501PX020393	Sym	Jet 14 200	2023	White	available	650.00	400.00	2025-07-02	33000.00	0	2025-07-02		2025-07-02 12:21:34.221843+00	2025-07-02 12:21:34.221863+00	2	LS 82 FH GP	\N	\N	B
71	LXMXCA501PX020366	Sym	Jet 14 200	2023	White	available	650.00	400.00	2025-07-02	33000.00	0	2025-07-02		2025-07-02 12:22:29.701237+00	2025-07-02 12:22:29.701258+00	2	LS 82 DT GP	\N	\N	B
72	LXMXCA501PX020333	Sym	Jet 14 200	2023	White	available	650.00	400.00	2025-07-02	33000.00	0	2025-07-02		2025-07-02 12:25:36.639895+00	2025-07-02 12:25:36.639916+00	2	LS 06 XF GP	\N	\N	B
73	LXMXCA501PXA21935	Sym	Jet 14 200	2023	White	available	650.00	400.00	2025-07-02	33000.00	0	2025-07-02		2025-07-02 12:26:54.942991+00	2025-07-02 12:26:54.943071+00	2	LS 06 WJ GP	\N	\N	B
74	LXMXCA501PX020334	Sym	Jet 14 200	2023	White	available	650.00	450.00	2025-07-02	33000.00	0	2025-07-02		2025-07-02 12:28:15.691769+00	2025-07-02 12:28:15.69179+00	2	LS 82 FS GP	\N	\N	B
75	LXMXCA501RXA28087	Sym	Jet 14 200	2023	White	available	650.00	450.00	2025-07-02	33000.00	0	2025-07-02		2025-07-02 12:29:06.523592+00	2025-07-02 12:29:06.523624+00	2	LV 14 CK GP	\N	\N	B
76	LXMXCA501PX020292	Sym	Jet 14 200	2023	White	available	650.00	450.00	2025-07-02	33000.00	0	2025-07-02		2025-07-02 12:31:05.690936+00	2025-07-02 12:31:05.690957+00	2	LD 90 BM GP	\N	\N	B
77	LXMXCA501NX026496	Sym	Jet 14 200	2023	White	available	650.00	400.00	2025-07-02	33000.00	0	2025-07-02		2025-07-02 12:32:02.913786+00	2025-07-02 12:32:02.913805+00	2	LD 89 ZX GP	\N	\N	B
78	LXMXCA501MX024526	Sym	Jet 14 200	2023	White	available	650.00	400.00	2025-07-02	33000.00	0	2025-07-02		2025-07-02 12:32:59.311693+00	2025-07-02 12:32:59.311713+00	2	KP 13 XT GP	\N	\N	B
79	LXMXCA501MX021395	Sym	Jet 14 200	2023	White	available	650.00	450.00	2025-07-02	33000.00	0	2025-07-02		2025-07-02 12:33:49.090867+00	2025-07-02 12:33:49.090886+00	2	KF 33 BM GP	\N	\N	B
80	LXMXCA501PXA21913	Sym	Jet 14 200	2023	White	available	650.00	450.00	2025-07-02	33000.00	0	2025-07-02		2025-07-02 12:34:46.888798+00	2025-07-02 12:34:46.888818+00	2	LS 06 WS GP	\N	\N	B
81	LXMXCA501MX023506	Sym	Jet 14 200	2023	White	available	650.00	450.00	2025-07-02	33000.00	0	2025-07-02		2025-07-02 12:35:41.834557+00	2025-07-02 12:35:41.83458+00	2	KF 33 CF GP	\N	\N	B
82	LXMXCA501MX024479	Sym	Jet 14 200	2023	White	available	650.00	400.00	2025-07-02	33000.00	0	2025-07-02		2025-07-02 12:36:33.286015+00	2025-07-02 12:36:33.286035+00	2	KP 10 BB GP	\N	\N	B
83	LXMXCA501MX024527	Sym	Jet 14 200	2023	White	available	650.00	400.00	2025-07-02	33000.00	0	2025-07-02		2025-07-02 12:37:39.555733+00	2025-07-02 12:37:39.555758+00	2	KP 13 TA GP	\N	\N	B
84	LXMXCA501NX022943	Sym	Jet 14 200	2023	White	available	650.00	400.00	2025-07-02	33000.00	0	2025-07-02		2025-07-02 12:38:39.187142+00	2025-07-02 12:38:39.187162+00	2	KW 31 GC GP	\N	\N	B
85	RFGLLA700NS700222	Sym	Jet 14 200	2023	White	available	650.00	450.00	2025-07-02	33000.00	0	2025-07-02		2025-07-02 12:41:51.313627+00	2025-07-02 12:41:51.31366+00	2	KS 69 DS GP	\N	\N	B
86	LXMXCA501MX021390	Sym	Jet 14 200	2023	White	available	650.00	450.00	2025-07-02	33000.00	0	2025-07-02		2025-07-02 12:42:49.342474+00	2025-07-02 12:42:49.342495+00	2	KF 33 DH GP	\N	\N	B
87	LXMXCA501NX021474	Sym	Jet 14 200	2023	White	available	650.00	450.00	2025-07-02	33000.00	0	2025-07-02		2025-07-02 12:43:57.016379+00	2025-07-02 12:43:57.016401+00	2	KR 86 WT GP	\N	\N	B
88	LXMXCA501MX024476	Sym	Jet 14 200	2023	White	available	650.00	450.00	2025-07-02	33000.00	0	2025-07-02		2025-07-02 12:44:58.206715+00	2025-07-02 12:44:58.206737+00	2	KP 13 WJ GP	\N	\N	B
89	LXMXCA501NX022941	Sym	Jet 14 200	2023	White	available	650.00	450.00	2025-07-02	33000.00	0	2025-07-02		2025-07-02 12:47:29.264984+00	2025-07-02 12:47:29.265005+00	2	KW 35 FB GP	\N	\N	B
90	LXMXCA501NX021513	Sym	Jet 14 200	2023	White	available	650.00	450.00	2025-07-02	33000.00	0	2025-07-02		2025-07-02 12:51:01.353452+00	2025-07-02 12:51:01.353474+00	2	KW 35 DC GP	\N	\N	B
91	LXMXCA501NX021473	Sym	Jet 14 200	2023	White	available	650.00	450.00	2025-07-02	33000.00	0	2025-07-02		2025-07-02 12:52:27.685928+00	2025-07-02 12:52:27.685949+00	2	KR 93 JS GP	\N	\N	B
92	LXMXCA501NX022976	Sym	Jet 14 200	2023	White	available	650.00	450.00	2025-07-02	33000.00	0	2025-07-02		2025-07-02 12:53:29.934083+00	2025-07-02 12:53:29.934104+00	2	KS 92 FW GP	\N	\N	B
93	LXMXCA501LX025379	Sym	Jet 14 200	2023	White	available	650.00	450.00	2025-07-02	33000.00	0	2025-07-02		2025-07-02 13:25:40.691553+00	2025-07-02 13:25:40.691574+00	2	JT 88 LZ GP	\N	\N	B
13	RFGLLA700NS700236	Sym	Citycom 300	2022	White	available	50.00	120.00	2022-10-26	70000.00	77975	2025-07-16		2025-05-12 09:47:29.520956+00	2025-07-20 06:12:32.508298+00	1	KP87PJGP	\N	\N	C
52	LXMXCA501RXA35909	Sym	Jet 14 200	2023	White	available	25.00	400.00	2025-04-01	30775.00	0	2025-07-17		2025-05-19 07:46:04.566374+00	2025-07-20 06:13:56.774871+00	1	MG 15 SK GP	\N	\N	B
49	LXMXCA501RXA35877	Sym	Jet 14 200	2023	White	available	25.00	400.00	2025-04-01	30775.00	0	2025-07-18		2025-05-19 07:34:55.17926+00	2025-07-20 06:16:52.544986+00	1	MG 15 WB GP	\N	\N	B
94	LXMXCA501JX058810	Sym	Jet 14 200	2023	White	available	650.00	450.00	2025-07-02	33000.00	0	2025-07-02		2025-07-02 13:26:45.960832+00	2025-07-02 13:26:45.960853+00	2	HT 31 JD GP	\N	\N	B
25	LXMXCA501NXA20126	Sym	Jet 14 200	2022	White	available	25.00	400.00	2022-10-26	30775.00	23851	2025-07-07		2025-05-13 08:48:45.570845+00	2025-07-07 13:40:15.991629+00	1	KS 49 PK GP	\N	\N	B
95	LXMXCA501SXA22583	Sym	Jet14	2024	White	available	650.00	450.00	2025-07-14	33000.00	0	2025-07-14		2025-07-14 13:18:53.668239+00	2025-07-14 13:18:53.668259+00	1	MK 81 DT GP	\N	\N	B
4	LXMXCA501PX020331	Sym	Jet 14 200	2023	White	available	25.00	650.00	2023-11-27	30779.00	26300	2025-07-15		2025-05-07 18:09:10.565414+00	2025-07-20 06:07:35.250748+00	1	LL 74 SS GP	\N	\N	B
42	LXMXCA501RXA35851	Sym	Jet 14 200	2023	White	available	25.00	400.00	2024-12-13	30775.00	3024	2025-07-15		2025-05-13 10:31:12.4208+00	2025-07-20 06:08:47.258797+00	1	MB 96 XT GP	\N	\N	B
\.


--
-- Data for Name: inventory_scootercategory; Type: TABLE DATA; Schema: public; Owner: scooteruser
--

COPY public.inventory_scootercategory (id, category, description, one_day_price, two_to_ten_days_price, eleven_to_twentynine_days_price, thirty_plus_days_price, date_created, date_updated) FROM stdin;
1	A	Sym Orbit 125cc	400.00	300.00	225.00	120.00	2025-05-14 19:58:51.841316+00	2025-05-14 19:58:51.841316+00
2	B	Jet 14 200cc	450.00	350.00	255.00	150.00	2025-05-14 19:58:51.841316+00	2025-05-14 19:58:51.841316+00
3	C	Citycom 300cc	550.00	500.00	350.00	250.00	2025-05-14 19:58:51.841316+00	2025-05-14 19:58:51.841316+00
4	D	Vespa 150/300cc	850.00	600.00	400.00	250.00	2025-05-14 19:58:51.841316+00	2025-05-14 19:58:51.841316+00
\.


--
-- Data for Name: inventory_scootermaintenancehistory; Type: TABLE DATA; Schema: public; Owner: scooteruser
--

COPY public.inventory_scootermaintenancehistory (id, maintenance_date, description, cost, performed_by, mileage_at_service, date_created, scooter_id) FROM stdin;
\.


--
-- Data for Name: inventory_stocktransfer; Type: TABLE DATA; Schema: public; Owner: scooteruser
--

COPY public.inventory_stocktransfer (id, transfer_number, transfer_date, status, notes, date_created, date_updated, created_by_id, destination_store_id, source_store_id) FROM stdin;
1	TR01	2025-05-05	completed		2025-05-05 19:21:00.43953+00	2025-05-05 19:41:51.605604+00	1	2	1
5	TRF-20250626-8630	2025-06-26	completed		2025-06-26 17:46:24.438748+00	2025-06-26 17:46:24.438766+00	1	2	1
6	TRF-20250626-6583	2025-06-26	completed		2025-06-26 17:48:14.812831+00	2025-06-26 17:48:14.81285+00	1	1	2
12	ST20250626001	2025-06-26	completed		2025-06-26 19:35:26.671981+00	2025-06-26 19:35:26.672011+00	1	2	1
13	ST20250626002	2025-06-26	completed		2025-06-26 19:45:44.171408+00	2025-06-26 19:45:44.17143+00	1	2	1
14	ST20250626003	2025-06-26	completed		2025-06-26 19:47:10.756566+00	2025-06-26 19:47:10.756598+00	1	1	2
15	ST20250626004	2025-06-26	completed		2025-06-26 20:06:25.393745+00	2025-06-26 20:06:25.393767+00	1	4	1
16	ST20250626005	2025-06-26	completed		2025-06-26 20:06:58.867781+00	2025-06-26 20:06:58.867802+00	1	4	1
17	ST20250704001	2025-07-04	completed		2025-07-04 16:44:11.657749+00	2025-07-04 16:44:11.65777+00	1	6	1
18	ST20250704002	2025-07-04	completed		2025-07-04 16:45:10.256053+00	2025-07-04 16:45:10.256073+00	1	6	1
\.


--
-- Data for Name: inventory_stocktransferitem; Type: TABLE DATA; Schema: public; Owner: scooteruser
--

COPY public.inventory_stocktransferitem (id, quantity, date_added, part_id, stock_transfer_id) FROM stdin;
1	64.20	2025-06-26 17:46:24.538092+00	1	5
2	64.20	2025-06-26 17:48:14.816074+00	149	6
3	64.20	2025-06-26 19:35:26.774855+00	1	12
4	2.00	2025-06-26 19:35:26.804921+00	8	12
5	64.20	2025-06-26 19:45:44.201887+00	1	13
6	2.00	2025-06-26 19:45:44.203648+00	8	13
7	2.00	2025-06-26 19:47:10.831742+00	156	14
8	64.20	2025-06-26 19:47:10.835676+00	149	14
9	4.00	2025-06-26 20:06:25.43256+00	9	15
10	3.00	2025-06-26 20:06:25.434405+00	10	15
11	3.00	2025-06-26 20:06:25.43593+00	12	15
12	1.00	2025-06-26 20:06:58.884936+00	19	16
13	6.00	2025-07-04 16:44:11.91468+00	152	17
14	1.00	2025-07-04 16:44:11.963491+00	233	17
15	1.00	2025-07-04 16:44:11.96523+00	234	17
16	1.00	2025-07-04 16:45:10.278608+00	235	18
17	1.00	2025-07-04 16:45:10.280405+00	236	18
\.


--
-- Data for Name: inventory_store; Type: TABLE DATA; Schema: public; Owner: scooteruser
--

COPY public.inventory_store (id, name, location, contact_person, phone, email, is_active, date_created) FROM stdin;
2	Richmond	Johannesburg	Elleck	0837288948	info@richmond.com	t	2025-05-05 19:14:04.578205+00
1	Pencardia	515 Pretorius St, Arcadia, Pretoria, 0007	Trymore	0738650171	trymoremavidze@gmail.com	t	2025-05-05 18:57:16.898016+00
3	Durban	Durban	Hussein	0837288948	mmhussein13@outlook.com	t	2025-05-10 07:56:15.020314+00
4	Bloemfontein	66 President Steyn Avenue, Westdenem 9301	Adrich	0682572929	pete@scoottdr.co.za	t	2025-06-26 19:59:00.588663+00
5	Cape Town	16 Newmarket St, Foreshore, Cape Town, 8000	Samantha	021 448 5564	parts@scootdr.co.za	t	2025-06-26 19:59:38.40029+00
6	Trymore' Parts	Kempton Park	Trymore	0738650171	trymoremavidze@gmail.com	t	2025-07-04 16:41:44.030249+00
\.


--
-- Data for Name: inventory_supplier; Type: TABLE DATA; Schema: public; Owner: scooteruser
--

COPY public.inventory_supplier (id, name, address, contact_person, phone, email, website, account_number, payment_terms, notes, is_active, date_created, date_updated) FROM stdin;
1	KMSA Distributors (Pty) Ltd	15 Spartan Cres, Eastgate Ext3,\r\nJohannesburg, 2144	Chris	0115660333	customercare@kmsa.co.za	https://www.kawasaki.co.za	62333070142	Bank Transfer		t	2025-05-08 16:59:40.444285+00	2025-05-08 16:59:40.444309+00
2	Motosport Distribution (Pty) Ltd	Unit 6, 15 Dawn Road,\r\nMontague Gardens, CT\r\nUnit F8, The Palisades Business Park,\r\n39 Kelly Road, Jet Park,\r\nJohannesburg	Admin	0215553590	admin@motorsport.co.za	https://www.motosport.co.za	62333070142	Bank Transfer		t	2025-05-08 18:15:30.742739+00	2025-05-08 18:15:30.742762+00
3	Pioneer Plastics Supplies	Unit 5A Stand 123 Potgieter Street,\r\nRosslyn,\r\nPretoria	Sales	0125416000	sales@pioneerplastics.co.za	https://www.pioneerplastics.co.za	4570255192	Bank Transfer		t	2025-05-08 18:20:30.114299+00	2025-05-08 18:20:30.11432+00
4	Torq Lubricants	Cnr Hammer and, Spanner Cres, \r\nPhilippi, Cape Town, 7759	Sales	021 448 5564	info@torqlubricants.co.za	https://torqlubricants.co.za/	\N	Bank Transfer		t	2025-05-08 18:26:39.801459+00	2025-05-08 18:26:39.801479+00
5	Auto X Pty Ltd	140 North Reef Road\r\nGermiston\r\n1601	Sales	0118228525	queries@auto-x.co.za	\N	21124	\N		t	2025-07-09 15:35:04.533451+00	2025-07-09 15:35:56.721628+00
\.


--
-- Data for Name: landing_brand; Type: TABLE DATA; Schema: public; Owner: scooteruser
--

COPY public.landing_brand (id, name, slug, description, logo, is_active) FROM stdin;
1	Sym	sym			t
2	Vespa	vespa	Class above Class	brands/vespa_logo.png	t
3	Lambretta	lambretta	Class	brands/lambretta-logo.png	t
\.


--
-- Data for Name: landing_cart; Type: TABLE DATA; Schema: public; Owner: scooteruser
--

COPY public.landing_cart (id, session_id, created_at, updated_at, user_id) FROM stdin;
\.


--
-- Data for Name: landing_cartitem; Type: TABLE DATA; Schema: public; Owner: scooteruser
--

COPY public.landing_cartitem (id, quantity, color, added_at, cart_id, product_id) FROM stdin;
\.


--
-- Data for Name: landing_category; Type: TABLE DATA; Schema: public; Owner: scooteruser
--

COPY public.landing_category (id, name, slug, description, is_active, image) FROM stdin;
1	Scooters	scooters		t	\N
2	Accessories & Add-ons	accessories-add-ons		t	\N
\.


--
-- Data for Name: landing_herovideo; Type: TABLE DATA; Schema: public; Owner: scooteruser
--

COPY public.landing_herovideo (id, title, video_url, poster_image, is_active, duration_seconds, description, date_created, date_updated, video_file) FROM stdin;
\.


--
-- Data for Name: landing_homepagevideo; Type: TABLE DATA; Schema: public; Owner: scooteruser
--

COPY public.landing_homepagevideo (id, title, description, is_active, created_at, updated_at, video_file) FROM stdin;
1	Welcome to ScootDr	Your one-stop solution for scooter sales, rentals, restoration, and service	t	2025-07-14 18:13:08.219714+00	2025-07-14 18:40:38.845482+00	videos/classic_scooter_video.mp4
\.


--
-- Data for Name: landing_product; Type: TABLE DATA; Schema: public; Owner: scooteruser
--

COPY public.landing_product (id, name, slug, description, price, sale_price, image, stock, is_featured, is_active, date_added, date_updated, brand_id, category_id, image_url, thumbnail_1, thumbnail_2, thumbnail_3, thumbnail_4) FROM stdin;
3	Vespa GTS 300	vespa-gts-300	Class above class	150000.00	\N	products/vespa_300.jpg	0	t	t	2025-05-24 06:27:48.276658+00	2025-05-25 09:01:24.609094+00	2	1	/static/images/products/vespa-gts300.jpg	\N	\N	\N	\N
2	Citycom 300i	citycom-300i	Citycom 300	79000.00	\N	products/Citycom_300.jpg	0	f	t	2025-05-21 15:43:41.683476+00	2025-05-25 09:02:12.006287+00	1	1	/static/images/products/Citycom_300.jpg	\N	\N	\N	\N
1	Sym Jet 14	sym-jet-14	Syme Jet 14	35000.00	\N	products/Jet14_200.jpg	0	t	t	2025-05-21 15:41:17.744534+00	2025-05-25 09:02:41.412785+00	1	1	/static/images/products/Jet14_200.jpg	\N	\N	\N	\N
9	G350 Lambretta	g350-lambretta	Class and Style	215000.00	\N	products/G350-Lambretta.jpg	0	f	t	2025-05-24 06:56:12.036583+00	2025-05-25 08:58:10.128635+00	3	1	/static/images/products/G350-Lambretta.jpg	\N	\N	\N	\N
8	X-Pro 125	x-pro-125	Sym scooters are engineered to handle greater demands! We carefully evaluated the Orbit II and identified its potential; potential for a custom-built delivery motorcycle. We added a single seat, creating more space for a sizable rear carrier frame, ideal for transporting large delivery boxes. To enhance load capacity, weve strengthened the rear suspension significantly, while still providing all the Sym qualities of efficiency, dependability, functionality, and style. Completing the task has never been simpler.	24995.00	\N	products/XproRED-1.jpg	1	f	t	2025-05-24 06:49:54.461067+00	2025-05-25 08:58:36.077909+00	1	1	/static/images/products/XproRED-1.jpg	\N	\N	\N	\N
7	Crox 125	crox-125	If having a stylish scooter is your top priority, the Crox 125 is the perfect choice. With its bold design, impressive performance, reliable handling, effective brakes, and exceptional quality, this scooter really stands out on the street. \r\n\r\nIt's the ideal companion for urban adventures, offering all the functionality and ease you desire, along with an eye-catching style that appeals to both the young and the youthful at heart.	23995.00	\N	products/Crox-Black_J4x0357.jpg	1	f	t	2025-05-24 06:47:32.873284+00	2025-05-25 08:59:07.913041+00	1	1	/static/images/products/Crox-Black.jpg	\N	\N	\N	\N
6	Fiddle II 150	fiddle-ii-150	The Fiddle ll 150's timeless design makes it an appealing scooter to have, and its 150cc engine combined with an automatic transmission ensures a smooth riding experience in todays traffic. Overall, its the ideal partner for your city living.	24994.95	\N	products/Fiddle-II.jpg	1	f	t	2025-05-24 06:46:09.849981+00	2025-05-25 08:59:29.440471+00	1	1	/static/images/products/Fiddle-II.jpg	\N	\N	\N	\N
4	Orbit II	orbit-ii	Youre youthful, stylish, and eager to carve your own path; the Sym Orbit II is the ride for you. \r\n\r\nIts a vibrant piece of equipment, ready to navigate the urban landscape and take you wherever you want. With its trendy, contemporary design, youll look great, while the lively 125cc engine and robust front disc brake offer the power and control you need to stay ahead of the pack. \r\n\r\nYou could invest more in a scooter, but why bother? The Sym Orbit II provides you with your own freedom!	21995.00	\N	products/Orbit-White.jpg	1	f	t	2025-05-24 06:42:58.799876+00	2025-05-25 09:00:21.686123+00	1	1	/static/images/products/Orbit-White.jpg	\N	\N	\N	\N
5	Joyride 300	joyride-300	The Joyride 300 is equipped with a liquid-cooled engine that delivers a power output of 25.8 and features LED headlights, a digital display, and a keyless ignition system.\r\n\r\nAdditionally, it boasts ample under-seat storage that can hold a full-face helmet, along with extra room for smaller items, plus a USB port to keep your devices charged.	79995.00	\N	products/Joyride-300.png	1	t	t	2025-05-24 06:44:28.843635+00	2025-05-25 09:00:37.385576+00	1	1	/static/images/products/Joyride-300.png	\N	\N	\N	\N
\.


--
-- Data for Name: landing_rentalcategory; Type: TABLE DATA; Schema: public; Owner: scooteruser
--

COPY public.landing_rentalcategory (id, name, slug, description, image, daily_rate, weekly_rate, monthly_rate, is_active, date_added, date_updated) FROM stdin;
\.


--
-- Data for Name: landing_restorationgallery; Type: TABLE DATA; Schema: public; Owner: scooteruser
--

COPY public.landing_restorationgallery (id, title, description, brand_category, year, model, image, restoration_type, is_featured, is_active, date_added, date_updated, before_image, after_image, make, date_completed) FROM stdin;
1	1975 Vespa Primavera	Complete frame-off restoration with original parts and custom two-tone paint.	vespa	1975	Primavera	/static/images/restore/1975_vespa_primavera.jpg	Classic	f	t	2025-05-25 08:24:34.992115+00	2025-05-25 08:24:34.992184+00				\N
\.


--
-- Data for Name: landing_wishlist; Type: TABLE DATA; Schema: public; Owner: scooteruser
--

COPY public.landing_wishlist (id, created_at, user_id) FROM stdin;
\.


--
-- Data for Name: landing_wishlist_products; Type: TABLE DATA; Schema: public; Owner: scooteruser
--

COPY public.landing_wishlist_products (id, wishlist_id, product_id) FROM stdin;
\.


--
-- Data for Name: service_jobcard; Type: TABLE DATA; Schema: public; Owner: scooteruser
--

COPY public.service_jobcard (id, job_card_number, status, priority, description, mileage, date_created, date_updated, estimated_completion, actual_completion, labor_hours, labor_rate, total_cost, notes, scooter_id, technician_id, previous_scooter_status, store_id, service_type, discount_amount, discount_percent, subtotal, vat_amount, vat_percent) FROM stdin;
2	JC000002	completed	high	Quick Service	600	2025-05-05 23:18:13.224621+00	2025-05-05 23:18:13.495097+00	2025-05-06	2025-05-06	3.00	650.00	2548.00		1	1	\N	\N	service	0.00	0.00	0.00	0.00	0.00
12	JC000012	completed	low	Brake pads finished, Serviced the bike at once.	5400	2025-05-12 13:21:06.882877+00	2025-05-12 13:23:00.381682+00	2025-05-12	2025-05-12	1.50	650.00	1824.80		17	3	\N	\N	service	0.00	0.00	0.00	0.00	0.00
5	JC000005	completed	medium	Tyre had a slow puncture and also worn out, due for replacement	26119	2025-05-07 18:10:42.583101+00	2025-05-07 18:10:42.814639+00	2025-05-07	2025-05-07	0.50	650.00	1125.00		4	1	\N	\N	service	0.00	0.00	0.00	0.00	0.00
1	JC000001	completed	medium	Regular Service	50	2025-05-05 23:03:15.457891+00	2025-05-08 08:16:28.558078+00	2025-05-06	2025-05-06	2.00	0.00	1330.00		1	1	\N	\N	service	0.00	0.00	0.00	0.00	0.00
13	JC000013	completed	low	Mileage was reset. 21000km service done	20635	2025-05-12 13:33:05.827162+00	2025-05-12 13:33:05.858512+00	2025-05-12	2025-05-12	1.50	650.00	1723.00		16	3	\N	\N	service	0.00	0.00	0.00	0.00	0.00
14	JC000014	completed	urgent	Headlight bulb replacement	38286	2025-05-13 08:20:17.103664+00	2025-05-13 08:21:57.419812+00	2025-05-13	2025-05-13	0.50	650.00	425.00		18	1	\N	\N	service	0.00	0.00	0.00	0.00	0.00
6	JC000006	in_progress	high	Issue with starting. (Electrical)	44882	2025-05-07 18:29:04.688092+00	2025-05-10 05:30:14.580946+00	2025-05-07	2025-05-07	1.50	650.00	1723.00		5	1	\N	\N	service	0.00	0.00	0.00	0.00	0.00
15	JC000015	pending	medium	Rear Brake Pads worn out	8972	2025-05-14 13:53:36.443274+00	2025-05-14 13:53:37.600791+00	2025-05-13	2025-05-13	1.50	650.00	1583.00		47	1	\N	\N	service	0.00	0.00	0.00	0.00	0.00
9	JC000009	completed	low	Due for retirement	77975	2025-05-12 09:58:26.95324+00	2025-05-12 09:58:56.540515+00	2025-05-12	2025-05-12	1.50	650.00	2197.00		13	1	\N	\N	service	0.00	0.00	0.00	0.00	0.00
10	JC000010	completed	low	Bike came in overdue by 514km	33514	2025-05-12 10:16:12.58573+00	2025-05-12 10:16:12.619801+00	2025-05-12	2025-05-12	1.50	650.00	1713.00		14	1	\N	\N	service	0.00	0.00	0.00	0.00	0.00
26	JC000025	completed	medium	Front Brake replaced	26993	2025-05-22 18:34:15.310908+00	2025-05-22 18:34:15.310931+00	\N	\N	1.50	650.00	0.00		4	1	\N	\N	service	0.00	0.00	0.00	0.00	0.00
8	JC000008	completed	low	Came in as a breakdown. Non starter. Battery was flat. \r\nBike not charging the battery while running.	32566	2025-05-09 08:11:45.999653+00	2025-05-16 09:49:17.406243+00	2025-05-11	2025-05-16	25.00	100.00	3058.00		12	1	\N	\N	service	0.00	0.00	0.00	0.00	0.00
16	JC000016	pending	low	First service and inspection	1080	2025-05-16 15:36:13.651579+00	2025-05-16 15:36:14.124248+00	2025-05-16	2025-05-16	1.50	650.00	1573.00		48	1	\N	\N	service	0.00	0.00	0.00	0.00	0.00
17	JC000017	completed	urgent	Low Power, Carburator air pipe was cracked	12842	2025-05-20 19:04:37.330143+00	2025-05-20 19:04:40.901215+00	2025-05-20	2025-05-20	1.00	650.00	700.00		22	1	\N	\N	service	0.00	0.00	0.00	0.00	0.00
18	JC000018	completed	low	First Service and inspection.	996	2025-05-20 19:07:01.62319+00	2025-05-20 19:07:02.550747+00	2025-05-20	2025-05-20	1.50	650.00	1573.00		52	1	\N	\N	service	0.00	0.00	0.00	0.00	0.00
19	JC000019	completed	low	First Service and Inspection	1069	2025-05-20 19:08:08.249153+00	2025-05-20 19:08:08.607801+00	2025-05-20	2025-05-20	1.50	650.00	1573.00		58	1	\N	\N	service	0.00	0.00	0.00	0.00	0.00
28	JC000026	completed	medium	FF Brake Pads Replaced	26993	2025-05-22 20:08:57.011023+00	2025-05-22 20:08:57.20792+00	2025-05-22	2025-05-22	1.50	650.00	1542.00		4	1	\N	\N	service	0.00	0.00	0.00	0.00	0.00
21	JC000020	completed	medium	Front Brake Pads replaced	26993	2025-05-22 13:07:40.832961+00	2025-05-22 13:07:41.213298+00	2025-05-22	2025-05-22	1.50	650.00	1542.00		4	1	\N	\N	service	0.00	0.00	0.00	0.00	0.00
22	JC000021	pending	medium	Brake Pads FF replaced	26993	2025-05-22 13:13:23.876147+00	2025-05-22 13:13:23.901706+00	2025-05-22	2025-05-23	1.50	650.00	1542.00		4	1	\N	\N	service	0.00	0.00	0.00	0.00	0.00
11	JC000011	completed	medium	Brake disk RR changed. Brake Pads RR still have life	39016	2025-05-12 10:22:43.944717+00	2025-05-22 15:29:24.165431+00	\N	\N	0.00	0.00	1048.00		15	1	\N	\N	service	0.00	0.00	0.00	0.00	0.00
23	JC000022	completed	medium	FF Brake Pads replaced	26993	2025-05-22 15:34:38.899952+00	2025-05-22 15:34:38.928006+00	2025-05-22	2025-05-22	1.50	650.00	1542.00		4	1	\N	\N	service	0.00	0.00	0.00	0.00	0.00
24	JC000023	completed	medium	FF Brake Pads replaced	26993	2025-05-22 17:12:23.448696+00	2025-05-22 17:12:23.73776+00	2025-05-22	2025-05-22	1.50	650.00	1542.00		4	1	\N	\N	service	0.00	0.00	0.00	0.00	0.00
31	JC000029	completed	low	Drive Plate Assy replaced	47626	2025-05-26 09:13:34.298765+00	2025-05-26 09:13:34.644316+00	2025-05-26	2025-05-26	2.50	650.00	4744.80		33	1	available	1	service	0.00	0.00	0.00	0.00	0.00
25	JC000024	completed	medium	Front Brake Pads replaced	26993	2025-05-22 18:10:33.990176+00	2025-05-22 18:10:34.092818+00	2025-05-22	2025-05-22	1.50	650.00	1542.00		4	1	\N	\N	service	0.00	0.00	0.00	0.00	0.00
29	JC000027	completed	medium	Brake Pads done	6067	2025-05-22 20:29:06.97832+00	2025-05-22 20:29:07.30341+00	2025-05-22	2025-05-22	1.50	6500.00	10599.80		40	1	available	\N	service	0.00	0.00	0.00	0.00	0.00
30	JC000028	completed	low	Main Stand Spring replaced	32941	2025-05-23 09:04:32.173053+00	2025-05-23 09:04:32.730382+00	2025-05-23	2025-05-23	1.50	650.00	1463.00		21	1	available	1	service	0.00	0.00	0.00	0.00	0.00
32	JC000030	completed	low	Rear Tyre replaced	15264	2025-05-27 07:51:05.70237+00	2025-05-27 07:51:05.992157+00	2025-05-27	2025-05-27	2.00	650.00	5800.00		57	1	available	1	service	0.00	0.00	0.00	0.00	0.00
33	JC000031	completed	low	First Service and Inspection	960	2025-05-28 06:42:37.345013+00	2025-05-28 06:42:40.276624+00	2025-05-28	2025-05-28	1.50	650.00	1573.00		53	1	available	1	service	0.00	0.00	0.00	0.00	0.00
34	JC000032	completed	low	Came in with A nail in RR Tyre	39885	2025-05-28 13:04:35.547291+00	2025-05-28 13:04:36.916715+00	2025-05-28	2025-05-28	0.50	300.00	579.00		15	1	available	1	service	0.00	0.00	0.00	0.00	0.00
44	JC000038	completed	low	Brake Pads RR replaced	32994	2025-06-09 12:25:06.104434+00	2025-06-09 12:25:06.499056+00	2025-06-02	2025-06-02	1.50	650.00	1873.00		32	1	available	1	service	0.00	0.00	0.00	0.00	0.00
41	JC000036	completed	medium	Tyre FF replaced	42215	2025-06-09 12:21:57.5583+00	2025-06-09 12:21:57.640448+00	2025-06-02	2025-06-02	2.00	650.00	3009.80		37	1	available	1	service	0.00	0.00	0.00	0.00	0.00
35	JC000033	completed	low	Brake pads finished	38946	2025-06-09 12:12:01.87771+00	2025-06-09 12:12:02.200009+00	2025-05-29	2025-05-29	1.50	650.00	1563.00		18	1	available	1	service	0.00	0.00	0.00	0.00	0.00
37	JC000034	completed	medium	Brake pads RR replaced	14589	2025-06-09 12:15:11.688405+00	2025-06-09 12:15:11.743758+00	2025-05-30	2025-05-30	1.50	650.00	1563.00		51	1	available	1	service	0.00	0.00	0.00	0.00	0.00
42	JC000037	completed	low	Exh. Protector replaced	34192	2025-06-09 12:23:13.205924+00	2025-06-09 12:23:13.256344+00	2025-06-02	2025-06-02	0.50	650.00	625.00		12	1	available	1	service	0.00	0.00	0.00	0.00	0.00
39	JC000035	completed	medium	Major service	24012	2025-06-09 12:19:36.468055+00	2025-06-09 12:19:36.633885+00	2025-05-30	2025-05-30	2.50	650.00	3763.37		54	1	available	1	service	0.00	0.00	0.00	0.00	0.00
45	JC000039	completed	low	First service and Inspection	1006	2025-06-09 12:26:27.442974+00	2025-06-09 12:26:27.494367+00	2025-06-03	2025-06-03	1.50	0.00	598.00		1	1	available	1	service	0.00	0.00	0.00	0.00	0.00
48	JC000041	completed	low	Transmission parts replaced earlier	48107	2025-06-09 12:30:55.488921+00	2025-06-09 12:30:55.581844+00	2025-06-04	2025-06-04	1.50	650.00	1826.85		31	1	available	1	service	0.00	0.00	0.00	0.00	0.00
46	JC000040	completed	high	CDI unit replaced	12875	2025-06-09 12:28:19.322995+00	2025-06-09 12:28:19.416183+00	2025-06-03	2025-06-03	1.00	0.00	500.00		22	1	available	1	service	0.00	0.00	0.00	0.00	0.00
49	JC000042	completed	high	RR Brake pads replaced	8188	2025-06-09 12:36:01.296461+00	2025-06-09 12:36:01.33792+00	2025-06-09	2025-06-09	0.50	650.00	465.00		46	1	available	1	service	0.00	0.00	0.00	0.00	0.00
51	JC000043	completed	high	Major service	12084	2025-06-09 12:38:57.019119+00	2025-06-09 12:38:57.161847+00	2025-06-09	2025-06-09	2.50	650.00	3743.37		43	1	available	1	service	0.00	0.00	0.00	0.00	0.00
53	JC000044	completed	high	First Service and Full inspection	1057	2025-06-11 09:17:06.571298+00	2025-06-11 09:17:07.636579+00	2025-06-11	2025-06-11	1.50	650.00	1573.00		7	1	available	1	service	0.00	0.00	0.00	0.00	0.00
54	JC000045	completed	high	Tyre plug RR	25921	2025-06-11 12:53:20.603767+00	2025-06-11 12:53:23.649739+00	2025-06-11	2025-06-11	0.50	650.00	1125.00		25	1	available	1	service	0.00	0.00	0.00	0.00	0.00
56	JC000046	completed	low	Engine Oil Change	3082	2025-06-12 14:02:55.798359+00	2025-06-12 14:02:55.924717+00	2025-06-12	2025-06-12	0.00	0.00	468.00		48	1	available	1	service	0.00	0.00	0.00	0.00	0.00
60	JC000048	completed	low	First service and inspection	997	2025-06-13 09:24:42.202172+00	2025-06-13 09:24:42.25453+00	2025-06-13	2025-06-13	1.50	650.00	1573.00		6	1	available	1	service	0.00	0.00	0.00	0.00	0.00
58	JC000047	completed	low	Brocken bolt for topbox carrier	81224	2025-06-13 09:21:34.175535+00	2025-06-13 09:26:38.21516+00	2025-06-13	2025-06-13	2.00	650.00	2772.00		13	1	available	\N	service	0.00	0.00	0.00	0.00	0.00
61	JC000049	completed	low	RR Brake pads replaced	2930	2025-06-13 09:30:16.32553+00	2025-06-13 09:30:16.381939+00	2025-06-13	2025-06-13	1.50	650.00	1563.00		52	1	available	1	service	0.00	0.00	0.00	0.00	0.00
63	JC000050	completed	low	Engine Oil	3248	2025-06-17 12:40:42.928304+00	2025-06-17 12:40:43.146753+00	2025-06-17	2025-06-17	1.50	650.00	1423.00		10	1	available	1	service	0.00	0.00	0.00	0.00	0.00
65	JC000051	completed	low	Uplifted from Life Wilgers Hospital	5934	2025-06-17 12:43:26.212191+00	2025-06-17 12:43:26.683741+00	2025-06-17	2025-06-17	2.00	650.00	2891.85		41	1	available	1	service	0.00	0.00	0.00	0.00	0.00
67	JC000052	completed	low	Full inspection done	1030	2025-06-17 12:44:58.872911+00	2025-06-17 12:44:58.927649+00	2025-06-17	2025-06-17	1.50	650.00	1573.00		8	1	available	1	service	0.00	0.00	0.00	0.00	0.00
69	JC000053	completed	medium	Brake Pads Replaced	39146	2025-06-17 12:47:14.792273+00	2025-06-17 12:47:15.647331+00	2025-06-17	2025-06-17	2.00	650.00	2817.00		20	1	available	1	service	0.00	0.00	0.00	0.00	0.00
77	JC000060	completed	low	Oil change	3023	2025-06-23 13:25:03.493955+00	2025-06-23 13:25:46.401581+00	2025-06-23	2025-06-23	1.50	650.00	1443.00		9	1	available	\N	service	0.00	0.00	0.00	0.00	0.00
70	JC000054	completed	low	Engine Oil change	27093	2025-06-18 13:02:00.583791+00	2025-06-18 13:02:00.667942+00	2025-06-18	2025-06-18	1.50	650.00	1423.00		39	1	available	1	service	0.00	0.00	0.00	0.00	0.00
78	JC000061	completed	low	Brake Disk RR replaced	44993	2025-06-25 12:02:26.094639+00	2025-06-25 12:02:35.446882+00	2025-06-25	2025-06-25	2.00	650.00	2349.21		37	1	available	1	service	0.00	0.00	0.00	0.00	0.00
71	JC000055	completed	low	Major Service	35896	2025-06-18 13:05:42.208501+00	2025-06-18 13:05:42.431104+00	2025-06-18	2025-06-18	3.00	650.00	4168.37		14	1	available	1	service	0.00	0.00	0.00	0.00	0.00
72	JC000056	completed	medium	Engine Oil change	3063	2025-06-18 13:07:41.256193+00	2025-06-18 13:07:41.316872+00	2025-06-18	2025-06-18	1.50	650.00	1423.00		58	1	available	1	service	0.00	0.00	0.00	0.00	0.00
73	JC000057	completed	low	RR Brake Disk replaced	41772	2025-06-18 13:09:55.186792+00	2025-06-18 13:09:55.276913+00	2025-06-18	2025-06-18	1.50	650.00	2171.06		30	1	available	1	service	0.00	0.00	0.00	0.00	0.00
75	JC000058	completed	low	Major Service	35943	2025-06-19 10:15:28.637833+00	2025-06-19 10:15:28.967208+00	2025-06-19	2025-06-19	2.50	650.00	3603.37		12	1	available	1	service	0.00	0.00	0.00	0.00	0.00
76	JC000059	completed	low	Oil change	8913	2025-06-19 13:54:56.681929+00	2025-06-19 13:54:56.807096+00	2025-06-19	2025-06-19	1.50	650.00	1423.00		46	1	available	1	service	0.00	0.00	0.00	0.00	0.00
79	JC000062	completed	medium	First Service and Full Inspection	1181	2025-06-27 07:19:50.560796+00	2025-06-27 07:19:50.779826+00	2025-06-27	2025-06-27	1.50	650.00	1573.00		49	1	available	1	service	0.00	0.00	0.00	0.00	0.00
80	JC000063	completed	urgent	Front tyre replaced	40504	2025-07-02 11:58:34.216409+00	2025-07-02 11:58:34.69845+00	2025-07-02	2025-07-02	0.50	650.00	1335.00		18	1	available	1	service	0.00	0.00	0.00	0.00	0.00
86	JC000069	completed	low	Major Service	48182	2025-07-04 16:36:38.709102+00	2025-07-04 16:36:39.716722+00	2025-07-04	2025-07-04	3.00	650.00	0.00		5	1	available	1	service	0.00	0.00	0.00	0.00	0.00
84	JC000067	completed	low	Major service	23763	2025-07-04 16:27:53.229756+00	2025-07-04 16:28:17.626965+00	2025-07-04	2025-07-04	2.50	650.00	0.00		27	3	available	\N	service	0.00	0.00	0.00	0.00	0.00
81	JC000064	completed	low	Front & Rear Tyre replaced	41963	2025-07-04 16:13:14.766243+00	2025-07-04 16:14:46.108916+00	2025-07-04	2025-07-04	2.00	650.00	0.00		15	1	available	\N	service	0.00	0.00	0.00	0.00	0.00
82	JC000065	completed	high	Battery replacement	33032	2025-07-04 16:18:37.345003+00	2025-07-04 16:18:38.000155+00	2025-07-04	2025-07-04	0.50	650.00	0.00		21	1	available	1	service	0.00	0.00	0.00	0.00	0.00
83	JC000066	completed	low	Rear Tyre replaced	36989	2025-07-04 16:23:16.165527+00	2025-07-04 16:23:16.302316+00	2025-07-04	2025-07-04	0.50	650.00	0.00		14	3	available	1	service	0.00	0.00	0.00	0.00	0.00
85	JC000068	completed	low	Major Service	11631	2025-07-04 16:32:18.784417+00	2025-07-04 16:32:19.379862+00	2025-07-04	2025-07-04	2.50	650.00	0.00		47	1	available	1	service	0.00	0.00	0.00	0.00	0.00
87	JC000070	completed	low	FR Brake pads replaced	26836	2025-07-07 13:35:36.945607+00	2025-07-07 13:40:15.988687+00	2025-07-07	2025-07-07	1.50	650.00	0.00		25	1	available	\N	service	0.00	0.00	0.00	0.00	0.00
95	JC000078	completed	low	Due for Retirement!	51013	2025-07-11 07:49:24.997016+00	2025-07-11 08:08:15.358924+00	2025-07-11	2025-07-11	2.00	650.00	0.00		33	1	available	\N	service	0.00	0.00	0.00	0.00	0.00
90	JC000073	completed	medium	Replaced Battery	12886	2025-07-09 16:12:30.19809+00	2025-07-09 16:12:30.834047+00	2025-07-08	2025-07-08	0.50	650.00	0.00		22	1	available	1	service	0.00	0.00	0.00	0.00	0.00
91	JC000074	completed	medium	Major Service	12036	2025-07-09 16:15:39.660228+00	2025-07-09 16:15:39.919475+00	2025-07-08	2025-07-08	2.50	650.00	0.00		38	1	available	1	service	0.00	0.00	0.00	0.00	0.00
88	JC000071	completed	medium	Brake Pads RR replaced	146545	2025-07-07 13:38:04.246706+00	2025-07-07 13:38:04.429171+00	2025-07-07	2025-07-07	2.00	650.00	0.00		43	1	available	1	service	0.00	0.00	0.00	0.00	0.00
94	JC000077	completed	low	Rear Brake pads replaced	37735	2025-07-11 07:47:39.552806+00	2025-07-11 07:47:39.747789+00	2025-07-11	2025-07-11	0.50	650.00	0.00		12	1	available	1	service	0.00	0.00	0.00	0.00	0.00
89	JC000072	completed	low	FR brake pads replaced	9031	2025-07-07 13:39:51.253628+00	2025-07-07 13:39:51.28673+00	2025-07-07	2025-07-07	1.50	650.00	0.00		40	1	available	1	service	0.00	0.00	0.00	0.00	0.00
92	JC000075	completed	low	Oil Change	3011	2025-07-09 16:17:14.192568+00	2025-07-09 16:17:14.456589+00	2025-07-09	2025-07-09	1.50	650.00	0.00		8	3	available	1	service	0.00	0.00	0.00	0.00	0.00
97	JC000080	completed	high	Rear Brake Pads replaced	2328	2025-07-14 07:47:10.420309+00	2025-07-14 07:47:10.595774+00	2025-07-14	2025-07-14	0.50	0.00	0.00		1	3	available	1	service	0.00	0.00	0.00	0.00	0.00
93	JC000076	completed	low	Brake Pads RR replaced	45126	2025-07-10 10:30:14.252663+00	2025-07-10 10:30:14.393647+00	2025-07-10	2025-07-10	1.50	650.00	0.00		34	1	available	1	service	0.00	0.00	0.00	0.00	0.00
96	JC000079	completed	low	Rear Brake Disk replaced	17127	2025-07-11 10:47:19.353389+00	2025-07-11 10:47:19.400825+00	2025-07-11	2025-07-11	0.00	0.00	0.00		57	1	available	1	service	0.00	0.00	0.00	0.00	0.00
98	JC000081	completed	low	Rear brake disk replaced	42033	2025-07-14 18:06:51.505031+00	2025-07-14 18:06:51.890657+00	2025-07-14	2025-07-14	2.00	650.00	0.00		24	3	available	1	service	0.00	0.00	0.00	0.00	0.00
99	JC000082	completed	low	Oil change	29977	2025-07-20 06:07:35.307204+00	2025-07-20 06:07:36.141436+00	2025-07-15	2025-07-15	1.50	650.00	0.00		4	1	available	1	service	0.00	0.00	0.00	0.00	0.00
100	JC000083	completed	low	Rear Brake pads	4645	2025-07-20 06:08:47.263722+00	2025-07-20 06:08:47.301503+00	2025-07-15	2025-07-15	0.50	650.00	0.00		42	1	available	1	service	0.00	0.00	0.00	0.00	0.00
101	JC000084	completed	medium	Engine Oil	3328	2025-07-20 06:10:30.118494+00	2025-07-20 06:10:30.147957+00	2025-07-15	2025-07-15	1.50	650.00	0.00		6	1	available	1	service	0.00	0.00	0.00	0.00	0.00
102	JC000085	completed	low	Due for retirement	84067	2025-07-20 06:12:32.521497+00	2025-07-20 06:12:32.909571+00	2025-07-16	2025-07-16	1.50	650.00	0.00		13	3	available	1	service	0.00	0.00	0.00	0.00	0.00
103	JC000086	completed	medium	Rear Brake Pads	5378	2025-07-20 06:13:56.777594+00	2025-07-20 06:13:56.813782+00	2025-07-17	2025-07-17	0.50	650.00	0.00		52	1	available	1	service	0.00	0.00	0.00	0.00	0.00
104	JC000087	completed	medium	Engine Oil	2991	2025-07-20 06:14:59.40302+00	2025-07-20 06:14:59.451608+00	2025-07-18	2025-07-18	1.50	650.00	0.00		53	1	available	1	service	0.00	0.00	0.00	0.00	0.00
105	JC000088	completed	medium	Rear Brake Pads Replaced	7850	2025-07-20 06:15:58.099486+00	2025-07-20 06:15:58.141265+00	2025-07-18	2025-07-18	0.50	650.00	0.00		55	1	available	1	service	0.00	0.00	0.00	0.00	0.00
106	JC000089	completed	medium	Engine Oil	3071	2025-07-20 06:16:52.549518+00	2025-07-20 06:16:52.597435+00	2025-07-18	2025-07-18	1.50	650.00	0.00		49	1	available	1	service	0.00	0.00	0.00	0.00	0.00
\.


--
-- Data for Name: service_jobcarditem; Type: TABLE DATA; Schema: public; Owner: scooteruser
--

COPY public.service_jobcarditem (id, quantity, unit_price, total_price, date_added, job_card_id, part_id) FROM stdin;
2	1.00	130.00	130.00	2025-05-05 23:03:15.529818+00	1	20
3	0.30	500.00	150.00	2025-05-05 23:18:13.464785+00	2	7
4	0.80	560.00	448.00	2025-05-05 23:18:13.492528+00	2	1
9	1.00	800.00	800.00	2025-05-07 18:10:42.791454+00	5	38
10	0.80	560.00	448.00	2025-05-07 18:29:04.750157+00	6	1
11	1.00	300.00	300.00	2025-05-07 18:29:04.755881+00	6	44
13	0.80	560.00	448.00	2025-05-09 08:11:46.119827+00	8	149
14	1.00	20.00	20.00	2025-05-09 08:11:46.125249+00	8	62
15	1.00	70.00	70.00	2025-05-09 08:11:46.135512+00	8	45
16	1.00	150.00	150.00	2025-05-12 09:58:27.183824+00	9	15
17	1.00	150.00	150.00	2025-05-12 09:58:27.293838+00	9	15
18	1.20	560.00	672.00	2025-05-12 09:58:27.29998+00	9	149
19	0.50	500.00	250.00	2025-05-12 09:58:56.536319+00	9	7
20	1.00	150.00	150.00	2025-05-12 10:16:12.607173+00	10	15
21	1.00	140.00	140.00	2025-05-12 10:16:12.61246+00	10	14
22	0.80	560.00	448.00	2025-05-12 10:16:12.61656+00	10	149
23	1.00	600.00	600.00	2025-05-12 10:22:43.964203+00	11	20
24	0.80	560.00	448.00	2025-05-12 10:22:43.971085+00	11	149
25	0.80	560.00	448.00	2025-05-12 13:21:06.973437+00	12	149
26	1.00	140.00	140.00	2025-05-12 13:21:06.979471+00	12	14
27	1.00	111.80	111.80	2025-05-12 13:21:06.984667+00	12	8
28	0.30	500.00	150.00	2025-05-12 13:23:00.377351+00	12	7
29	0.80	560.00	448.00	2025-05-12 13:33:05.846722+00	13	149
30	1.00	300.00	300.00	2025-05-12 13:33:05.85433+00	13	29
31	1.00	100.00	100.00	2025-05-13 08:20:17.483795+00	14	24
32	1.00	140.00	140.00	2025-05-14 13:53:37.088027+00	15	14
33	0.80	560.00	448.00	2025-05-14 13:53:37.310928+00	15	149
34	1.00	20.00	20.00	2025-05-14 13:53:37.487782+00	15	116
35	1.00	20.00	20.00	2025-05-16 09:49:17.197921+00	8	116
36	0.80	560.00	448.00	2025-05-16 15:36:14.114734+00	16	149
37	0.30	500.00	150.00	2025-05-16 15:36:14.121616+00	16	7
38	1.00	50.00	50.00	2025-05-20 19:04:38.542385+00	17	13
39	0.80	560.00	448.00	2025-05-20 19:07:02.339035+00	18	149
40	0.30	500.00	150.00	2025-05-20 19:07:02.50715+00	18	7
41	0.80	560.00	448.00	2025-05-20 19:08:08.435222+00	19	149
42	0.30	500.00	150.00	2025-05-20 19:08:08.523376+00	19	7
43	1.00	119.00	119.00	2025-05-22 13:07:41.03845+00	21	15
44	0.80	560.00	448.00	2025-05-22 13:07:41.210023+00	21	149
45	0.80	560.00	448.00	2025-05-22 13:13:23.894+00	22	149
46	1.00	119.00	119.00	2025-05-22 13:13:23.89914+00	22	15
47	0.80	560.00	448.00	2025-05-22 15:34:38.918841+00	23	149
48	1.00	119.00	119.00	2025-05-22 15:34:38.924654+00	23	15
49	0.80	560.00	448.00	2025-05-22 17:12:23.662012+00	24	149
50	1.00	119.00	119.00	2025-05-22 17:12:23.733815+00	24	15
51	1.00	119.00	119.00	2025-05-22 18:10:34.084262+00	25	15
52	0.80	560.00	448.00	2025-05-22 18:10:34.090161+00	25	149
53	1.00	119.00	119.00	2025-05-22 20:08:57.102391+00	28	15
54	0.80	560.00	448.00	2025-05-22 20:08:57.205343+00	28	1
55	1.00	111.80	111.80	2025-05-22 20:29:07.211788+00	29	8
56	1.00	140.00	140.00	2025-05-22 20:29:07.24407+00	29	14
57	0.30	500.00	150.00	2025-05-22 20:29:07.258149+00	29	7
58	0.80	560.00	448.00	2025-05-22 20:29:07.271684+00	29	1
59	1.00	40.00	40.00	2025-05-23 09:04:32.563666+00	30	30
60	0.80	560.00	448.00	2025-05-23 09:04:32.663914+00	30	1
61	1.00	111.80	111.80	2025-05-26 09:13:34.561266+00	31	8
62	1.00	1700.00	1700.00	2025-05-26 09:13:34.568528+00	31	9
63	1.00	300.00	300.00	2025-05-26 09:13:34.572908+00	31	26
64	1.00	80.00	80.00	2025-05-26 09:13:34.57903+00	31	11
65	0.30	500.00	150.00	2025-05-26 09:13:34.584456+00	31	7
66	0.80	560.00	448.00	2025-05-26 09:13:34.5887+00	31	1
67	1.00	10.00	10.00	2025-05-26 09:13:34.593375+00	31	10
68	1.00	120.00	120.00	2025-05-26 09:13:34.598963+00	31	12
69	1.00	120.00	120.00	2025-05-26 09:13:34.603361+00	31	117
70	1.00	80.00	80.00	2025-05-26 09:13:34.608421+00	31	136
71	1.00	800.00	800.00	2025-05-27 07:51:05.938653+00	32	38
72	1.00	140.00	140.00	2025-05-27 07:51:05.969125+00	32	14
73	1.00	560.00	560.00	2025-05-27 07:51:05.973397+00	32	1
74	1.00	3000.00	3000.00	2025-05-27 07:51:05.977674+00	32	50
75	0.30	500.00	150.00	2025-05-28 06:42:38.964036+00	33	7
76	0.80	560.00	448.00	2025-05-28 06:42:39.299897+00	33	1
77	1.00	429.00	429.00	2025-05-28 13:04:35.683616+00	34	134
78	1.00	140.00	140.00	2025-06-09 12:12:02.078678+00	35	14
79	0.80	560.00	448.00	2025-06-09 12:12:02.151436+00	35	1
80	1.00	140.00	140.00	2025-06-09 12:15:11.710457+00	37	14
81	0.80	560.00	448.00	2025-06-09 12:15:11.722684+00	37	1
82	1.00	111.80	111.80	2025-06-09 12:19:36.550669+00	39	8
83	1.00	140.00	140.00	2025-06-09 12:19:36.559817+00	39	14
84	1.00	10.00	10.00	2025-06-09 12:19:36.56461+00	39	10
85	1.00	120.00	120.00	2025-06-09 12:19:36.572838+00	39	12
86	1.00	80.00	80.00	2025-06-09 12:19:36.579393+00	39	11
87	1.00	996.52	996.52	2025-06-09 12:19:36.584951+00	39	9
88	1.00	62.05	62.05	2025-06-09 12:19:36.594105+00	39	26
89	0.80	560.00	448.00	2025-06-09 12:19:36.598669+00	39	1
90	0.30	500.00	150.00	2025-06-09 12:19:36.60638+00	39	7
91	1.00	20.00	20.00	2025-06-09 12:19:36.612665+00	39	116
92	1.00	111.80	111.80	2025-06-09 12:21:57.6028+00	41	8
93	0.80	560.00	448.00	2025-06-09 12:21:57.608256+00	41	1
94	0.30	500.00	150.00	2025-06-09 12:21:57.618313+00	41	7
95	1.00	1000.00	1000.00	2025-06-09 12:21:57.622414+00	41	35
96	1.00	300.00	300.00	2025-06-09 12:23:13.225146+00	42	66
97	0.80	560.00	448.00	2025-06-09 12:25:06.142238+00	44	1
98	1.00	140.00	140.00	2025-06-09 12:25:06.147712+00	44	14
99	1.00	300.00	300.00	2025-06-09 12:25:06.156178+00	44	66
100	1.00	10.00	10.00	2025-06-09 12:25:06.204084+00	44	56
101	0.80	560.00	448.00	2025-06-09 12:26:27.462438+00	45	1
102	0.30	500.00	150.00	2025-06-09 12:26:27.472882+00	45	7
103	1.00	400.00	400.00	2025-06-09 12:28:19.384371+00	46	21
104	1.00	100.00	100.00	2025-06-09 12:28:19.391076+00	46	25
105	1.00	111.80	111.80	2025-06-09 12:30:55.53929+00	48	8
106	1.00	62.05	62.05	2025-06-09 12:30:55.545072+00	48	26
107	1.00	80.00	80.00	2025-06-09 12:30:55.552669+00	48	11
108	0.80	560.00	448.00	2025-06-09 12:30:55.558194+00	48	1
109	0.30	500.00	150.00	2025-06-09 12:30:55.562608+00	48	7
110	1.00	140.00	140.00	2025-06-09 12:36:01.312652+00	49	14
111	1.00	111.80	111.80	2025-06-09 12:38:57.092305+00	51	8
112	1.00	140.00	140.00	2025-06-09 12:38:57.099964+00	51	14
113	1.00	10.00	10.00	2025-06-09 12:38:57.105277+00	51	10
114	1.00	120.00	120.00	2025-06-09 12:38:57.110132+00	51	12
115	1.00	80.00	80.00	2025-06-09 12:38:57.117483+00	51	11
116	1.00	996.52	996.52	2025-06-09 12:38:57.121978+00	51	9
117	1.00	62.05	62.05	2025-06-09 12:38:57.126273+00	51	26
118	0.30	500.00	150.00	2025-06-09 12:38:57.136015+00	51	7
119	0.80	560.00	448.00	2025-06-09 12:38:57.142422+00	51	1
120	0.30	500.00	150.00	2025-06-11 09:17:06.7613+00	53	7
121	0.80	560.00	448.00	2025-06-11 09:17:07.012273+00	53	1
122	1.00	800.00	800.00	2025-06-11 12:53:23.198468+00	54	41
123	0.80	560.00	448.00	2025-06-12 14:02:55.821211+00	56	1
124	1.00	20.00	20.00	2025-06-12 14:02:55.904994+00	56	116
126	1.00	800.00	800.00	2025-06-13 09:21:34.257857+00	58	70
127	0.80	560.00	448.00	2025-06-13 09:24:42.224347+00	60	1
128	0.30	500.00	150.00	2025-06-13 09:24:42.234293+00	60	7
125	1.20	560.00	672.00	2025-06-13 09:21:34.224776+00	58	1
129	0.80	560.00	448.00	2025-06-13 09:30:16.349762+00	61	1
130	1.00	140.00	140.00	2025-06-13 09:30:16.359137+00	61	14
131	0.80	560.00	448.00	2025-06-17 12:40:42.946585+00	63	1
132	1.00	111.80	111.80	2025-06-17 12:43:26.464457+00	65	8
133	1.00	20.00	20.00	2025-06-17 12:43:26.650623+00	65	116
134	1.00	800.00	800.00	2025-06-17 12:43:26.656083+00	65	38
135	0.80	560.00	448.00	2025-06-17 12:43:26.660029+00	65	1
136	0.30	500.00	150.00	2025-06-17 12:43:26.664052+00	65	7
137	1.00	62.05	62.05	2025-06-17 12:43:26.668599+00	65	26
138	0.80	560.00	448.00	2025-06-17 12:44:58.89331+00	67	1
139	0.30	500.00	150.00	2025-06-17 12:44:58.906824+00	67	7
140	1.00	140.00	140.00	2025-06-17 12:47:15.098214+00	69	14
141	1.00	119.00	119.00	2025-06-17 12:47:15.190368+00	69	15
142	0.80	560.00	448.00	2025-06-17 12:47:15.280931+00	69	1
143	1.00	10.00	10.00	2025-06-17 12:47:15.297571+00	69	56
144	1.00	800.00	800.00	2025-06-17 12:47:15.303893+00	69	135
145	0.80	560.00	448.00	2025-06-18 13:02:00.647596+00	70	1
146	1.00	111.80	111.80	2025-06-18 13:05:42.366178+00	71	8
147	1.00	140.00	140.00	2025-06-18 13:05:42.37274+00	71	14
148	1.00	996.52	996.52	2025-06-18 13:05:42.37735+00	71	9
149	1.00	62.05	62.05	2025-06-18 13:05:42.382451+00	71	26
150	1.00	10.00	10.00	2025-06-18 13:05:42.388706+00	71	10
151	1.00	80.00	80.00	2025-06-18 13:05:42.392798+00	71	11
152	1.00	120.00	120.00	2025-06-18 13:05:42.396766+00	71	12
153	0.80	560.00	448.00	2025-06-18 13:05:42.401348+00	71	1
154	0.30	500.00	150.00	2025-06-18 13:05:42.40587+00	71	7
155	1.00	50.00	50.00	2025-06-18 13:05:42.410173+00	71	53
156	1.00	50.00	50.00	2025-06-18 13:05:42.414974+00	71	54
157	0.80	560.00	448.00	2025-06-18 13:07:41.282144+00	72	1
158	1.00	111.80	111.80	2025-06-18 13:09:55.234889+00	73	8
159	0.80	560.00	448.00	2025-06-18 13:09:55.240603+00	73	1
160	0.30	500.00	150.00	2025-06-18 13:09:55.246649+00	73	7
161	1.00	3.00	3.00	2025-06-18 13:09:55.251603+00	73	52
162	1.00	421.21	421.21	2025-06-18 13:09:55.256666+00	73	20
163	1.00	62.05	62.05	2025-06-18 13:09:55.261076+00	73	26
164	1.00	111.80	111.80	2025-06-19 10:15:28.739525+00	75	8
165	1.00	996.52	996.52	2025-06-19 10:15:28.848189+00	75	9
166	1.00	62.05	62.05	2025-06-19 10:15:28.853031+00	75	26
167	1.00	80.00	80.00	2025-06-19 10:15:28.858464+00	75	11
168	1.00	120.00	120.00	2025-06-19 10:15:28.862519+00	75	12
169	0.30	500.00	150.00	2025-06-19 10:15:28.866854+00	75	7
170	0.80	560.00	448.00	2025-06-19 10:15:28.872242+00	75	1
171	1.00	10.00	10.00	2025-06-19 10:15:28.87663+00	75	10
172	0.80	560.00	448.00	2025-06-19 13:54:56.78825+00	76	1
173	0.80	560.00	448.00	2025-06-23 13:25:46.22664+00	77	1
174	1.00	20.00	20.00	2025-06-23 13:25:46.399039+00	77	116
175	1.00	421.21	421.21	2025-06-25 12:02:31.202875+00	78	20
176	1.00	140.00	140.00	2025-06-25 12:02:32.908306+00	78	14
177	1.00	40.00	40.00	2025-06-25 12:02:33.156614+00	78	30
178	0.80	560.00	448.00	2025-06-25 12:02:33.606729+00	78	1
179	0.80	560.00	448.00	2025-06-27 07:19:50.757979+00	79	1
180	0.30	500.00	150.00	2025-06-27 07:19:50.764062+00	79	7
181	1.00	1000.00	1000.00	2025-07-02 11:58:34.641066+00	80	35
182	1.00	10.00	10.00	2025-07-02 11:58:34.672649+00	80	47
183	1.00	111.80	111.80	2025-07-04 16:13:16.708251+00	81	8
184	1.00	119.00	119.00	2025-07-04 16:13:17.1859+00	81	15
186	1.00	62.05	62.05	2025-07-04 16:13:17.905736+00	81	26
187	1.00	1000.00	1000.00	2025-07-04 16:13:18.014713+00	81	35
188	1.00	800.00	800.00	2025-07-04 16:13:18.117037+00	81	38
189	0.80	560.00	448.00	2025-07-04 16:13:18.202323+00	81	1
190	0.30	500.00	150.00	2025-07-04 16:13:18.286827+00	81	7
191	1.00	10.00	10.00	2025-07-04 16:13:18.37283+00	81	47
185	1.00	140.00	140.00	2025-07-04 16:13:17.31534+00	81	14
192	1.00	800.00	800.00	2025-07-04 16:18:37.473856+00	82	135
193	1.00	800.00	800.00	2025-07-04 16:23:16.181478+00	83	38
194	0.80	560.00	448.00	2025-07-04 16:27:53.346805+00	84	1
195	0.30	500.00	150.00	2025-07-04 16:27:53.35105+00	84	7
196	1.00	80.00	80.00	2025-07-04 16:27:53.355353+00	84	11
197	1.00	62.05	62.05	2025-07-04 16:27:53.358635+00	84	26
198	1.00	140.00	140.00	2025-07-04 16:27:53.361917+00	84	14
199	1.00	111.80	111.80	2025-07-04 16:27:53.365773+00	84	8
200	1.00	119.00	119.00	2025-07-04 16:27:53.36876+00	84	15
201	1.00	120.00	120.00	2025-07-04 16:27:53.372075+00	84	12
202	1.00	10.00	10.00	2025-07-04 16:27:53.37529+00	84	10
203	1.00	996.52	996.52	2025-07-04 16:28:17.624774+00	84	9
204	1.00	111.80	111.80	2025-07-04 16:32:19.332076+00	85	8
205	1.00	140.00	140.00	2025-07-04 16:32:19.336516+00	85	14
206	1.00	421.21	421.21	2025-07-04 16:32:19.339985+00	85	20
207	1.00	10.00	10.00	2025-07-04 16:32:19.343856+00	85	10
208	1.00	120.00	120.00	2025-07-04 16:32:19.347676+00	85	12
209	1.00	62.05	62.05	2025-07-04 16:32:19.35124+00	85	26
210	1.00	80.00	80.00	2025-07-04 16:32:19.354624+00	85	11
211	1.00	500.00	500.00	2025-07-04 16:32:19.358462+00	85	7
212	1.00	560.00	560.00	2025-07-04 16:32:19.362465+00	85	1
213	1.00	996.52	996.52	2025-07-04 16:32:19.365504+00	85	9
214	1.00	111.80	111.80	2025-07-04 16:36:39.426531+00	86	8
215	1.00	140.00	140.00	2025-07-04 16:36:39.430899+00	86	14
216	1.00	996.52	996.52	2025-07-04 16:36:39.434147+00	86	9
217	1.00	80.00	80.00	2025-07-04 16:36:39.579879+00	86	11
218	1.00	120.00	120.00	2025-07-04 16:36:39.64438+00	86	12
219	1.00	10.00	10.00	2025-07-04 16:36:39.688951+00	86	10
220	1.00	763.92	763.92	2025-07-04 16:36:39.692171+00	86	117
221	1.00	100.00	100.00	2025-07-04 16:36:39.696278+00	86	25
222	0.80	560.00	448.00	2025-07-04 16:36:39.699773+00	86	1
223	0.30	500.00	150.00	2025-07-04 16:36:39.703478+00	86	7
224	1.00	119.00	119.00	2025-07-07 13:35:37.267723+00	87	15
226	1.00	140.00	140.00	2025-07-07 13:38:04.396478+00	88	14
227	1.00	560.00	560.00	2025-07-07 13:38:04.407488+00	88	1
228	1.00	800.00	800.00	2025-07-07 13:38:04.410658+00	88	38
229	1.00	10.00	10.00	2025-07-07 13:38:04.413656+00	88	47
230	1.00	119.00	119.00	2025-07-07 13:39:51.270952+00	89	15
231	0.80	560.00	448.00	2025-07-07 13:39:51.275005+00	89	1
225	0.80	560.00	448.00	2025-07-07 13:35:37.272843+00	87	1
232	1.00	800.00	800.00	2025-07-09 16:12:30.634041+00	90	135
233	1.00	111.80	111.80	2025-07-09 16:15:39.850075+00	91	8
234	1.00	119.00	119.00	2025-07-09 16:15:39.86529+00	91	15
235	1.00	996.52	996.52	2025-07-09 16:15:39.86975+00	91	9
236	1.00	62.05	62.05	2025-07-09 16:15:39.874503+00	91	26
237	1.00	10.00	10.00	2025-07-09 16:15:39.879515+00	91	10
238	1.00	120.00	120.00	2025-07-09 16:15:39.884358+00	91	12
239	1.00	80.00	80.00	2025-07-09 16:15:39.891198+00	91	11
240	0.80	560.00	448.00	2025-07-09 16:15:39.896029+00	91	1
241	0.30	500.00	150.00	2025-07-09 16:15:39.900277+00	91	7
242	0.80	560.00	448.00	2025-07-09 16:17:14.438065+00	92	1
243	1.00	140.00	140.00	2025-07-09 16:17:14.444888+00	92	14
244	1.00	140.00	140.00	2025-07-10 10:30:14.374401+00	93	14
245	0.80	560.00	448.00	2025-07-10 10:30:14.378956+00	93	1
246	1.00	140.00	140.00	2025-07-11 07:47:39.732967+00	94	14
247	0.80	560.00	448.00	2025-07-11 07:49:25.143979+00	95	1
248	1.00	800.00	800.00	2025-07-11 07:49:25.149448+00	95	38
249	1.00	10.00	10.00	2025-07-11 07:49:25.153213+00	95	47
250	2.00	20.00	40.00	2025-07-11 08:08:15.301753+00	95	116
251	1.00	140.00	140.00	2025-07-11 10:47:19.380804+00	96	14
252	1.00	421.21	421.21	2025-07-11 10:47:19.384781+00	96	20
253	1.00	140.00	140.00	2025-07-14 07:47:10.579952+00	97	14
254	0.80	560.00	448.00	2025-07-14 18:06:51.854611+00	98	1
255	0.30	500.00	150.00	2025-07-14 18:06:51.858767+00	98	7
256	1.00	62.05	62.05	2025-07-14 18:06:51.862035+00	98	26
257	1.00	421.21	421.21	2025-07-14 18:06:51.865534+00	98	20
258	1.00	140.00	140.00	2025-07-14 18:06:51.869387+00	98	14
259	1.00	150.00	150.00	2025-07-14 18:06:51.874319+00	98	55
260	1.00	111.80	111.80	2025-07-14 18:06:51.877613+00	98	8
261	1.00	111.80	111.80	2025-07-20 06:07:35.594635+00	99	8
262	1.00	62.05	62.05	2025-07-20 06:07:35.635246+00	99	26
263	0.80	560.00	448.00	2025-07-20 06:07:35.721988+00	99	1
264	0.30	500.00	150.00	2025-07-20 06:07:35.767618+00	99	7
265	1.00	140.00	140.00	2025-07-20 06:08:47.281512+00	100	14
266	0.80	560.00	448.00	2025-07-20 06:10:30.132556+00	101	1
267	1.20	560.00	672.00	2025-07-20 06:12:32.708929+00	102	1
268	0.50	500.00	250.00	2025-07-20 06:12:32.730104+00	102	7
269	1.00	119.00	119.00	2025-07-20 06:12:32.808935+00	102	15
270	1.00	50.00	50.00	2025-07-20 06:12:32.836373+00	102	69
271	1.00	140.00	140.00	2025-07-20 06:13:56.795146+00	103	14
272	0.80	560.00	448.00	2025-07-20 06:14:59.430364+00	104	1
273	1.00	140.00	140.00	2025-07-20 06:15:58.119581+00	105	14
274	0.80	560.00	448.00	2025-07-20 06:16:52.575459+00	106	1
\.


--
-- Data for Name: service_servicechecklist; Type: TABLE DATA; Schema: public; Owner: scooteruser
--

COPY public.service_servicechecklist (id, item_name, is_checked, notes, date_created, date_updated, job_card_id) FROM stdin;
7	Brake inspection	f		2025-05-05 23:18:13.497227+00	2025-05-05 23:18:13.497248+00	2
8	Battery check	f		2025-05-05 23:18:13.498997+00	2025-05-05 23:18:13.499016+00	2
9	Tire pressure and condition	f		2025-05-05 23:18:13.500496+00	2025-05-05 23:18:13.500514+00	2
10	Lights and signals testing	f		2025-05-05 23:18:13.50171+00	2025-05-05 23:18:13.501728+00	2
11	Electrical system check	f		2025-05-05 23:18:13.503026+00	2025-05-05 23:18:13.503045+00	2
12	Frame and suspension inspection	f		2025-05-05 23:18:13.504498+00	2025-05-05 23:18:13.504558+00	2
1	Brake inspection	t		2025-05-05 23:03:15.534293+00	2025-05-06 05:37:12.149381+00	1
2	Battery check	t		2025-05-05 23:03:15.589462+00	2025-05-06 05:37:12.201552+00	1
3	Tire pressure and condition	t		2025-05-05 23:03:15.591269+00	2025-05-06 05:37:12.203578+00	1
4	Lights and signals testing	f		2025-05-05 23:03:15.592785+00	2025-05-06 05:37:12.205327+00	1
5	Electrical system check	f		2025-05-05 23:03:15.59435+00	2025-05-06 05:37:12.206864+00	1
6	Frame and suspension inspection	f		2025-05-05 23:03:15.59579+00	2025-05-06 05:37:12.208306+00	1
25	Brake inspection	f		2025-05-07 18:10:42.897947+00	2025-05-07 18:10:42.897978+00	5
26	Battery check	f		2025-05-07 18:10:42.940497+00	2025-05-07 18:10:42.940517+00	5
27	Tire pressure and condition	f		2025-05-07 18:10:42.98116+00	2025-05-07 18:10:42.981189+00	5
28	Lights and signals testing	f		2025-05-07 18:10:43.023384+00	2025-05-07 18:10:43.023406+00	5
29	Electrical system check	f		2025-05-07 18:10:43.065403+00	2025-05-07 18:10:43.065426+00	5
30	Frame and suspension inspection	f		2025-05-07 18:10:43.147521+00	2025-05-07 18:10:43.147541+00	5
31	Brake inspection	f		2025-05-07 18:29:04.764311+00	2025-05-07 18:29:04.76439+00	6
32	Battery check	f		2025-05-07 18:29:04.767104+00	2025-05-07 18:29:04.767125+00	6
33	Tire pressure and condition	f		2025-05-07 18:29:04.768451+00	2025-05-07 18:29:04.768468+00	6
34	Lights and signals testing	f		2025-05-07 18:29:04.7697+00	2025-05-07 18:29:04.769717+00	6
35	Electrical system check	f		2025-05-07 18:29:04.771011+00	2025-05-07 18:29:04.77103+00	6
36	Frame and suspension inspection	f		2025-05-07 18:29:04.772417+00	2025-05-07 18:29:04.772443+00	6
43	Brake inspection	f		2025-05-09 08:11:46.139873+00	2025-05-09 08:11:46.139892+00	8
44	Battery check	f		2025-05-09 08:11:46.141684+00	2025-05-09 08:11:46.141704+00	8
45	Tire pressure and condition	f		2025-05-09 08:11:46.142956+00	2025-05-09 08:11:46.142973+00	8
46	Lights and signals testing	f		2025-05-09 08:11:46.149771+00	2025-05-09 08:11:46.149792+00	8
47	Electrical system check	f		2025-05-09 08:11:46.151377+00	2025-05-09 08:11:46.151397+00	8
48	Frame and suspension inspection	f		2025-05-09 08:11:46.152637+00	2025-05-09 08:11:46.15265+00	8
49	Brake inspection	f		2025-05-12 09:58:27.327615+00	2025-05-12 09:58:27.327638+00	9
50	Battery check	f		2025-05-12 09:58:27.397466+00	2025-05-12 09:58:27.397489+00	9
51	Tire pressure and condition	f		2025-05-12 09:58:27.398942+00	2025-05-12 09:58:27.39896+00	9
52	Lights and signals testing	f		2025-05-12 09:58:27.400897+00	2025-05-12 09:58:27.400924+00	9
53	Electrical system check	f		2025-05-12 09:58:27.402307+00	2025-05-12 09:58:27.402331+00	9
54	Frame and suspension inspection	f		2025-05-12 09:58:27.403647+00	2025-05-12 09:58:27.403671+00	9
55	Brake inspection	f		2025-05-12 10:16:12.622055+00	2025-05-12 10:16:12.622077+00	10
56	Battery check	f		2025-05-12 10:16:12.689017+00	2025-05-12 10:16:12.689039+00	10
57	Tire pressure and condition	f		2025-05-12 10:16:12.690479+00	2025-05-12 10:16:12.690496+00	10
58	Lights and signals testing	f		2025-05-12 10:16:12.692032+00	2025-05-12 10:16:12.692054+00	10
59	Electrical system check	f		2025-05-12 10:16:12.693462+00	2025-05-12 10:16:12.69348+00	10
60	Frame and suspension inspection	f		2025-05-12 10:16:12.694768+00	2025-05-12 10:16:12.694787+00	10
61	Brake inspection	f		2025-05-12 10:22:43.976767+00	2025-05-12 10:22:43.976786+00	11
62	Battery check	f		2025-05-12 10:22:43.978555+00	2025-05-12 10:22:43.978574+00	11
63	Tire pressure and condition	f		2025-05-12 10:22:43.979842+00	2025-05-12 10:22:43.979858+00	11
64	Lights and signals testing	f		2025-05-12 10:22:43.981012+00	2025-05-12 10:22:43.981029+00	11
65	Electrical system check	f		2025-05-12 10:22:43.98214+00	2025-05-12 10:22:43.982157+00	11
66	Frame and suspension inspection	f		2025-05-12 10:22:43.983206+00	2025-05-12 10:22:43.98322+00	11
67	Brake inspection	f		2025-05-12 13:21:06.990564+00	2025-05-12 13:21:06.990584+00	12
68	Battery check	f		2025-05-12 13:21:06.99248+00	2025-05-12 13:21:06.992499+00	12
69	Tire pressure and condition	f		2025-05-12 13:21:06.993764+00	2025-05-12 13:21:06.993781+00	12
70	Lights and signals testing	f		2025-05-12 13:21:06.995155+00	2025-05-12 13:21:06.995176+00	12
71	Electrical system check	f		2025-05-12 13:21:06.9982+00	2025-05-12 13:21:06.998285+00	12
72	Frame and suspension inspection	f		2025-05-12 13:21:06.99982+00	2025-05-12 13:21:06.999838+00	12
73	Brake inspection	f		2025-05-12 13:33:05.860309+00	2025-05-12 13:33:05.860331+00	13
74	Battery check	f		2025-05-12 13:33:05.862592+00	2025-05-12 13:33:05.862615+00	13
75	Tire pressure and condition	f		2025-05-12 13:33:05.864304+00	2025-05-12 13:33:05.864324+00	13
76	Lights and signals testing	f		2025-05-12 13:33:05.86572+00	2025-05-12 13:33:05.865738+00	13
77	Electrical system check	f		2025-05-12 13:33:05.866894+00	2025-05-12 13:33:05.866909+00	13
78	Frame and suspension inspection	f		2025-05-12 13:33:05.868015+00	2025-05-12 13:33:05.86803+00	13
79	Brake inspection	f		2025-05-13 08:20:17.698015+00	2025-05-13 08:20:17.69804+00	14
80	Battery check	f		2025-05-13 08:20:18.305585+00	2025-05-13 08:20:18.305609+00	14
81	Tire pressure and condition	f		2025-05-13 08:20:18.347742+00	2025-05-13 08:20:18.347768+00	14
82	Lights and signals testing	f		2025-05-13 08:20:18.36811+00	2025-05-13 08:20:18.368136+00	14
83	Electrical system check	f		2025-05-13 08:20:18.410182+00	2025-05-13 08:20:18.410206+00	14
84	Frame and suspension inspection	f		2025-05-13 08:20:18.452065+00	2025-05-13 08:20:18.452088+00	14
85	Brake inspection	f		2025-05-14 13:53:37.715916+00	2025-05-14 13:53:37.715939+00	15
86	Battery check	f		2025-05-14 13:53:37.978209+00	2025-05-14 13:53:37.978235+00	15
87	Tire pressure and condition	f		2025-05-14 13:53:38.021619+00	2025-05-14 13:53:38.021659+00	15
88	Lights and signals testing	f		2025-05-14 13:53:38.105649+00	2025-05-14 13:53:38.105687+00	15
89	Electrical system check	f		2025-05-14 13:53:38.133652+00	2025-05-14 13:53:38.133678+00	15
90	Frame and suspension inspection	f		2025-05-14 13:53:38.190568+00	2025-05-14 13:53:38.190595+00	15
91	Brake inspection	f		2025-05-16 15:36:14.126716+00	2025-05-16 15:36:14.126737+00	16
92	Battery check	f		2025-05-16 15:36:14.43647+00	2025-05-16 15:36:14.436499+00	16
93	Tire pressure and condition	f		2025-05-16 15:36:14.438148+00	2025-05-16 15:36:14.438166+00	16
94	Lights and signals testing	f		2025-05-16 15:36:14.439967+00	2025-05-16 15:36:14.43999+00	16
95	Electrical system check	f		2025-05-16 15:36:14.441679+00	2025-05-16 15:36:14.441698+00	16
96	Frame and suspension inspection	f		2025-05-16 15:36:14.443453+00	2025-05-16 15:36:14.443476+00	16
97	Brake inspection	f		2025-05-20 19:04:41.188408+00	2025-05-20 19:04:41.188434+00	17
98	Battery check	f		2025-05-20 19:04:41.634735+00	2025-05-20 19:04:41.634769+00	17
99	Tire pressure and condition	f		2025-05-20 19:04:41.802716+00	2025-05-20 19:04:41.802743+00	17
100	Lights and signals testing	f		2025-05-20 19:04:41.836376+00	2025-05-20 19:04:41.836408+00	17
101	Electrical system check	f		2025-05-20 19:04:42.046307+00	2025-05-20 19:04:42.046334+00	17
102	Frame and suspension inspection	f		2025-05-20 19:04:42.248967+00	2025-05-20 19:04:42.249033+00	17
103	Brake inspection	f		2025-05-20 19:07:02.635433+00	2025-05-20 19:07:02.635467+00	18
104	Battery check	f		2025-05-20 19:07:02.720153+00	2025-05-20 19:07:02.720179+00	18
105	Tire pressure and condition	f		2025-05-20 19:07:02.763535+00	2025-05-20 19:07:02.76356+00	18
106	Lights and signals testing	f		2025-05-20 19:07:02.847535+00	2025-05-20 19:07:02.84756+00	18
107	Electrical system check	f		2025-05-20 19:07:02.930613+00	2025-05-20 19:07:02.930634+00	18
108	Frame and suspension inspection	f		2025-05-20 19:07:02.941229+00	2025-05-20 19:07:02.94125+00	18
109	Brake inspection	f		2025-05-20 19:08:08.650532+00	2025-05-20 19:08:08.650554+00	19
110	Battery check	f		2025-05-20 19:08:08.691051+00	2025-05-20 19:08:08.691075+00	19
111	Tire pressure and condition	f		2025-05-20 19:08:08.733007+00	2025-05-20 19:08:08.733031+00	19
112	Lights and signals testing	f		2025-05-20 19:08:08.775387+00	2025-05-20 19:08:08.775409+00	19
113	Electrical system check	f		2025-05-20 19:08:08.859212+00	2025-05-20 19:08:08.859235+00	19
114	Frame and suspension inspection	f		2025-05-20 19:08:08.903287+00	2025-05-20 19:08:08.903321+00	19
115	Brake inspection	f		2025-05-22 13:07:41.21548+00	2025-05-22 13:07:41.215515+00	21
116	Battery check	f		2025-05-22 13:07:41.275889+00	2025-05-22 13:07:41.275915+00	21
117	Tire pressure and condition	f		2025-05-22 13:07:41.277286+00	2025-05-22 13:07:41.277304+00	21
118	Lights and signals testing	f		2025-05-22 13:07:41.278906+00	2025-05-22 13:07:41.278931+00	21
119	Electrical system check	f		2025-05-22 13:07:41.281356+00	2025-05-22 13:07:41.28138+00	21
120	Frame and suspension inspection	f		2025-05-22 13:07:41.282867+00	2025-05-22 13:07:41.282886+00	21
121	Brake inspection	f		2025-05-22 13:13:23.903619+00	2025-05-22 13:13:23.90364+00	22
122	Battery check	f		2025-05-22 13:13:23.905966+00	2025-05-22 13:13:23.905991+00	22
123	Tire pressure and condition	f		2025-05-22 13:13:23.908328+00	2025-05-22 13:13:23.908363+00	22
124	Lights and signals testing	f		2025-05-22 13:13:23.910048+00	2025-05-22 13:13:23.910068+00	22
125	Electrical system check	f		2025-05-22 13:13:23.911501+00	2025-05-22 13:13:23.911519+00	22
126	Frame and suspension inspection	f		2025-05-22 13:13:23.912761+00	2025-05-22 13:13:23.912777+00	22
127	Brake inspection	f		2025-05-22 15:34:38.929942+00	2025-05-22 15:34:38.92996+00	23
128	Battery check	f		2025-05-22 15:34:38.981464+00	2025-05-22 15:34:38.981488+00	23
129	Tire pressure and condition	f		2025-05-22 15:34:38.982931+00	2025-05-22 15:34:38.982952+00	23
130	Lights and signals testing	f		2025-05-22 15:34:38.984261+00	2025-05-22 15:34:38.984279+00	23
131	Electrical system check	f		2025-05-22 15:34:38.985667+00	2025-05-22 15:34:38.985688+00	23
132	Frame and suspension inspection	f		2025-05-22 15:34:38.987018+00	2025-05-22 15:34:38.987036+00	23
133	Brake inspection	f		2025-05-22 17:12:23.739991+00	2025-05-22 17:12:23.740013+00	24
134	Battery check	f		2025-05-22 17:12:23.742685+00	2025-05-22 17:12:23.742704+00	24
135	Tire pressure and condition	f		2025-05-22 17:12:23.743964+00	2025-05-22 17:12:23.743982+00	24
136	Lights and signals testing	f		2025-05-22 17:12:23.745214+00	2025-05-22 17:12:23.745234+00	24
137	Electrical system check	f		2025-05-22 17:12:23.74745+00	2025-05-22 17:12:23.747484+00	24
138	Frame and suspension inspection	f		2025-05-22 17:12:23.749136+00	2025-05-22 17:12:23.749156+00	24
139	Brake inspection	f		2025-05-22 18:10:34.094704+00	2025-05-22 18:10:34.094722+00	25
140	Battery check	f		2025-05-22 18:10:34.097268+00	2025-05-22 18:10:34.097294+00	25
141	Tire pressure and condition	f		2025-05-22 18:10:34.099387+00	2025-05-22 18:10:34.099409+00	25
142	Lights and signals testing	f		2025-05-22 18:10:34.100874+00	2025-05-22 18:10:34.100894+00	25
143	Electrical system check	f		2025-05-22 18:10:34.102242+00	2025-05-22 18:10:34.102265+00	25
144	Frame and suspension inspection	f		2025-05-22 18:10:34.104006+00	2025-05-22 18:10:34.104039+00	25
145	Brake inspection	f		2025-05-22 20:08:57.209765+00	2025-05-22 20:08:57.209783+00	28
146	Battery check	f		2025-05-22 20:08:57.211689+00	2025-05-22 20:08:57.211707+00	28
147	Tire pressure and condition	f		2025-05-22 20:08:57.213043+00	2025-05-22 20:08:57.21306+00	28
148	Lights and signals testing	f		2025-05-22 20:08:57.214386+00	2025-05-22 20:08:57.214403+00	28
149	Electrical system check	f		2025-05-22 20:08:57.215642+00	2025-05-22 20:08:57.215659+00	28
150	Frame and suspension inspection	f		2025-05-22 20:08:57.217237+00	2025-05-22 20:08:57.217255+00	28
151	Brake inspection	f		2025-05-22 20:29:07.278499+00	2025-05-22 20:29:07.278524+00	29
152	Battery check	f		2025-05-22 20:29:07.285896+00	2025-05-22 20:29:07.28592+00	29
153	Tire pressure and condition	f		2025-05-22 20:29:07.287831+00	2025-05-22 20:29:07.287861+00	29
154	Lights and signals testing	f		2025-05-22 20:29:07.289788+00	2025-05-22 20:29:07.28981+00	29
155	Electrical system check	f		2025-05-22 20:29:07.291913+00	2025-05-22 20:29:07.291943+00	29
156	Frame and suspension inspection	f		2025-05-22 20:29:07.293902+00	2025-05-22 20:29:07.293927+00	29
157	Brake inspection	f		2025-05-23 09:04:32.670241+00	2025-05-23 09:04:32.670264+00	30
158	Battery check	f		2025-05-23 09:04:32.707364+00	2025-05-23 09:04:32.70739+00	30
159	Tire pressure and condition	f		2025-05-23 09:04:32.709127+00	2025-05-23 09:04:32.709147+00	30
160	Lights and signals testing	f		2025-05-23 09:04:32.710457+00	2025-05-23 09:04:32.710475+00	30
161	Electrical system check	f		2025-05-23 09:04:32.711968+00	2025-05-23 09:04:32.711991+00	30
162	Frame and suspension inspection	f		2025-05-23 09:04:32.71419+00	2025-05-23 09:04:32.714227+00	30
163	Brake inspection	f		2025-05-26 09:13:34.613429+00	2025-05-26 09:13:34.613452+00	31
164	Battery check	f		2025-05-26 09:13:34.635192+00	2025-05-26 09:13:34.635216+00	31
165	Tire pressure and condition	f		2025-05-26 09:13:34.636466+00	2025-05-26 09:13:34.636483+00	31
166	Lights and signals testing	f		2025-05-26 09:13:34.637764+00	2025-05-26 09:13:34.63778+00	31
167	Electrical system check	f		2025-05-26 09:13:34.639081+00	2025-05-26 09:13:34.639098+00	31
168	Frame and suspension inspection	f		2025-05-26 09:13:34.640881+00	2025-05-26 09:13:34.640915+00	31
169	Brake inspection	f		2025-05-27 07:51:05.982114+00	2025-05-27 07:51:05.982134+00	32
170	Battery check	f		2025-05-27 07:51:05.985118+00	2025-05-27 07:51:05.985139+00	32
171	Tire pressure and condition	f		2025-05-27 07:51:05.986414+00	2025-05-27 07:51:05.986432+00	32
172	Lights and signals testing	f		2025-05-27 07:51:05.987555+00	2025-05-27 07:51:05.987571+00	32
173	Electrical system check	f		2025-05-27 07:51:05.988687+00	2025-05-27 07:51:05.988706+00	32
174	Frame and suspension inspection	f		2025-05-27 07:51:05.989822+00	2025-05-27 07:51:05.98984+00	32
175	Brake inspection	f		2025-05-28 06:42:39.544628+00	2025-05-28 06:42:39.544655+00	33
176	Battery check	f		2025-05-28 06:42:39.862679+00	2025-05-28 06:42:39.862702+00	33
177	Tire pressure and condition	f		2025-05-28 06:42:39.905175+00	2025-05-28 06:42:39.905199+00	33
178	Lights and signals testing	f		2025-05-28 06:42:40.026578+00	2025-05-28 06:42:40.026605+00	33
179	Electrical system check	f		2025-05-28 06:42:40.074728+00	2025-05-28 06:42:40.074761+00	33
180	Frame and suspension inspection	f		2025-05-28 06:42:40.1916+00	2025-05-28 06:42:40.191637+00	33
181	Brake inspection	f		2025-05-28 13:04:35.718699+00	2025-05-28 13:04:35.718723+00	34
182	Battery check	f		2025-05-28 13:04:36.906521+00	2025-05-28 13:04:36.906545+00	34
183	Tire pressure and condition	f		2025-05-28 13:04:36.90822+00	2025-05-28 13:04:36.908247+00	34
184	Lights and signals testing	f		2025-05-28 13:04:36.909845+00	2025-05-28 13:04:36.909866+00	34
185	Electrical system check	f		2025-05-28 13:04:36.911303+00	2025-05-28 13:04:36.911322+00	34
186	Frame and suspension inspection	f		2025-05-28 13:04:36.91332+00	2025-05-28 13:04:36.913342+00	34
187	Brake inspection	f		2025-06-09 12:12:02.156409+00	2025-06-09 12:12:02.156429+00	35
188	Battery check	f		2025-06-09 12:12:02.168486+00	2025-06-09 12:12:02.168514+00	35
189	Tire pressure and condition	f		2025-06-09 12:12:02.194021+00	2025-06-09 12:12:02.194049+00	35
190	Lights and signals testing	f		2025-06-09 12:12:02.195566+00	2025-06-09 12:12:02.195583+00	35
191	Electrical system check	f		2025-06-09 12:12:02.196748+00	2025-06-09 12:12:02.196764+00	35
192	Frame and suspension inspection	f		2025-06-09 12:12:02.1978+00	2025-06-09 12:12:02.197815+00	35
193	Brake inspection	f		2025-06-09 12:15:11.728456+00	2025-06-09 12:15:11.728476+00	37
194	Battery check	f		2025-06-09 12:15:11.730181+00	2025-06-09 12:15:11.7302+00	37
195	Tire pressure and condition	f		2025-06-09 12:15:11.731382+00	2025-06-09 12:15:11.731398+00	37
196	Lights and signals testing	f		2025-06-09 12:15:11.738408+00	2025-06-09 12:15:11.738429+00	37
197	Electrical system check	f		2025-06-09 12:15:11.740095+00	2025-06-09 12:15:11.740112+00	37
198	Frame and suspension inspection	f		2025-06-09 12:15:11.741381+00	2025-06-09 12:15:11.741398+00	37
199	Brake inspection	f		2025-06-09 12:19:36.618441+00	2025-06-09 12:19:36.618461+00	39
200	Battery check	f		2025-06-09 12:19:36.622622+00	2025-06-09 12:19:36.622647+00	39
201	Tire pressure and condition	f		2025-06-09 12:19:36.625279+00	2025-06-09 12:19:36.625321+00	39
202	Lights and signals testing	f		2025-06-09 12:19:36.627651+00	2025-06-09 12:19:36.627676+00	39
203	Electrical system check	f		2025-06-09 12:19:36.629155+00	2025-06-09 12:19:36.629175+00	39
204	Frame and suspension inspection	f		2025-06-09 12:19:36.630387+00	2025-06-09 12:19:36.630406+00	39
205	Brake inspection	f		2025-06-09 12:21:57.630506+00	2025-06-09 12:21:57.630554+00	41
206	Battery check	f		2025-06-09 12:21:57.633323+00	2025-06-09 12:21:57.633344+00	41
207	Tire pressure and condition	f		2025-06-09 12:21:57.634831+00	2025-06-09 12:21:57.634848+00	41
208	Lights and signals testing	f		2025-06-09 12:21:57.63609+00	2025-06-09 12:21:57.636105+00	41
209	Electrical system check	f		2025-06-09 12:21:57.637184+00	2025-06-09 12:21:57.637198+00	41
210	Frame and suspension inspection	f		2025-06-09 12:21:57.638256+00	2025-06-09 12:21:57.638271+00	41
211	Brake inspection	f		2025-06-09 12:23:13.238534+00	2025-06-09 12:23:13.238554+00	42
212	Battery check	f		2025-06-09 12:23:13.24023+00	2025-06-09 12:23:13.24025+00	42
213	Tire pressure and condition	f		2025-06-09 12:23:13.241555+00	2025-06-09 12:23:13.241574+00	42
214	Lights and signals testing	f		2025-06-09 12:23:13.245073+00	2025-06-09 12:23:13.24512+00	42
215	Electrical system check	f		2025-06-09 12:23:13.251533+00	2025-06-09 12:23:13.251553+00	42
216	Frame and suspension inspection	f		2025-06-09 12:23:13.253152+00	2025-06-09 12:23:13.253183+00	42
217	Brake inspection	f		2025-06-09 12:25:06.360888+00	2025-06-09 12:25:06.360913+00	44
218	Battery check	f		2025-06-09 12:25:06.465215+00	2025-06-09 12:25:06.465254+00	44
219	Tire pressure and condition	f		2025-06-09 12:25:06.491476+00	2025-06-09 12:25:06.491501+00	44
220	Lights and signals testing	f		2025-06-09 12:25:06.493091+00	2025-06-09 12:25:06.493112+00	44
221	Electrical system check	f		2025-06-09 12:25:06.494527+00	2025-06-09 12:25:06.494545+00	44
222	Frame and suspension inspection	f		2025-06-09 12:25:06.495933+00	2025-06-09 12:25:06.495954+00	44
223	Brake inspection	f		2025-06-09 12:26:27.478823+00	2025-06-09 12:26:27.478854+00	45
224	Battery check	f		2025-06-09 12:26:27.481272+00	2025-06-09 12:26:27.481296+00	45
225	Tire pressure and condition	f		2025-06-09 12:26:27.485841+00	2025-06-09 12:26:27.485871+00	45
226	Lights and signals testing	f		2025-06-09 12:26:27.487799+00	2025-06-09 12:26:27.487821+00	45
227	Electrical system check	f		2025-06-09 12:26:27.489572+00	2025-06-09 12:26:27.489597+00	45
228	Frame and suspension inspection	f		2025-06-09 12:26:27.491159+00	2025-06-09 12:26:27.491179+00	45
229	Brake inspection	f		2025-06-09 12:28:19.400347+00	2025-06-09 12:28:19.400369+00	46
230	Battery check	f		2025-06-09 12:28:19.402959+00	2025-06-09 12:28:19.40298+00	46
231	Tire pressure and condition	f		2025-06-09 12:28:19.404477+00	2025-06-09 12:28:19.404504+00	46
232	Lights and signals testing	f		2025-06-09 12:28:19.406178+00	2025-06-09 12:28:19.406211+00	46
233	Electrical system check	f		2025-06-09 12:28:19.408092+00	2025-06-09 12:28:19.408115+00	46
234	Frame and suspension inspection	f		2025-06-09 12:28:19.409838+00	2025-06-09 12:28:19.409856+00	46
235	Brake inspection	f		2025-06-09 12:30:55.572847+00	2025-06-09 12:30:55.572868+00	48
236	Battery check	f		2025-06-09 12:30:55.574704+00	2025-06-09 12:30:55.574722+00	48
237	Tire pressure and condition	f		2025-06-09 12:30:55.576007+00	2025-06-09 12:30:55.576025+00	48
238	Lights and signals testing	f		2025-06-09 12:30:55.57715+00	2025-06-09 12:30:55.577165+00	48
239	Electrical system check	f		2025-06-09 12:30:55.578204+00	2025-06-09 12:30:55.578218+00	48
240	Frame and suspension inspection	f		2025-06-09 12:30:55.579266+00	2025-06-09 12:30:55.579281+00	48
241	Brake inspection	f		2025-06-09 12:36:01.320304+00	2025-06-09 12:36:01.320324+00	49
242	Battery check	f		2025-06-09 12:36:01.322465+00	2025-06-09 12:36:01.322484+00	49
243	Tire pressure and condition	f		2025-06-09 12:36:01.328344+00	2025-06-09 12:36:01.328366+00	49
244	Lights and signals testing	f		2025-06-09 12:36:01.329822+00	2025-06-09 12:36:01.32984+00	49
245	Electrical system check	f		2025-06-09 12:36:01.331317+00	2025-06-09 12:36:01.331373+00	49
246	Frame and suspension inspection	f		2025-06-09 12:36:01.333505+00	2025-06-09 12:36:01.333534+00	49
247	Brake inspection	f		2025-06-09 12:38:57.152694+00	2025-06-09 12:38:57.152714+00	51
248	Battery check	f		2025-06-09 12:38:57.154541+00	2025-06-09 12:38:57.154558+00	51
249	Tire pressure and condition	f		2025-06-09 12:38:57.155777+00	2025-06-09 12:38:57.155794+00	51
250	Lights and signals testing	f		2025-06-09 12:38:57.157019+00	2025-06-09 12:38:57.157035+00	51
251	Electrical system check	f		2025-06-09 12:38:57.158205+00	2025-06-09 12:38:57.158221+00	51
252	Frame and suspension inspection	f		2025-06-09 12:38:57.159279+00	2025-06-09 12:38:57.159294+00	51
253	Brake inspection	f		2025-06-11 09:17:07.099934+00	2025-06-11 09:17:07.099959+00	53
254	Battery check	f		2025-06-11 09:17:07.264947+00	2025-06-11 09:17:07.264973+00	53
255	Tire pressure and condition	f		2025-06-11 09:17:07.306862+00	2025-06-11 09:17:07.306887+00	53
256	Lights and signals testing	f		2025-06-11 09:17:07.349496+00	2025-06-11 09:17:07.349519+00	53
257	Electrical system check	f		2025-06-11 09:17:07.432573+00	2025-06-11 09:17:07.4326+00	53
258	Frame and suspension inspection	f		2025-06-11 09:17:07.512801+00	2025-06-11 09:17:07.512838+00	53
259	Brake inspection	f		2025-06-11 12:53:23.233697+00	2025-06-11 12:53:23.233721+00	54
260	Battery check	f		2025-06-11 12:53:23.254108+00	2025-06-11 12:53:23.254131+00	54
261	Tire pressure and condition	f		2025-06-11 12:53:23.29622+00	2025-06-11 12:53:23.296242+00	54
262	Lights and signals testing	f		2025-06-11 12:53:23.437523+00	2025-06-11 12:53:23.437545+00	54
263	Electrical system check	f		2025-06-11 12:53:23.521036+00	2025-06-11 12:53:23.521058+00	54
264	Frame and suspension inspection	f		2025-06-11 12:53:23.606539+00	2025-06-11 12:53:23.606564+00	54
265	Brake inspection	f		2025-06-12 14:02:55.911276+00	2025-06-12 14:02:55.911307+00	56
266	Battery check	f		2025-06-12 14:02:55.914542+00	2025-06-12 14:02:55.914564+00	56
267	Tire pressure and condition	f		2025-06-12 14:02:55.916736+00	2025-06-12 14:02:55.916758+00	56
268	Lights and signals testing	f		2025-06-12 14:02:55.918422+00	2025-06-12 14:02:55.918443+00	56
269	Electrical system check	f		2025-06-12 14:02:55.91984+00	2025-06-12 14:02:55.919857+00	56
270	Frame and suspension inspection	f		2025-06-12 14:02:55.921315+00	2025-06-12 14:02:55.921334+00	56
271	Brake inspection	f		2025-06-13 09:21:34.265653+00	2025-06-13 09:21:34.265678+00	58
272	Battery check	f		2025-06-13 09:21:34.286389+00	2025-06-13 09:21:34.286412+00	58
273	Tire pressure and condition	f		2025-06-13 09:21:34.287836+00	2025-06-13 09:21:34.287855+00	58
274	Lights and signals testing	f		2025-06-13 09:21:34.289211+00	2025-06-13 09:21:34.289232+00	58
275	Electrical system check	f		2025-06-13 09:21:34.290559+00	2025-06-13 09:21:34.290576+00	58
276	Frame and suspension inspection	f		2025-06-13 09:21:34.2917+00	2025-06-13 09:21:34.291716+00	58
277	Brake inspection	f		2025-06-13 09:24:42.239438+00	2025-06-13 09:24:42.239461+00	60
278	Battery check	f		2025-06-13 09:24:42.241963+00	2025-06-13 09:24:42.241986+00	60
279	Tire pressure and condition	f		2025-06-13 09:24:42.245546+00	2025-06-13 09:24:42.245587+00	60
280	Lights and signals testing	f		2025-06-13 09:24:42.248138+00	2025-06-13 09:24:42.248172+00	60
281	Electrical system check	f		2025-06-13 09:24:42.25034+00	2025-06-13 09:24:42.250361+00	60
282	Frame and suspension inspection	f		2025-06-13 09:24:42.251674+00	2025-06-13 09:24:42.251692+00	60
283	Brake inspection	f		2025-06-13 09:30:16.364691+00	2025-06-13 09:30:16.364709+00	61
284	Battery check	f		2025-06-13 09:30:16.366915+00	2025-06-13 09:30:16.366936+00	61
285	Tire pressure and condition	f		2025-06-13 09:30:16.368486+00	2025-06-13 09:30:16.368542+00	61
286	Lights and signals testing	f		2025-06-13 09:30:16.373805+00	2025-06-13 09:30:16.373837+00	61
287	Electrical system check	f		2025-06-13 09:30:16.376288+00	2025-06-13 09:30:16.376326+00	61
288	Frame and suspension inspection	f		2025-06-13 09:30:16.378394+00	2025-06-13 09:30:16.378415+00	61
289	Brake inspection	f		2025-06-17 12:40:42.95665+00	2025-06-17 12:40:42.95668+00	63
290	Battery check	f		2025-06-17 12:40:42.96325+00	2025-06-17 12:40:42.963269+00	63
291	Tire pressure and condition	f		2025-06-17 12:40:42.964972+00	2025-06-17 12:40:42.964992+00	63
292	Lights and signals testing	f		2025-06-17 12:40:42.966789+00	2025-06-17 12:40:42.966816+00	63
293	Electrical system check	f		2025-06-17 12:40:43.141623+00	2025-06-17 12:40:43.141652+00	63
294	Frame and suspension inspection	f		2025-06-17 12:40:43.144057+00	2025-06-17 12:40:43.14408+00	63
295	Brake inspection	f		2025-06-17 12:43:26.674387+00	2025-06-17 12:43:26.674405+00	65
296	Battery check	f		2025-06-17 12:43:26.676426+00	2025-06-17 12:43:26.676445+00	65
297	Tire pressure and condition	f		2025-06-17 12:43:26.677661+00	2025-06-17 12:43:26.677675+00	65
298	Lights and signals testing	f		2025-06-17 12:43:26.678864+00	2025-06-17 12:43:26.67888+00	65
299	Electrical system check	f		2025-06-17 12:43:26.679932+00	2025-06-17 12:43:26.679948+00	65
300	Frame and suspension inspection	f		2025-06-17 12:43:26.681304+00	2025-06-17 12:43:26.681323+00	65
301	Brake inspection	f		2025-06-17 12:44:58.91146+00	2025-06-17 12:44:58.911478+00	67
302	Battery check	f		2025-06-17 12:44:58.913133+00	2025-06-17 12:44:58.913151+00	67
303	Tire pressure and condition	f		2025-06-17 12:44:58.921027+00	2025-06-17 12:44:58.921078+00	67
304	Lights and signals testing	f		2025-06-17 12:44:58.92257+00	2025-06-17 12:44:58.922587+00	67
305	Electrical system check	f		2025-06-17 12:44:58.923899+00	2025-06-17 12:44:58.923916+00	67
306	Frame and suspension inspection	f		2025-06-17 12:44:58.925343+00	2025-06-17 12:44:58.92536+00	67
307	Brake inspection	f		2025-06-17 12:47:15.349094+00	2025-06-17 12:47:15.349119+00	69
308	Battery check	f		2025-06-17 12:47:15.392037+00	2025-06-17 12:47:15.392067+00	69
309	Tire pressure and condition	f		2025-06-17 12:47:15.4357+00	2025-06-17 12:47:15.435727+00	69
310	Lights and signals testing	f		2025-06-17 12:47:15.478364+00	2025-06-17 12:47:15.478387+00	69
311	Electrical system check	f		2025-06-17 12:47:15.52115+00	2025-06-17 12:47:15.521179+00	69
312	Frame and suspension inspection	f		2025-06-17 12:47:15.565702+00	2025-06-17 12:47:15.565722+00	69
313	Brake inspection	f		2025-06-18 13:02:00.653827+00	2025-06-18 13:02:00.653847+00	70
314	Battery check	f		2025-06-18 13:02:00.658175+00	2025-06-18 13:02:00.658197+00	70
315	Tire pressure and condition	f		2025-06-18 13:02:00.659931+00	2025-06-18 13:02:00.659952+00	70
316	Lights and signals testing	f		2025-06-18 13:02:00.661451+00	2025-06-18 13:02:00.661477+00	70
317	Electrical system check	f		2025-06-18 13:02:00.662977+00	2025-06-18 13:02:00.663001+00	70
318	Frame and suspension inspection	f		2025-06-18 13:02:00.665006+00	2025-06-18 13:02:00.665032+00	70
319	Brake inspection	f		2025-06-18 13:05:42.419144+00	2025-06-18 13:05:42.419161+00	71
320	Battery check	f		2025-06-18 13:05:42.421008+00	2025-06-18 13:05:42.421026+00	71
321	Tire pressure and condition	f		2025-06-18 13:05:42.424027+00	2025-06-18 13:05:42.424062+00	71
322	Lights and signals testing	f		2025-06-18 13:05:42.425653+00	2025-06-18 13:05:42.425673+00	71
323	Electrical system check	f		2025-06-18 13:05:42.426946+00	2025-06-18 13:05:42.426964+00	71
324	Frame and suspension inspection	f		2025-06-18 13:05:42.428421+00	2025-06-18 13:05:42.428441+00	71
325	Brake inspection	f		2025-06-18 13:07:41.296684+00	2025-06-18 13:07:41.296706+00	72
326	Battery check	f		2025-06-18 13:07:41.299385+00	2025-06-18 13:07:41.299419+00	72
327	Tire pressure and condition	f		2025-06-18 13:07:41.309523+00	2025-06-18 13:07:41.309546+00	72
328	Lights and signals testing	f		2025-06-18 13:07:41.311328+00	2025-06-18 13:07:41.311353+00	72
329	Electrical system check	f		2025-06-18 13:07:41.312792+00	2025-06-18 13:07:41.312813+00	72
330	Frame and suspension inspection	f		2025-06-18 13:07:41.314444+00	2025-06-18 13:07:41.314463+00	72
331	Brake inspection	f		2025-06-18 13:09:55.265795+00	2025-06-18 13:09:55.265812+00	73
332	Battery check	f		2025-06-18 13:09:55.26799+00	2025-06-18 13:09:55.268011+00	73
333	Tire pressure and condition	f		2025-06-18 13:09:55.269494+00	2025-06-18 13:09:55.269512+00	73
334	Lights and signals testing	f		2025-06-18 13:09:55.270823+00	2025-06-18 13:09:55.270839+00	73
335	Electrical system check	f		2025-06-18 13:09:55.272059+00	2025-06-18 13:09:55.272074+00	73
336	Frame and suspension inspection	f		2025-06-18 13:09:55.273999+00	2025-06-18 13:09:55.274021+00	73
337	Brake inspection	f		2025-06-19 10:15:28.880647+00	2025-06-19 10:15:28.880663+00	75
338	Battery check	f		2025-06-19 10:15:28.958177+00	2025-06-19 10:15:28.958251+00	75
339	Tire pressure and condition	f		2025-06-19 10:15:28.960169+00	2025-06-19 10:15:28.960192+00	75
340	Lights and signals testing	f		2025-06-19 10:15:28.961614+00	2025-06-19 10:15:28.961634+00	75
341	Electrical system check	f		2025-06-19 10:15:28.963083+00	2025-06-19 10:15:28.963101+00	75
342	Frame and suspension inspection	f		2025-06-19 10:15:28.964289+00	2025-06-19 10:15:28.964306+00	75
343	Brake inspection	f		2025-06-19 13:54:56.795317+00	2025-06-19 13:54:56.795337+00	76
344	Battery check	f		2025-06-19 13:54:56.798484+00	2025-06-19 13:54:56.798505+00	76
345	Tire pressure and condition	f		2025-06-19 13:54:56.799996+00	2025-06-19 13:54:56.800013+00	76
346	Lights and signals testing	f		2025-06-19 13:54:56.801226+00	2025-06-19 13:54:56.801272+00	76
347	Electrical system check	f		2025-06-19 13:54:56.802864+00	2025-06-19 13:54:56.802885+00	76
348	Frame and suspension inspection	f		2025-06-19 13:54:56.804724+00	2025-06-19 13:54:56.804745+00	76
349	Brake inspection	f		2025-06-25 12:02:33.9529+00	2025-06-25 12:02:33.952923+00	78
350	Battery check	f		2025-06-25 12:02:34.776983+00	2025-06-25 12:02:34.777007+00	78
351	Tire pressure and condition	f		2025-06-25 12:02:34.94419+00	2025-06-25 12:02:34.944219+00	78
352	Lights and signals testing	f		2025-06-25 12:02:35.128602+00	2025-06-25 12:02:35.128623+00	78
353	Electrical system check	f		2025-06-25 12:02:35.25416+00	2025-06-25 12:02:35.254185+00	78
354	Frame and suspension inspection	f		2025-06-25 12:02:35.334984+00	2025-06-25 12:02:35.335014+00	78
355	Brake inspection	f		2025-06-27 07:19:50.769994+00	2025-06-27 07:19:50.770014+00	79
356	Battery check	f		2025-06-27 07:19:50.772206+00	2025-06-27 07:19:50.772225+00	79
357	Tire pressure and condition	f		2025-06-27 07:19:50.773644+00	2025-06-27 07:19:50.773663+00	79
358	Lights and signals testing	f		2025-06-27 07:19:50.774837+00	2025-06-27 07:19:50.774854+00	79
359	Electrical system check	f		2025-06-27 07:19:50.776234+00	2025-06-27 07:19:50.77625+00	79
360	Frame and suspension inspection	f		2025-06-27 07:19:50.777438+00	2025-06-27 07:19:50.777457+00	79
361	Brake inspection	f		2025-07-02 11:58:34.677058+00	2025-07-02 11:58:34.677084+00	80
362	Battery check	f		2025-07-02 11:58:34.680261+00	2025-07-02 11:58:34.680283+00	80
363	Tire pressure and condition	f		2025-07-02 11:58:34.682004+00	2025-07-02 11:58:34.682024+00	80
364	Lights and signals testing	f		2025-07-02 11:58:34.688363+00	2025-07-02 11:58:34.688396+00	80
365	Electrical system check	f		2025-07-02 11:58:34.690172+00	2025-07-02 11:58:34.690192+00	80
366	Frame and suspension inspection	f		2025-07-02 11:58:34.691819+00	2025-07-02 11:58:34.691839+00	80
367	Brake inspection	f		2025-07-04 16:13:18.457545+00	2025-07-04 16:13:18.457583+00	81
368	Battery check	f		2025-07-04 16:13:18.501238+00	2025-07-04 16:13:18.501259+00	81
369	Tire pressure and condition	f		2025-07-04 16:13:18.543869+00	2025-07-04 16:13:18.54389+00	81
370	Lights and signals testing	f		2025-07-04 16:13:18.585845+00	2025-07-04 16:13:18.585865+00	81
371	Electrical system check	f		2025-07-04 16:13:18.627836+00	2025-07-04 16:13:18.627858+00	81
372	Frame and suspension inspection	f		2025-07-04 16:13:18.675124+00	2025-07-04 16:13:18.675144+00	81
373	Brake inspection	f		2025-07-04 16:18:37.621818+00	2025-07-04 16:18:37.621843+00	82
374	Battery check	f		2025-07-04 16:18:37.66616+00	2025-07-04 16:18:37.666184+00	82
375	Tire pressure and condition	f		2025-07-04 16:18:37.708219+00	2025-07-04 16:18:37.708241+00	82
376	Lights and signals testing	f		2025-07-04 16:18:37.823002+00	2025-07-04 16:18:37.823023+00	82
377	Electrical system check	f		2025-07-04 16:18:37.905899+00	2025-07-04 16:18:37.905921+00	82
378	Frame and suspension inspection	f		2025-07-04 16:18:37.947842+00	2025-07-04 16:18:37.947866+00	82
379	Brake inspection	f		2025-07-04 16:23:16.185441+00	2025-07-04 16:23:16.185459+00	83
380	Battery check	f		2025-07-04 16:23:16.187353+00	2025-07-04 16:23:16.187372+00	83
381	Tire pressure and condition	f		2025-07-04 16:23:16.188935+00	2025-07-04 16:23:16.188954+00	83
382	Lights and signals testing	f		2025-07-04 16:23:16.19296+00	2025-07-04 16:23:16.192982+00	83
383	Electrical system check	f		2025-07-04 16:23:16.197705+00	2025-07-04 16:23:16.197727+00	83
384	Frame and suspension inspection	f		2025-07-04 16:23:16.300393+00	2025-07-04 16:23:16.300419+00	83
385	Brake inspection	f		2025-07-04 16:27:53.379502+00	2025-07-04 16:27:53.379523+00	84
386	Battery check	f		2025-07-04 16:27:53.381477+00	2025-07-04 16:27:53.381495+00	84
387	Tire pressure and condition	f		2025-07-04 16:27:53.382798+00	2025-07-04 16:27:53.382815+00	84
388	Lights and signals testing	f		2025-07-04 16:27:53.384011+00	2025-07-04 16:27:53.384028+00	84
389	Electrical system check	f		2025-07-04 16:27:53.385503+00	2025-07-04 16:27:53.385522+00	84
390	Frame and suspension inspection	f		2025-07-04 16:27:53.387139+00	2025-07-04 16:27:53.387158+00	84
391	Brake inspection	f		2025-07-04 16:32:19.369768+00	2025-07-04 16:32:19.369787+00	85
392	Battery check	f		2025-07-04 16:32:19.371709+00	2025-07-04 16:32:19.371728+00	85
393	Tire pressure and condition	f		2025-07-04 16:32:19.372876+00	2025-07-04 16:32:19.372891+00	85
394	Lights and signals testing	f		2025-07-04 16:32:19.374124+00	2025-07-04 16:32:19.374141+00	85
395	Electrical system check	f		2025-07-04 16:32:19.376029+00	2025-07-04 16:32:19.376049+00	85
396	Frame and suspension inspection	f		2025-07-04 16:32:19.377537+00	2025-07-04 16:32:19.377565+00	85
397	Brake inspection	f		2025-07-04 16:36:39.706413+00	2025-07-04 16:36:39.706431+00	86
398	Battery check	f		2025-07-04 16:36:39.708326+00	2025-07-04 16:36:39.708346+00	86
399	Tire pressure and condition	f		2025-07-04 16:36:39.710059+00	2025-07-04 16:36:39.710079+00	86
400	Lights and signals testing	f		2025-07-04 16:36:39.711489+00	2025-07-04 16:36:39.711507+00	86
401	Electrical system check	f		2025-07-04 16:36:39.713233+00	2025-07-04 16:36:39.713263+00	86
402	Frame and suspension inspection	f		2025-07-04 16:36:39.715168+00	2025-07-04 16:36:39.715189+00	86
403	Brake inspection	f		2025-07-07 13:35:37.276551+00	2025-07-07 13:35:37.276572+00	87
404	Battery check	f		2025-07-07 13:35:37.279369+00	2025-07-07 13:35:37.279389+00	87
405	Tire pressure and condition	f		2025-07-07 13:35:37.281173+00	2025-07-07 13:35:37.281193+00	87
406	Lights and signals testing	f		2025-07-07 13:35:37.282444+00	2025-07-07 13:35:37.28246+00	87
407	Electrical system check	f		2025-07-07 13:35:37.283675+00	2025-07-07 13:35:37.283692+00	87
408	Frame and suspension inspection	f		2025-07-07 13:35:37.284842+00	2025-07-07 13:35:37.28486+00	87
409	Brake inspection	f		2025-07-07 13:38:04.420303+00	2025-07-07 13:38:04.42033+00	88
410	Battery check	f		2025-07-07 13:38:04.422924+00	2025-07-07 13:38:04.422945+00	88
411	Tire pressure and condition	f		2025-07-07 13:38:04.424295+00	2025-07-07 13:38:04.424313+00	88
412	Lights and signals testing	f		2025-07-07 13:38:04.425644+00	2025-07-07 13:38:04.425667+00	88
413	Electrical system check	f		2025-07-07 13:38:04.426928+00	2025-07-07 13:38:04.426945+00	88
414	Frame and suspension inspection	f		2025-07-07 13:38:04.42803+00	2025-07-07 13:38:04.428046+00	88
415	Brake inspection	f		2025-07-07 13:39:51.278285+00	2025-07-07 13:39:51.278302+00	89
416	Battery check	f		2025-07-07 13:39:51.280465+00	2025-07-07 13:39:51.280485+00	89
417	Tire pressure and condition	f		2025-07-07 13:39:51.282107+00	2025-07-07 13:39:51.282127+00	89
418	Lights and signals testing	f		2025-07-07 13:39:51.28334+00	2025-07-07 13:39:51.283355+00	89
419	Electrical system check	f		2025-07-07 13:39:51.284416+00	2025-07-07 13:39:51.28443+00	89
420	Frame and suspension inspection	f		2025-07-07 13:39:51.285479+00	2025-07-07 13:39:51.285494+00	89
421	Brake inspection	f		2025-07-09 16:12:30.730576+00	2025-07-09 16:12:30.730596+00	90
422	Battery check	f		2025-07-09 16:12:30.824665+00	2025-07-09 16:12:30.824703+00	90
423	Tire pressure and condition	f		2025-07-09 16:12:30.828422+00	2025-07-09 16:12:30.828446+00	90
424	Lights and signals testing	f		2025-07-09 16:12:30.829984+00	2025-07-09 16:12:30.830007+00	90
425	Electrical system check	f		2025-07-09 16:12:30.831373+00	2025-07-09 16:12:30.831392+00	90
426	Frame and suspension inspection	f		2025-07-09 16:12:30.832735+00	2025-07-09 16:12:30.832755+00	90
427	Brake inspection	f		2025-07-09 16:15:39.904824+00	2025-07-09 16:15:39.904852+00	91
428	Battery check	f		2025-07-09 16:15:39.907985+00	2025-07-09 16:15:39.908015+00	91
429	Tire pressure and condition	f		2025-07-09 16:15:39.911259+00	2025-07-09 16:15:39.911284+00	91
430	Lights and signals testing	f		2025-07-09 16:15:39.913299+00	2025-07-09 16:15:39.913326+00	91
431	Electrical system check	f		2025-07-09 16:15:39.915711+00	2025-07-09 16:15:39.915739+00	91
432	Frame and suspension inspection	f		2025-07-09 16:15:39.917688+00	2025-07-09 16:15:39.917714+00	91
433	Brake inspection	f		2025-07-09 16:17:14.448252+00	2025-07-09 16:17:14.448271+00	92
434	Battery check	f		2025-07-09 16:17:14.449882+00	2025-07-09 16:17:14.4499+00	92
435	Tire pressure and condition	f		2025-07-09 16:17:14.451083+00	2025-07-09 16:17:14.451099+00	92
436	Lights and signals testing	f		2025-07-09 16:17:14.452258+00	2025-07-09 16:17:14.452275+00	92
437	Electrical system check	f		2025-07-09 16:17:14.453668+00	2025-07-09 16:17:14.45369+00	92
438	Frame and suspension inspection	f		2025-07-09 16:17:14.455184+00	2025-07-09 16:17:14.455204+00	92
439	Brake inspection	f		2025-07-10 10:30:14.382852+00	2025-07-10 10:30:14.382873+00	93
440	Battery check	f		2025-07-10 10:30:14.385094+00	2025-07-10 10:30:14.385115+00	93
441	Tire pressure and condition	f		2025-07-10 10:30:14.387167+00	2025-07-10 10:30:14.387235+00	93
442	Lights and signals testing	f		2025-07-10 10:30:14.389577+00	2025-07-10 10:30:14.389598+00	93
443	Electrical system check	f		2025-07-10 10:30:14.391127+00	2025-07-10 10:30:14.391147+00	93
444	Frame and suspension inspection	f		2025-07-10 10:30:14.392374+00	2025-07-10 10:30:14.392389+00	93
445	Brake inspection	f		2025-07-11 07:47:39.737563+00	2025-07-11 07:47:39.737581+00	94
446	Battery check	f		2025-07-11 07:47:39.739415+00	2025-07-11 07:47:39.739439+00	94
447	Tire pressure and condition	f		2025-07-11 07:47:39.741538+00	2025-07-11 07:47:39.741562+00	94
448	Lights and signals testing	f		2025-07-11 07:47:39.743443+00	2025-07-11 07:47:39.743463+00	94
449	Electrical system check	f		2025-07-11 07:47:39.744755+00	2025-07-11 07:47:39.744771+00	94
450	Frame and suspension inspection	f		2025-07-11 07:47:39.746115+00	2025-07-11 07:47:39.746133+00	94
451	Brake inspection	f		2025-07-11 07:49:25.156857+00	2025-07-11 07:49:25.156877+00	95
452	Battery check	f		2025-07-11 07:49:25.158785+00	2025-07-11 07:49:25.158806+00	95
453	Tire pressure and condition	f		2025-07-11 07:49:25.160138+00	2025-07-11 07:49:25.160156+00	95
454	Lights and signals testing	f		2025-07-11 07:49:25.161436+00	2025-07-11 07:49:25.161453+00	95
455	Electrical system check	f		2025-07-11 07:49:25.162837+00	2025-07-11 07:49:25.162857+00	95
456	Frame and suspension inspection	f		2025-07-11 07:49:25.164128+00	2025-07-11 07:49:25.164144+00	95
457	Brake inspection	f		2025-07-11 10:47:19.388912+00	2025-07-11 10:47:19.388937+00	96
458	Battery check	f		2025-07-11 10:47:19.393204+00	2025-07-11 10:47:19.393231+00	96
459	Tire pressure and condition	f		2025-07-11 10:47:19.395335+00	2025-07-11 10:47:19.395389+00	96
460	Lights and signals testing	f		2025-07-11 10:47:19.397059+00	2025-07-11 10:47:19.39708+00	96
461	Electrical system check	f		2025-07-11 10:47:19.398426+00	2025-07-11 10:47:19.398445+00	96
462	Frame and suspension inspection	f		2025-07-11 10:47:19.399697+00	2025-07-11 10:47:19.399712+00	96
463	Brake inspection	f		2025-07-14 07:47:10.584936+00	2025-07-14 07:47:10.584956+00	97
464	Battery check	f		2025-07-14 07:47:10.587595+00	2025-07-14 07:47:10.587623+00	97
465	Tire pressure and condition	f		2025-07-14 07:47:10.58965+00	2025-07-14 07:47:10.589705+00	97
466	Lights and signals testing	f		2025-07-14 07:47:10.591658+00	2025-07-14 07:47:10.591679+00	97
467	Electrical system check	f		2025-07-14 07:47:10.593146+00	2025-07-14 07:47:10.593164+00	97
468	Frame and suspension inspection	f		2025-07-14 07:47:10.594594+00	2025-07-14 07:47:10.594611+00	97
469	Brake inspection	f		2025-07-14 18:06:51.880769+00	2025-07-14 18:06:51.880786+00	98
470	Battery check	f		2025-07-14 18:06:51.883028+00	2025-07-14 18:06:51.883049+00	98
471	Tire pressure and condition	f		2025-07-14 18:06:51.884286+00	2025-07-14 18:06:51.884301+00	98
472	Lights and signals testing	f		2025-07-14 18:06:51.886003+00	2025-07-14 18:06:51.886022+00	98
473	Electrical system check	f		2025-07-14 18:06:51.88779+00	2025-07-14 18:06:51.887811+00	98
474	Frame and suspension inspection	f		2025-07-14 18:06:51.889169+00	2025-07-14 18:06:51.889188+00	98
475	Brake inspection	f		2025-07-20 06:07:35.772849+00	2025-07-20 06:07:35.77287+00	99
476	Battery check	f		2025-07-20 06:07:35.785009+00	2025-07-20 06:07:35.785036+00	99
477	Tire pressure and condition	f		2025-07-20 06:07:35.788425+00	2025-07-20 06:07:35.78846+00	99
478	Lights and signals testing	f		2025-07-20 06:07:35.791645+00	2025-07-20 06:07:35.791672+00	99
479	Electrical system check	f		2025-07-20 06:07:36.018968+00	2025-07-20 06:07:36.018994+00	99
480	Frame and suspension inspection	f		2025-07-20 06:07:36.062036+00	2025-07-20 06:07:36.062071+00	99
481	Brake inspection	f		2025-07-20 06:08:47.286987+00	2025-07-20 06:08:47.28701+00	100
482	Battery check	f		2025-07-20 06:08:47.289325+00	2025-07-20 06:08:47.289364+00	100
483	Tire pressure and condition	f		2025-07-20 06:08:47.291313+00	2025-07-20 06:08:47.291334+00	100
484	Lights and signals testing	f		2025-07-20 06:08:47.292845+00	2025-07-20 06:08:47.292868+00	100
485	Electrical system check	f		2025-07-20 06:08:47.294405+00	2025-07-20 06:08:47.294426+00	100
486	Frame and suspension inspection	f		2025-07-20 06:08:47.299588+00	2025-07-20 06:08:47.299618+00	100
487	Brake inspection	f		2025-07-20 06:10:30.137708+00	2025-07-20 06:10:30.137738+00	101
488	Battery check	f		2025-07-20 06:10:30.140031+00	2025-07-20 06:10:30.140065+00	101
489	Tire pressure and condition	f		2025-07-20 06:10:30.141734+00	2025-07-20 06:10:30.141759+00	101
490	Lights and signals testing	f		2025-07-20 06:10:30.143235+00	2025-07-20 06:10:30.143258+00	101
491	Electrical system check	f		2025-07-20 06:10:30.145075+00	2025-07-20 06:10:30.145098+00	101
492	Frame and suspension inspection	f		2025-07-20 06:10:30.146514+00	2025-07-20 06:10:30.146535+00	101
493	Brake inspection	f		2025-07-20 06:12:32.858973+00	2025-07-20 06:12:32.858997+00	102
494	Battery check	f		2025-07-20 06:12:32.861596+00	2025-07-20 06:12:32.861623+00	102
495	Tire pressure and condition	f		2025-07-20 06:12:32.879197+00	2025-07-20 06:12:32.879225+00	102
496	Lights and signals testing	f		2025-07-20 06:12:32.881371+00	2025-07-20 06:12:32.881409+00	102
497	Electrical system check	f		2025-07-20 06:12:32.905307+00	2025-07-20 06:12:32.905332+00	102
498	Frame and suspension inspection	f		2025-07-20 06:12:32.906931+00	2025-07-20 06:12:32.906949+00	102
499	Brake inspection	f		2025-07-20 06:13:56.803778+00	2025-07-20 06:13:56.803802+00	103
500	Battery check	f		2025-07-20 06:13:56.806186+00	2025-07-20 06:13:56.806218+00	103
501	Tire pressure and condition	f		2025-07-20 06:13:56.808021+00	2025-07-20 06:13:56.808044+00	103
502	Lights and signals testing	f		2025-07-20 06:13:56.809687+00	2025-07-20 06:13:56.809716+00	103
503	Electrical system check	f		2025-07-20 06:13:56.811388+00	2025-07-20 06:13:56.811409+00	103
504	Frame and suspension inspection	f		2025-07-20 06:13:56.81273+00	2025-07-20 06:13:56.812747+00	103
505	Brake inspection	f		2025-07-20 06:14:59.437938+00	2025-07-20 06:14:59.437971+00	104
506	Battery check	f		2025-07-20 06:14:59.440959+00	2025-07-20 06:14:59.44099+00	104
507	Tire pressure and condition	f		2025-07-20 06:14:59.442962+00	2025-07-20 06:14:59.442993+00	104
508	Lights and signals testing	f		2025-07-20 06:14:59.445028+00	2025-07-20 06:14:59.445061+00	104
509	Electrical system check	f		2025-07-20 06:14:59.447544+00	2025-07-20 06:14:59.447615+00	104
510	Frame and suspension inspection	f		2025-07-20 06:14:59.449629+00	2025-07-20 06:14:59.449661+00	104
511	Brake inspection	f		2025-07-20 06:15:58.127648+00	2025-07-20 06:15:58.127687+00	105
512	Battery check	f		2025-07-20 06:15:58.131126+00	2025-07-20 06:15:58.131165+00	105
513	Tire pressure and condition	f		2025-07-20 06:15:58.133178+00	2025-07-20 06:15:58.133213+00	105
514	Lights and signals testing	f		2025-07-20 06:15:58.135146+00	2025-07-20 06:15:58.135178+00	105
515	Electrical system check	f		2025-07-20 06:15:58.13705+00	2025-07-20 06:15:58.137082+00	105
516	Frame and suspension inspection	f		2025-07-20 06:15:58.139099+00	2025-07-20 06:15:58.139134+00	105
517	Brake inspection	f		2025-07-20 06:16:52.583858+00	2025-07-20 06:16:52.583892+00	106
518	Battery check	f		2025-07-20 06:16:52.586718+00	2025-07-20 06:16:52.586753+00	106
519	Tire pressure and condition	f		2025-07-20 06:16:52.589199+00	2025-07-20 06:16:52.589232+00	106
520	Lights and signals testing	f		2025-07-20 06:16:52.591275+00	2025-07-20 06:16:52.591309+00	106
521	Electrical system check	f		2025-07-20 06:16:52.593162+00	2025-07-20 06:16:52.593186+00	106
522	Frame and suspension inspection	f		2025-07-20 06:16:52.594926+00	2025-07-20 06:16:52.594958+00	106
\.


--
-- Data for Name: users_userprofile; Type: TABLE DATA; Schema: public; Owner: scooteruser
--

COPY public.users_userprofile (id, phone, "position", bio, date_updated, store_id, user_id) FROM stdin;
3				2025-05-21 09:23:13.888828+00	\N	4
4				2025-05-21 09:23:53.714336+00	1	3
5				2025-05-24 20:34:17.737734+00	\N	5
2				2025-06-27 07:24:45.974895+00	2	2
6				2025-06-27 07:30:02.18664+00	\N	6
1				2025-07-20 06:02:22.542302+00	\N	1
\.


--
-- Name: analytics_dashboard_id_seq; Type: SEQUENCE SET; Schema: public; Owner: scooteruser
--

SELECT pg_catalog.setval('public.analytics_dashboard_id_seq', 1, false);


--
-- Name: analytics_dashboardwidget_id_seq; Type: SEQUENCE SET; Schema: public; Owner: scooteruser
--

SELECT pg_catalog.setval('public.analytics_dashboardwidget_id_seq', 1, false);


--
-- Name: analytics_reportschedule_id_seq; Type: SEQUENCE SET; Schema: public; Owner: scooteruser
--

SELECT pg_catalog.setval('public.analytics_reportschedule_id_seq', 1, false);


--
-- Name: analytics_reportschedule_recipients_id_seq; Type: SEQUENCE SET; Schema: public; Owner: scooteruser
--

SELECT pg_catalog.setval('public.analytics_reportschedule_recipients_id_seq', 1, false);


--
-- Name: analytics_savedreport_allowed_users_id_seq; Type: SEQUENCE SET; Schema: public; Owner: scooteruser
--

SELECT pg_catalog.setval('public.analytics_savedreport_allowed_users_id_seq', 1, false);


--
-- Name: analytics_savedreport_id_seq; Type: SEQUENCE SET; Schema: public; Owner: scooteruser
--

SELECT pg_catalog.setval('public.analytics_savedreport_id_seq', 1, false);


--
-- Name: auth_group_id_seq; Type: SEQUENCE SET; Schema: public; Owner: scooteruser
--

SELECT pg_catalog.setval('public.auth_group_id_seq', 3, true);


--
-- Name: auth_group_permissions_id_seq; Type: SEQUENCE SET; Schema: public; Owner: scooteruser
--

SELECT pg_catalog.setval('public.auth_group_permissions_id_seq', 162, true);


--
-- Name: auth_permission_id_seq; Type: SEQUENCE SET; Schema: public; Owner: scooteruser
--

SELECT pg_catalog.setval('public.auth_permission_id_seq', 164, true);


--
-- Name: auth_user_groups_id_seq; Type: SEQUENCE SET; Schema: public; Owner: scooteruser
--

SELECT pg_catalog.setval('public.auth_user_groups_id_seq', 4, true);


--
-- Name: auth_user_id_seq; Type: SEQUENCE SET; Schema: public; Owner: scooteruser
--

SELECT pg_catalog.setval('public.auth_user_id_seq', 6, true);


--
-- Name: auth_user_user_permissions_id_seq; Type: SEQUENCE SET; Schema: public; Owner: scooteruser
--

SELECT pg_catalog.setval('public.auth_user_user_permissions_id_seq', 304, true);


--
-- Name: customers_customer_id_seq; Type: SEQUENCE SET; Schema: public; Owner: scooteruser
--

SELECT pg_catalog.setval('public.customers_customer_id_seq', 1, true);


--
-- Name: customers_payment_id_seq; Type: SEQUENCE SET; Schema: public; Owner: scooteruser
--

SELECT pg_catalog.setval('public.customers_payment_id_seq', 2, true);


--
-- Name: customers_paymentmethod_id_seq; Type: SEQUENCE SET; Schema: public; Owner: scooteruser
--

SELECT pg_catalog.setval('public.customers_paymentmethod_id_seq', 1, true);


--
-- Name: customers_rental_id_seq; Type: SEQUENCE SET; Schema: public; Owner: scooteruser
--

SELECT pg_catalog.setval('public.customers_rental_id_seq', 3, true);


--
-- Name: customers_rentalcategory_id_seq; Type: SEQUENCE SET; Schema: public; Owner: scooteruser
--

SELECT pg_catalog.setval('public.customers_rentalcategory_id_seq', 1, false);


--
-- Name: django_admin_log_id_seq; Type: SEQUENCE SET; Schema: public; Owner: scooteruser
--

SELECT pg_catalog.setval('public.django_admin_log_id_seq', 56, true);


--
-- Name: django_content_type_id_seq; Type: SEQUENCE SET; Schema: public; Owner: scooteruser
--

SELECT pg_catalog.setval('public.django_content_type_id_seq', 41, true);


--
-- Name: django_migrations_id_seq; Type: SEQUENCE SET; Schema: public; Owner: scooteruser
--

SELECT pg_catalog.setval('public.django_migrations_id_seq', 50, true);


--
-- Name: inventory_inventoryalert_id_seq; Type: SEQUENCE SET; Schema: public; Owner: scooteruser
--

SELECT pg_catalog.setval('public.inventory_inventoryalert_id_seq', 57, true);


--
-- Name: inventory_parts_id_seq; Type: SEQUENCE SET; Schema: public; Owner: scooteruser
--

SELECT pg_catalog.setval('public.inventory_parts_id_seq', 242, true);


--
-- Name: inventory_purchase_id_seq; Type: SEQUENCE SET; Schema: public; Owner: scooteruser
--

SELECT pg_catalog.setval('public.inventory_purchase_id_seq', 25, true);


--
-- Name: inventory_purchaseitem_id_seq; Type: SEQUENCE SET; Schema: public; Owner: scooteruser
--

SELECT pg_catalog.setval('public.inventory_purchaseitem_id_seq', 66, true);


--
-- Name: inventory_scooter_id_seq; Type: SEQUENCE SET; Schema: public; Owner: scooteruser
--

SELECT pg_catalog.setval('public.inventory_scooter_id_seq', 95, true);


--
-- Name: inventory_scootercategory_id_seq; Type: SEQUENCE SET; Schema: public; Owner: scooteruser
--

SELECT pg_catalog.setval('public.inventory_scootercategory_id_seq', 4, true);


--
-- Name: inventory_scootermaintenancehistory_id_seq; Type: SEQUENCE SET; Schema: public; Owner: scooteruser
--

SELECT pg_catalog.setval('public.inventory_scootermaintenancehistory_id_seq', 1, false);


--
-- Name: inventory_stocktransfer_id_seq; Type: SEQUENCE SET; Schema: public; Owner: scooteruser
--

SELECT pg_catalog.setval('public.inventory_stocktransfer_id_seq', 18, true);


--
-- Name: inventory_stocktransferitem_id_seq; Type: SEQUENCE SET; Schema: public; Owner: scooteruser
--

SELECT pg_catalog.setval('public.inventory_stocktransferitem_id_seq', 17, true);


--
-- Name: inventory_store_id_seq; Type: SEQUENCE SET; Schema: public; Owner: scooteruser
--

SELECT pg_catalog.setval('public.inventory_store_id_seq', 6, true);


--
-- Name: inventory_supplier_id_seq; Type: SEQUENCE SET; Schema: public; Owner: scooteruser
--

SELECT pg_catalog.setval('public.inventory_supplier_id_seq', 5, true);


--
-- Name: landing_brand_id_seq; Type: SEQUENCE SET; Schema: public; Owner: scooteruser
--

SELECT pg_catalog.setval('public.landing_brand_id_seq', 3, true);


--
-- Name: landing_cart_id_seq; Type: SEQUENCE SET; Schema: public; Owner: scooteruser
--

SELECT pg_catalog.setval('public.landing_cart_id_seq', 1, false);


--
-- Name: landing_cartitem_id_seq; Type: SEQUENCE SET; Schema: public; Owner: scooteruser
--

SELECT pg_catalog.setval('public.landing_cartitem_id_seq', 1, false);


--
-- Name: landing_category_id_seq; Type: SEQUENCE SET; Schema: public; Owner: scooteruser
--

SELECT pg_catalog.setval('public.landing_category_id_seq', 2, true);


--
-- Name: landing_herovideo_id_seq; Type: SEQUENCE SET; Schema: public; Owner: scooteruser
--

SELECT pg_catalog.setval('public.landing_herovideo_id_seq', 1, false);


--
-- Name: landing_homepagevideo_id_seq; Type: SEQUENCE SET; Schema: public; Owner: scooteruser
--

SELECT pg_catalog.setval('public.landing_homepagevideo_id_seq', 1, true);


--
-- Name: landing_product_id_seq; Type: SEQUENCE SET; Schema: public; Owner: scooteruser
--

SELECT pg_catalog.setval('public.landing_product_id_seq', 9, true);


--
-- Name: landing_rentalcategory_id_seq; Type: SEQUENCE SET; Schema: public; Owner: scooteruser
--

SELECT pg_catalog.setval('public.landing_rentalcategory_id_seq', 1, false);


--
-- Name: landing_restorationgallery_id_seq; Type: SEQUENCE SET; Schema: public; Owner: scooteruser
--

SELECT pg_catalog.setval('public.landing_restorationgallery_id_seq', 1, true);


--
-- Name: landing_wishlist_id_seq; Type: SEQUENCE SET; Schema: public; Owner: scooteruser
--

SELECT pg_catalog.setval('public.landing_wishlist_id_seq', 1, false);


--
-- Name: landing_wishlist_products_id_seq; Type: SEQUENCE SET; Schema: public; Owner: scooteruser
--

SELECT pg_catalog.setval('public.landing_wishlist_products_id_seq', 1, false);


--
-- Name: service_jobcard_id_seq; Type: SEQUENCE SET; Schema: public; Owner: scooteruser
--

SELECT pg_catalog.setval('public.service_jobcard_id_seq', 106, true);


--
-- Name: service_jobcarditem_id_seq; Type: SEQUENCE SET; Schema: public; Owner: scooteruser
--

SELECT pg_catalog.setval('public.service_jobcarditem_id_seq', 274, true);


--
-- Name: service_servicechecklist_id_seq; Type: SEQUENCE SET; Schema: public; Owner: scooteruser
--

SELECT pg_catalog.setval('public.service_servicechecklist_id_seq', 522, true);


--
-- Name: users_userprofile_id_seq; Type: SEQUENCE SET; Schema: public; Owner: scooteruser
--

SELECT pg_catalog.setval('public.users_userprofile_id_seq', 6, true);


--
-- Name: analytics_dashboard analytics_dashboard_pkey; Type: CONSTRAINT; Schema: public; Owner: scooteruser
--

ALTER TABLE ONLY public.analytics_dashboard
    ADD CONSTRAINT analytics_dashboard_pkey PRIMARY KEY (id);


--
-- Name: analytics_dashboardwidget analytics_dashboardwidget_pkey; Type: CONSTRAINT; Schema: public; Owner: scooteruser
--

ALTER TABLE ONLY public.analytics_dashboardwidget
    ADD CONSTRAINT analytics_dashboardwidget_pkey PRIMARY KEY (id);


--
-- Name: analytics_reportschedule analytics_reportschedule_pkey; Type: CONSTRAINT; Schema: public; Owner: scooteruser
--

ALTER TABLE ONLY public.analytics_reportschedule
    ADD CONSTRAINT analytics_reportschedule_pkey PRIMARY KEY (id);


--
-- Name: analytics_reportschedule_recipients analytics_reportschedule_recipients_pkey; Type: CONSTRAINT; Schema: public; Owner: scooteruser
--

ALTER TABLE ONLY public.analytics_reportschedule_recipients
    ADD CONSTRAINT analytics_reportschedule_recipients_pkey PRIMARY KEY (id);


--
-- Name: analytics_reportschedule_recipients analytics_reportschedule_reportschedule_id_user_i_bf90b082_uniq; Type: CONSTRAINT; Schema: public; Owner: scooteruser
--

ALTER TABLE ONLY public.analytics_reportschedule_recipients
    ADD CONSTRAINT analytics_reportschedule_reportschedule_id_user_i_bf90b082_uniq UNIQUE (reportschedule_id, user_id);


--
-- Name: analytics_savedreport_allowed_users analytics_savedreport_al_savedreport_id_user_id_a5d8496a_uniq; Type: CONSTRAINT; Schema: public; Owner: scooteruser
--

ALTER TABLE ONLY public.analytics_savedreport_allowed_users
    ADD CONSTRAINT analytics_savedreport_al_savedreport_id_user_id_a5d8496a_uniq UNIQUE (savedreport_id, user_id);


--
-- Name: analytics_savedreport_allowed_users analytics_savedreport_allowed_users_pkey; Type: CONSTRAINT; Schema: public; Owner: scooteruser
--

ALTER TABLE ONLY public.analytics_savedreport_allowed_users
    ADD CONSTRAINT analytics_savedreport_allowed_users_pkey PRIMARY KEY (id);


--
-- Name: analytics_savedreport analytics_savedreport_pkey; Type: CONSTRAINT; Schema: public; Owner: scooteruser
--

ALTER TABLE ONLY public.analytics_savedreport
    ADD CONSTRAINT analytics_savedreport_pkey PRIMARY KEY (id);


--
-- Name: auth_group auth_group_name_key; Type: CONSTRAINT; Schema: public; Owner: scooteruser
--

ALTER TABLE ONLY public.auth_group
    ADD CONSTRAINT auth_group_name_key UNIQUE (name);


--
-- Name: auth_group_permissions auth_group_permissions_group_id_permission_id_0cd325b0_uniq; Type: CONSTRAINT; Schema: public; Owner: scooteruser
--

ALTER TABLE ONLY public.auth_group_permissions
    ADD CONSTRAINT auth_group_permissions_group_id_permission_id_0cd325b0_uniq UNIQUE (group_id, permission_id);


--
-- Name: auth_group_permissions auth_group_permissions_pkey; Type: CONSTRAINT; Schema: public; Owner: scooteruser
--

ALTER TABLE ONLY public.auth_group_permissions
    ADD CONSTRAINT auth_group_permissions_pkey PRIMARY KEY (id);


--
-- Name: auth_group auth_group_pkey; Type: CONSTRAINT; Schema: public; Owner: scooteruser
--

ALTER TABLE ONLY public.auth_group
    ADD CONSTRAINT auth_group_pkey PRIMARY KEY (id);


--
-- Name: auth_permission auth_permission_content_type_id_codename_01ab375a_uniq; Type: CONSTRAINT; Schema: public; Owner: scooteruser
--

ALTER TABLE ONLY public.auth_permission
    ADD CONSTRAINT auth_permission_content_type_id_codename_01ab375a_uniq UNIQUE (content_type_id, codename);


--
-- Name: auth_permission auth_permission_pkey; Type: CONSTRAINT; Schema: public; Owner: scooteruser
--

ALTER TABLE ONLY public.auth_permission
    ADD CONSTRAINT auth_permission_pkey PRIMARY KEY (id);


--
-- Name: auth_user_groups auth_user_groups_pkey; Type: CONSTRAINT; Schema: public; Owner: scooteruser
--

ALTER TABLE ONLY public.auth_user_groups
    ADD CONSTRAINT auth_user_groups_pkey PRIMARY KEY (id);


--
-- Name: auth_user_groups auth_user_groups_user_id_group_id_94350c0c_uniq; Type: CONSTRAINT; Schema: public; Owner: scooteruser
--

ALTER TABLE ONLY public.auth_user_groups
    ADD CONSTRAINT auth_user_groups_user_id_group_id_94350c0c_uniq UNIQUE (user_id, group_id);


--
-- Name: auth_user auth_user_pkey; Type: CONSTRAINT; Schema: public; Owner: scooteruser
--

ALTER TABLE ONLY public.auth_user
    ADD CONSTRAINT auth_user_pkey PRIMARY KEY (id);


--
-- Name: auth_user_user_permissions auth_user_user_permissions_pkey; Type: CONSTRAINT; Schema: public; Owner: scooteruser
--

ALTER TABLE ONLY public.auth_user_user_permissions
    ADD CONSTRAINT auth_user_user_permissions_pkey PRIMARY KEY (id);


--
-- Name: auth_user_user_permissions auth_user_user_permissions_user_id_permission_id_14a6b632_uniq; Type: CONSTRAINT; Schema: public; Owner: scooteruser
--

ALTER TABLE ONLY public.auth_user_user_permissions
    ADD CONSTRAINT auth_user_user_permissions_user_id_permission_id_14a6b632_uniq UNIQUE (user_id, permission_id);


--
-- Name: auth_user auth_user_username_key; Type: CONSTRAINT; Schema: public; Owner: scooteruser
--

ALTER TABLE ONLY public.auth_user
    ADD CONSTRAINT auth_user_username_key UNIQUE (username);


--
-- Name: customers_customer customers_customer_driver_license_key; Type: CONSTRAINT; Schema: public; Owner: scooteruser
--

ALTER TABLE ONLY public.customers_customer
    ADD CONSTRAINT customers_customer_driver_license_key UNIQUE (driver_license);


--
-- Name: customers_customer customers_customer_email_key; Type: CONSTRAINT; Schema: public; Owner: scooteruser
--

ALTER TABLE ONLY public.customers_customer
    ADD CONSTRAINT customers_customer_email_key UNIQUE (email);


--
-- Name: customers_customer customers_customer_pkey; Type: CONSTRAINT; Schema: public; Owner: scooteruser
--

ALTER TABLE ONLY public.customers_customer
    ADD CONSTRAINT customers_customer_pkey PRIMARY KEY (id);


--
-- Name: customers_payment customers_payment_pkey; Type: CONSTRAINT; Schema: public; Owner: scooteruser
--

ALTER TABLE ONLY public.customers_payment
    ADD CONSTRAINT customers_payment_pkey PRIMARY KEY (id);


--
-- Name: customers_paymentmethod customers_paymentmethod_pkey; Type: CONSTRAINT; Schema: public; Owner: scooteruser
--

ALTER TABLE ONLY public.customers_paymentmethod
    ADD CONSTRAINT customers_paymentmethod_pkey PRIMARY KEY (id);


--
-- Name: customers_rental customers_rental_pkey; Type: CONSTRAINT; Schema: public; Owner: scooteruser
--

ALTER TABLE ONLY public.customers_rental
    ADD CONSTRAINT customers_rental_pkey PRIMARY KEY (id);


--
-- Name: customers_rental customers_rental_rental_number_key; Type: CONSTRAINT; Schema: public; Owner: scooteruser
--

ALTER TABLE ONLY public.customers_rental
    ADD CONSTRAINT customers_rental_rental_number_key UNIQUE (rental_number);


--
-- Name: customers_rentalcategory customers_rentalcategory_category_key; Type: CONSTRAINT; Schema: public; Owner: scooteruser
--

ALTER TABLE ONLY public.customers_rentalcategory
    ADD CONSTRAINT customers_rentalcategory_category_key UNIQUE (category);


--
-- Name: customers_rentalcategory customers_rentalcategory_pkey; Type: CONSTRAINT; Schema: public; Owner: scooteruser
--

ALTER TABLE ONLY public.customers_rentalcategory
    ADD CONSTRAINT customers_rentalcategory_pkey PRIMARY KEY (id);


--
-- Name: django_admin_log django_admin_log_pkey; Type: CONSTRAINT; Schema: public; Owner: scooteruser
--

ALTER TABLE ONLY public.django_admin_log
    ADD CONSTRAINT django_admin_log_pkey PRIMARY KEY (id);


--
-- Name: django_content_type django_content_type_app_label_model_76bd3d3b_uniq; Type: CONSTRAINT; Schema: public; Owner: scooteruser
--

ALTER TABLE ONLY public.django_content_type
    ADD CONSTRAINT django_content_type_app_label_model_76bd3d3b_uniq UNIQUE (app_label, model);


--
-- Name: django_content_type django_content_type_pkey; Type: CONSTRAINT; Schema: public; Owner: scooteruser
--

ALTER TABLE ONLY public.django_content_type
    ADD CONSTRAINT django_content_type_pkey PRIMARY KEY (id);


--
-- Name: django_migrations django_migrations_pkey; Type: CONSTRAINT; Schema: public; Owner: scooteruser
--

ALTER TABLE ONLY public.django_migrations
    ADD CONSTRAINT django_migrations_pkey PRIMARY KEY (id);


--
-- Name: django_session django_session_pkey; Type: CONSTRAINT; Schema: public; Owner: scooteruser
--

ALTER TABLE ONLY public.django_session
    ADD CONSTRAINT django_session_pkey PRIMARY KEY (session_key);


--
-- Name: inventory_inventoryalert inventory_inventoryalert_pkey; Type: CONSTRAINT; Schema: public; Owner: scooteruser
--

ALTER TABLE ONLY public.inventory_inventoryalert
    ADD CONSTRAINT inventory_inventoryalert_pkey PRIMARY KEY (id);


--
-- Name: inventory_parts inventory_parts_part_number_store_id_27eeb1b3_uniq; Type: CONSTRAINT; Schema: public; Owner: scooteruser
--

ALTER TABLE ONLY public.inventory_parts
    ADD CONSTRAINT inventory_parts_part_number_store_id_27eeb1b3_uniq UNIQUE (part_number, store_id);


--
-- Name: inventory_parts inventory_parts_pkey; Type: CONSTRAINT; Schema: public; Owner: scooteruser
--

ALTER TABLE ONLY public.inventory_parts
    ADD CONSTRAINT inventory_parts_pkey PRIMARY KEY (id);


--
-- Name: inventory_purchase inventory_purchase_invoice_number_key; Type: CONSTRAINT; Schema: public; Owner: scooteruser
--

ALTER TABLE ONLY public.inventory_purchase
    ADD CONSTRAINT inventory_purchase_invoice_number_key UNIQUE (invoice_number);


--
-- Name: inventory_purchase inventory_purchase_pkey; Type: CONSTRAINT; Schema: public; Owner: scooteruser
--

ALTER TABLE ONLY public.inventory_purchase
    ADD CONSTRAINT inventory_purchase_pkey PRIMARY KEY (id);


--
-- Name: inventory_purchaseitem inventory_purchaseitem_pkey; Type: CONSTRAINT; Schema: public; Owner: scooteruser
--

ALTER TABLE ONLY public.inventory_purchaseitem
    ADD CONSTRAINT inventory_purchaseitem_pkey PRIMARY KEY (id);


--
-- Name: inventory_scooter inventory_scooter_license_number_key; Type: CONSTRAINT; Schema: public; Owner: scooteruser
--

ALTER TABLE ONLY public.inventory_scooter
    ADD CONSTRAINT inventory_scooter_license_number_key UNIQUE (license_number);


--
-- Name: inventory_scooter inventory_scooter_pkey; Type: CONSTRAINT; Schema: public; Owner: scooteruser
--

ALTER TABLE ONLY public.inventory_scooter
    ADD CONSTRAINT inventory_scooter_pkey PRIMARY KEY (id);


--
-- Name: inventory_scooter inventory_scooter_vin_key; Type: CONSTRAINT; Schema: public; Owner: scooteruser
--

ALTER TABLE ONLY public.inventory_scooter
    ADD CONSTRAINT inventory_scooter_vin_key UNIQUE (vin);


--
-- Name: inventory_scootercategory inventory_scootercategory_category_key; Type: CONSTRAINT; Schema: public; Owner: scooteruser
--

ALTER TABLE ONLY public.inventory_scootercategory
    ADD CONSTRAINT inventory_scootercategory_category_key UNIQUE (category);


--
-- Name: inventory_scootercategory inventory_scootercategory_pkey; Type: CONSTRAINT; Schema: public; Owner: scooteruser
--

ALTER TABLE ONLY public.inventory_scootercategory
    ADD CONSTRAINT inventory_scootercategory_pkey PRIMARY KEY (id);


--
-- Name: inventory_scootermaintenancehistory inventory_scootermaintenancehistory_pkey; Type: CONSTRAINT; Schema: public; Owner: scooteruser
--

ALTER TABLE ONLY public.inventory_scootermaintenancehistory
    ADD CONSTRAINT inventory_scootermaintenancehistory_pkey PRIMARY KEY (id);


--
-- Name: inventory_stocktransfer inventory_stocktransfer_pkey; Type: CONSTRAINT; Schema: public; Owner: scooteruser
--

ALTER TABLE ONLY public.inventory_stocktransfer
    ADD CONSTRAINT inventory_stocktransfer_pkey PRIMARY KEY (id);


--
-- Name: inventory_stocktransfer inventory_stocktransfer_transfer_number_key; Type: CONSTRAINT; Schema: public; Owner: scooteruser
--

ALTER TABLE ONLY public.inventory_stocktransfer
    ADD CONSTRAINT inventory_stocktransfer_transfer_number_key UNIQUE (transfer_number);


--
-- Name: inventory_stocktransferitem inventory_stocktransferi_stock_transfer_id_part_i_102a76d7_uniq; Type: CONSTRAINT; Schema: public; Owner: scooteruser
--

ALTER TABLE ONLY public.inventory_stocktransferitem
    ADD CONSTRAINT inventory_stocktransferi_stock_transfer_id_part_i_102a76d7_uniq UNIQUE (stock_transfer_id, part_id);


--
-- Name: inventory_stocktransferitem inventory_stocktransferitem_pkey; Type: CONSTRAINT; Schema: public; Owner: scooteruser
--

ALTER TABLE ONLY public.inventory_stocktransferitem
    ADD CONSTRAINT inventory_stocktransferitem_pkey PRIMARY KEY (id);


--
-- Name: inventory_store inventory_store_pkey; Type: CONSTRAINT; Schema: public; Owner: scooteruser
--

ALTER TABLE ONLY public.inventory_store
    ADD CONSTRAINT inventory_store_pkey PRIMARY KEY (id);


--
-- Name: inventory_supplier inventory_supplier_pkey; Type: CONSTRAINT; Schema: public; Owner: scooteruser
--

ALTER TABLE ONLY public.inventory_supplier
    ADD CONSTRAINT inventory_supplier_pkey PRIMARY KEY (id);


--
-- Name: landing_brand landing_brand_pkey; Type: CONSTRAINT; Schema: public; Owner: scooteruser
--

ALTER TABLE ONLY public.landing_brand
    ADD CONSTRAINT landing_brand_pkey PRIMARY KEY (id);


--
-- Name: landing_brand landing_brand_slug_key; Type: CONSTRAINT; Schema: public; Owner: scooteruser
--

ALTER TABLE ONLY public.landing_brand
    ADD CONSTRAINT landing_brand_slug_key UNIQUE (slug);


--
-- Name: landing_cart landing_cart_pkey; Type: CONSTRAINT; Schema: public; Owner: scooteruser
--

ALTER TABLE ONLY public.landing_cart
    ADD CONSTRAINT landing_cart_pkey PRIMARY KEY (id);


--
-- Name: landing_cartitem landing_cartitem_pkey; Type: CONSTRAINT; Schema: public; Owner: scooteruser
--

ALTER TABLE ONLY public.landing_cartitem
    ADD CONSTRAINT landing_cartitem_pkey PRIMARY KEY (id);


--
-- Name: landing_category landing_category_pkey; Type: CONSTRAINT; Schema: public; Owner: scooteruser
--

ALTER TABLE ONLY public.landing_category
    ADD CONSTRAINT landing_category_pkey PRIMARY KEY (id);


--
-- Name: landing_category landing_category_slug_key; Type: CONSTRAINT; Schema: public; Owner: scooteruser
--

ALTER TABLE ONLY public.landing_category
    ADD CONSTRAINT landing_category_slug_key UNIQUE (slug);


--
-- Name: landing_herovideo landing_herovideo_pkey; Type: CONSTRAINT; Schema: public; Owner: scooteruser
--

ALTER TABLE ONLY public.landing_herovideo
    ADD CONSTRAINT landing_herovideo_pkey PRIMARY KEY (id);


--
-- Name: landing_homepagevideo landing_homepagevideo_pkey; Type: CONSTRAINT; Schema: public; Owner: scooteruser
--

ALTER TABLE ONLY public.landing_homepagevideo
    ADD CONSTRAINT landing_homepagevideo_pkey PRIMARY KEY (id);


--
-- Name: landing_product landing_product_pkey; Type: CONSTRAINT; Schema: public; Owner: scooteruser
--

ALTER TABLE ONLY public.landing_product
    ADD CONSTRAINT landing_product_pkey PRIMARY KEY (id);


--
-- Name: landing_product landing_product_slug_key; Type: CONSTRAINT; Schema: public; Owner: scooteruser
--

ALTER TABLE ONLY public.landing_product
    ADD CONSTRAINT landing_product_slug_key UNIQUE (slug);


--
-- Name: landing_rentalcategory landing_rentalcategory_pkey; Type: CONSTRAINT; Schema: public; Owner: scooteruser
--

ALTER TABLE ONLY public.landing_rentalcategory
    ADD CONSTRAINT landing_rentalcategory_pkey PRIMARY KEY (id);


--
-- Name: landing_rentalcategory landing_rentalcategory_slug_key; Type: CONSTRAINT; Schema: public; Owner: scooteruser
--

ALTER TABLE ONLY public.landing_rentalcategory
    ADD CONSTRAINT landing_rentalcategory_slug_key UNIQUE (slug);


--
-- Name: landing_restorationgallery landing_restorationgallery_pkey; Type: CONSTRAINT; Schema: public; Owner: scooteruser
--

ALTER TABLE ONLY public.landing_restorationgallery
    ADD CONSTRAINT landing_restorationgallery_pkey PRIMARY KEY (id);


--
-- Name: landing_wishlist landing_wishlist_pkey; Type: CONSTRAINT; Schema: public; Owner: scooteruser
--

ALTER TABLE ONLY public.landing_wishlist
    ADD CONSTRAINT landing_wishlist_pkey PRIMARY KEY (id);


--
-- Name: landing_wishlist_products landing_wishlist_products_pkey; Type: CONSTRAINT; Schema: public; Owner: scooteruser
--

ALTER TABLE ONLY public.landing_wishlist_products
    ADD CONSTRAINT landing_wishlist_products_pkey PRIMARY KEY (id);


--
-- Name: landing_wishlist_products landing_wishlist_products_wishlist_id_product_id_dabbdc7f_uniq; Type: CONSTRAINT; Schema: public; Owner: scooteruser
--

ALTER TABLE ONLY public.landing_wishlist_products
    ADD CONSTRAINT landing_wishlist_products_wishlist_id_product_id_dabbdc7f_uniq UNIQUE (wishlist_id, product_id);


--
-- Name: service_jobcard service_jobcard_job_card_number_key; Type: CONSTRAINT; Schema: public; Owner: scooteruser
--

ALTER TABLE ONLY public.service_jobcard
    ADD CONSTRAINT service_jobcard_job_card_number_key UNIQUE (job_card_number);


--
-- Name: service_jobcard service_jobcard_pkey; Type: CONSTRAINT; Schema: public; Owner: scooteruser
--

ALTER TABLE ONLY public.service_jobcard
    ADD CONSTRAINT service_jobcard_pkey PRIMARY KEY (id);


--
-- Name: service_jobcarditem service_jobcarditem_pkey; Type: CONSTRAINT; Schema: public; Owner: scooteruser
--

ALTER TABLE ONLY public.service_jobcarditem
    ADD CONSTRAINT service_jobcarditem_pkey PRIMARY KEY (id);


--
-- Name: service_servicechecklist service_servicechecklist_pkey; Type: CONSTRAINT; Schema: public; Owner: scooteruser
--

ALTER TABLE ONLY public.service_servicechecklist
    ADD CONSTRAINT service_servicechecklist_pkey PRIMARY KEY (id);


--
-- Name: users_userprofile users_userprofile_pkey; Type: CONSTRAINT; Schema: public; Owner: scooteruser
--

ALTER TABLE ONLY public.users_userprofile
    ADD CONSTRAINT users_userprofile_pkey PRIMARY KEY (id);


--
-- Name: users_userprofile users_userprofile_user_id_key; Type: CONSTRAINT; Schema: public; Owner: scooteruser
--

ALTER TABLE ONLY public.users_userprofile
    ADD CONSTRAINT users_userprofile_user_id_key UNIQUE (user_id);


--
-- Name: analytics_dashboard_owner_id_37d1219a; Type: INDEX; Schema: public; Owner: scooteruser
--

CREATE INDEX analytics_dashboard_owner_id_37d1219a ON public.analytics_dashboard USING btree (owner_id);


--
-- Name: analytics_dashboardwidget_dashboard_id_9dca796a; Type: INDEX; Schema: public; Owner: scooteruser
--

CREATE INDEX analytics_dashboardwidget_dashboard_id_9dca796a ON public.analytics_dashboardwidget USING btree (dashboard_id);


--
-- Name: analytics_reportschedule_created_by_id_39ae8f35; Type: INDEX; Schema: public; Owner: scooteruser
--

CREATE INDEX analytics_reportschedule_created_by_id_39ae8f35 ON public.analytics_reportschedule USING btree (created_by_id);


--
-- Name: analytics_reportschedule_recipients_reportschedule_id_71e52972; Type: INDEX; Schema: public; Owner: scooteruser
--

CREATE INDEX analytics_reportschedule_recipients_reportschedule_id_71e52972 ON public.analytics_reportschedule_recipients USING btree (reportschedule_id);


--
-- Name: analytics_reportschedule_recipients_user_id_36e8788b; Type: INDEX; Schema: public; Owner: scooteruser
--

CREATE INDEX analytics_reportschedule_recipients_user_id_36e8788b ON public.analytics_reportschedule_recipients USING btree (user_id);


--
-- Name: analytics_savedreport_allowed_users_savedreport_id_80d83201; Type: INDEX; Schema: public; Owner: scooteruser
--

CREATE INDEX analytics_savedreport_allowed_users_savedreport_id_80d83201 ON public.analytics_savedreport_allowed_users USING btree (savedreport_id);


--
-- Name: analytics_savedreport_allowed_users_user_id_a1c5f009; Type: INDEX; Schema: public; Owner: scooteruser
--

CREATE INDEX analytics_savedreport_allowed_users_user_id_a1c5f009 ON public.analytics_savedreport_allowed_users USING btree (user_id);


--
-- Name: analytics_savedreport_generated_by_id_8f08013c; Type: INDEX; Schema: public; Owner: scooteruser
--

CREATE INDEX analytics_savedreport_generated_by_id_8f08013c ON public.analytics_savedreport USING btree (generated_by_id);


--
-- Name: analytics_savedreport_report_schedule_id_3155f87f; Type: INDEX; Schema: public; Owner: scooteruser
--

CREATE INDEX analytics_savedreport_report_schedule_id_3155f87f ON public.analytics_savedreport USING btree (report_schedule_id);


--
-- Name: auth_group_name_a6ea08ec_like; Type: INDEX; Schema: public; Owner: scooteruser
--

CREATE INDEX auth_group_name_a6ea08ec_like ON public.auth_group USING btree (name varchar_pattern_ops);


--
-- Name: auth_group_permissions_group_id_b120cbf9; Type: INDEX; Schema: public; Owner: scooteruser
--

CREATE INDEX auth_group_permissions_group_id_b120cbf9 ON public.auth_group_permissions USING btree (group_id);


--
-- Name: auth_group_permissions_permission_id_84c5c92e; Type: INDEX; Schema: public; Owner: scooteruser
--

CREATE INDEX auth_group_permissions_permission_id_84c5c92e ON public.auth_group_permissions USING btree (permission_id);


--
-- Name: auth_permission_content_type_id_2f476e4b; Type: INDEX; Schema: public; Owner: scooteruser
--

CREATE INDEX auth_permission_content_type_id_2f476e4b ON public.auth_permission USING btree (content_type_id);


--
-- Name: auth_user_groups_group_id_97559544; Type: INDEX; Schema: public; Owner: scooteruser
--

CREATE INDEX auth_user_groups_group_id_97559544 ON public.auth_user_groups USING btree (group_id);


--
-- Name: auth_user_groups_user_id_6a12ed8b; Type: INDEX; Schema: public; Owner: scooteruser
--

CREATE INDEX auth_user_groups_user_id_6a12ed8b ON public.auth_user_groups USING btree (user_id);


--
-- Name: auth_user_user_permissions_permission_id_1fbb5f2c; Type: INDEX; Schema: public; Owner: scooteruser
--

CREATE INDEX auth_user_user_permissions_permission_id_1fbb5f2c ON public.auth_user_user_permissions USING btree (permission_id);


--
-- Name: auth_user_user_permissions_user_id_a95ead1b; Type: INDEX; Schema: public; Owner: scooteruser
--

CREATE INDEX auth_user_user_permissions_user_id_a95ead1b ON public.auth_user_user_permissions USING btree (user_id);


--
-- Name: auth_user_username_6821ab7c_like; Type: INDEX; Schema: public; Owner: scooteruser
--

CREATE INDEX auth_user_username_6821ab7c_like ON public.auth_user USING btree (username varchar_pattern_ops);


--
-- Name: customers_customer_driver_license_a33a2ff9_like; Type: INDEX; Schema: public; Owner: scooteruser
--

CREATE INDEX customers_customer_driver_license_a33a2ff9_like ON public.customers_customer USING btree (driver_license varchar_pattern_ops);


--
-- Name: customers_customer_email_300e404b_like; Type: INDEX; Schema: public; Owner: scooteruser
--

CREATE INDEX customers_customer_email_300e404b_like ON public.customers_customer USING btree (email varchar_pattern_ops);


--
-- Name: customers_payment_payment_method_id_6b153ff4; Type: INDEX; Schema: public; Owner: scooteruser
--

CREATE INDEX customers_payment_payment_method_id_6b153ff4 ON public.customers_payment USING btree (payment_method_id);


--
-- Name: customers_payment_rental_id_88a702cd; Type: INDEX; Schema: public; Owner: scooteruser
--

CREATE INDEX customers_payment_rental_id_88a702cd ON public.customers_payment USING btree (rental_id);


--
-- Name: customers_paymentmethod_customer_id_4a8c4e90; Type: INDEX; Schema: public; Owner: scooteruser
--

CREATE INDEX customers_paymentmethod_customer_id_4a8c4e90 ON public.customers_paymentmethod USING btree (customer_id);


--
-- Name: customers_rental_category_id_09278e1b; Type: INDEX; Schema: public; Owner: scooteruser
--

CREATE INDEX customers_rental_category_id_09278e1b ON public.customers_rental USING btree (category_id);


--
-- Name: customers_rental_created_by_id_bdd3a8a2; Type: INDEX; Schema: public; Owner: scooteruser
--

CREATE INDEX customers_rental_created_by_id_bdd3a8a2 ON public.customers_rental USING btree (created_by_id);


--
-- Name: customers_rental_customer_id_aabbc65f; Type: INDEX; Schema: public; Owner: scooteruser
--

CREATE INDEX customers_rental_customer_id_aabbc65f ON public.customers_rental USING btree (customer_id);


--
-- Name: customers_rental_rental_number_8616856a_like; Type: INDEX; Schema: public; Owner: scooteruser
--

CREATE INDEX customers_rental_rental_number_8616856a_like ON public.customers_rental USING btree (rental_number varchar_pattern_ops);


--
-- Name: customers_rental_scooter_id_8a782220; Type: INDEX; Schema: public; Owner: scooteruser
--

CREATE INDEX customers_rental_scooter_id_8a782220 ON public.customers_rental USING btree (scooter_id);


--
-- Name: customers_rentalcategory_category_80794481_like; Type: INDEX; Schema: public; Owner: scooteruser
--

CREATE INDEX customers_rentalcategory_category_80794481_like ON public.customers_rentalcategory USING btree (category varchar_pattern_ops);


--
-- Name: django_admin_log_content_type_id_c4bce8eb; Type: INDEX; Schema: public; Owner: scooteruser
--

CREATE INDEX django_admin_log_content_type_id_c4bce8eb ON public.django_admin_log USING btree (content_type_id);


--
-- Name: django_admin_log_user_id_c564eba6; Type: INDEX; Schema: public; Owner: scooteruser
--

CREATE INDEX django_admin_log_user_id_c564eba6 ON public.django_admin_log USING btree (user_id);


--
-- Name: django_session_expire_date_a5c62663; Type: INDEX; Schema: public; Owner: scooteruser
--

CREATE INDEX django_session_expire_date_a5c62663 ON public.django_session USING btree (expire_date);


--
-- Name: django_session_session_key_c0390e0f_like; Type: INDEX; Schema: public; Owner: scooteruser
--

CREATE INDEX django_session_session_key_c0390e0f_like ON public.django_session USING btree (session_key varchar_pattern_ops);


--
-- Name: inventory_inventoryalert_acknowledged_by_id_c7e0935a; Type: INDEX; Schema: public; Owner: scooteruser
--

CREATE INDEX inventory_inventoryalert_acknowledged_by_id_c7e0935a ON public.inventory_inventoryalert USING btree (acknowledged_by_id);


--
-- Name: inventory_inventoryalert_created_by_id_95354611; Type: INDEX; Schema: public; Owner: scooteruser
--

CREATE INDEX inventory_inventoryalert_created_by_id_95354611 ON public.inventory_inventoryalert USING btree (created_by_id);


--
-- Name: inventory_inventoryalert_part_id_b905a7fa; Type: INDEX; Schema: public; Owner: scooteruser
--

CREATE INDEX inventory_inventoryalert_part_id_b905a7fa ON public.inventory_inventoryalert USING btree (part_id);


--
-- Name: inventory_inventoryalert_resolved_by_id_a966607b; Type: INDEX; Schema: public; Owner: scooteruser
--

CREATE INDEX inventory_inventoryalert_resolved_by_id_a966607b ON public.inventory_inventoryalert USING btree (resolved_by_id);


--
-- Name: inventory_inventoryalert_scooter_id_7392e07e; Type: INDEX; Schema: public; Owner: scooteruser
--

CREATE INDEX inventory_inventoryalert_scooter_id_7392e07e ON public.inventory_inventoryalert USING btree (scooter_id);


--
-- Name: inventory_inventoryalert_store_id_8dbd54a3; Type: INDEX; Schema: public; Owner: scooteruser
--

CREATE INDEX inventory_inventoryalert_store_id_8dbd54a3 ON public.inventory_inventoryalert USING btree (store_id);


--
-- Name: inventory_parts_store_id_dffee19e; Type: INDEX; Schema: public; Owner: scooteruser
--

CREATE INDEX inventory_parts_store_id_dffee19e ON public.inventory_parts USING btree (store_id);


--
-- Name: inventory_purchase_created_by_id_95f05171; Type: INDEX; Schema: public; Owner: scooteruser
--

CREATE INDEX inventory_purchase_created_by_id_95f05171 ON public.inventory_purchase USING btree (created_by_id);


--
-- Name: inventory_purchase_invoice_number_2f3fc710_like; Type: INDEX; Schema: public; Owner: scooteruser
--

CREATE INDEX inventory_purchase_invoice_number_2f3fc710_like ON public.inventory_purchase USING btree (invoice_number varchar_pattern_ops);


--
-- Name: inventory_purchase_store_id_3d4db578; Type: INDEX; Schema: public; Owner: scooteruser
--

CREATE INDEX inventory_purchase_store_id_3d4db578 ON public.inventory_purchase USING btree (store_id);


--
-- Name: inventory_purchase_supplier_id_d098a335; Type: INDEX; Schema: public; Owner: scooteruser
--

CREATE INDEX inventory_purchase_supplier_id_d098a335 ON public.inventory_purchase USING btree (supplier_id);


--
-- Name: inventory_purchaseitem_part_id_18970575; Type: INDEX; Schema: public; Owner: scooteruser
--

CREATE INDEX inventory_purchaseitem_part_id_18970575 ON public.inventory_purchaseitem USING btree (part_id);


--
-- Name: inventory_purchaseitem_purchase_id_142d2777; Type: INDEX; Schema: public; Owner: scooteruser
--

CREATE INDEX inventory_purchaseitem_purchase_id_142d2777 ON public.inventory_purchaseitem USING btree (purchase_id);


--
-- Name: inventory_purchaseitem_scooter_id_6f5e0353; Type: INDEX; Schema: public; Owner: scooteruser
--

CREATE INDEX inventory_purchaseitem_scooter_id_6f5e0353 ON public.inventory_purchaseitem USING btree (scooter_id);


--
-- Name: inventory_purchaseitem_store_id_2331265f; Type: INDEX; Schema: public; Owner: scooteruser
--

CREATE INDEX inventory_purchaseitem_store_id_2331265f ON public.inventory_purchaseitem USING btree (store_id);


--
-- Name: inventory_scooter_license_number_45ed9a5c_like; Type: INDEX; Schema: public; Owner: scooteruser
--

CREATE INDEX inventory_scooter_license_number_45ed9a5c_like ON public.inventory_scooter USING btree (license_number varchar_pattern_ops);


--
-- Name: inventory_scooter_store_id_a3a32995; Type: INDEX; Schema: public; Owner: scooteruser
--

CREATE INDEX inventory_scooter_store_id_a3a32995 ON public.inventory_scooter USING btree (store_id);


--
-- Name: inventory_scooter_supplier_id_497fe49b; Type: INDEX; Schema: public; Owner: scooteruser
--

CREATE INDEX inventory_scooter_supplier_id_497fe49b ON public.inventory_scooter USING btree (supplier_id);


--
-- Name: inventory_scooter_vin_ad05b87f_like; Type: INDEX; Schema: public; Owner: scooteruser
--

CREATE INDEX inventory_scooter_vin_ad05b87f_like ON public.inventory_scooter USING btree (vin varchar_pattern_ops);


--
-- Name: inventory_scootermaintenancehistory_scooter_id_c43192d7; Type: INDEX; Schema: public; Owner: scooteruser
--

CREATE INDEX inventory_scootermaintenancehistory_scooter_id_c43192d7 ON public.inventory_scootermaintenancehistory USING btree (scooter_id);


--
-- Name: inventory_stocktransfer_created_by_id_4b71f1b5; Type: INDEX; Schema: public; Owner: scooteruser
--

CREATE INDEX inventory_stocktransfer_created_by_id_4b71f1b5 ON public.inventory_stocktransfer USING btree (created_by_id);


--
-- Name: inventory_stocktransfer_destination_store_id_6c5e7e9d; Type: INDEX; Schema: public; Owner: scooteruser
--

CREATE INDEX inventory_stocktransfer_destination_store_id_6c5e7e9d ON public.inventory_stocktransfer USING btree (destination_store_id);


--
-- Name: inventory_stocktransfer_source_store_id_1c39fff7; Type: INDEX; Schema: public; Owner: scooteruser
--

CREATE INDEX inventory_stocktransfer_source_store_id_1c39fff7 ON public.inventory_stocktransfer USING btree (source_store_id);


--
-- Name: inventory_stocktransfer_transfer_number_0575b39a_like; Type: INDEX; Schema: public; Owner: scooteruser
--

CREATE INDEX inventory_stocktransfer_transfer_number_0575b39a_like ON public.inventory_stocktransfer USING btree (transfer_number varchar_pattern_ops);


--
-- Name: inventory_stocktransferitem_part_id_6f65b49d; Type: INDEX; Schema: public; Owner: scooteruser
--

CREATE INDEX inventory_stocktransferitem_part_id_6f65b49d ON public.inventory_stocktransferitem USING btree (part_id);


--
-- Name: inventory_stocktransferitem_stock_transfer_id_2ddeb2c8; Type: INDEX; Schema: public; Owner: scooteruser
--

CREATE INDEX inventory_stocktransferitem_stock_transfer_id_2ddeb2c8 ON public.inventory_stocktransferitem USING btree (stock_transfer_id);


--
-- Name: landing_brand_slug_20a1d129_like; Type: INDEX; Schema: public; Owner: scooteruser
--

CREATE INDEX landing_brand_slug_20a1d129_like ON public.landing_brand USING btree (slug varchar_pattern_ops);


--
-- Name: landing_cart_user_id_566fbfb8; Type: INDEX; Schema: public; Owner: scooteruser
--

CREATE INDEX landing_cart_user_id_566fbfb8 ON public.landing_cart USING btree (user_id);


--
-- Name: landing_cartitem_cart_id_09637e78; Type: INDEX; Schema: public; Owner: scooteruser
--

CREATE INDEX landing_cartitem_cart_id_09637e78 ON public.landing_cartitem USING btree (cart_id);


--
-- Name: landing_cartitem_product_id_739ee7f9; Type: INDEX; Schema: public; Owner: scooteruser
--

CREATE INDEX landing_cartitem_product_id_739ee7f9 ON public.landing_cartitem USING btree (product_id);


--
-- Name: landing_category_slug_9dcc9dc7_like; Type: INDEX; Schema: public; Owner: scooteruser
--

CREATE INDEX landing_category_slug_9dcc9dc7_like ON public.landing_category USING btree (slug varchar_pattern_ops);


--
-- Name: landing_product_brand_id_7d1126a4; Type: INDEX; Schema: public; Owner: scooteruser
--

CREATE INDEX landing_product_brand_id_7d1126a4 ON public.landing_product USING btree (brand_id);


--
-- Name: landing_product_category_id_a42eca5b; Type: INDEX; Schema: public; Owner: scooteruser
--

CREATE INDEX landing_product_category_id_a42eca5b ON public.landing_product USING btree (category_id);


--
-- Name: landing_product_slug_b64b797f_like; Type: INDEX; Schema: public; Owner: scooteruser
--

CREATE INDEX landing_product_slug_b64b797f_like ON public.landing_product USING btree (slug varchar_pattern_ops);


--
-- Name: landing_rentalcategory_slug_e44e6090_like; Type: INDEX; Schema: public; Owner: scooteruser
--

CREATE INDEX landing_rentalcategory_slug_e44e6090_like ON public.landing_rentalcategory USING btree (slug varchar_pattern_ops);


--
-- Name: landing_wishlist_products_product_id_0a713b77; Type: INDEX; Schema: public; Owner: scooteruser
--

CREATE INDEX landing_wishlist_products_product_id_0a713b77 ON public.landing_wishlist_products USING btree (product_id);


--
-- Name: landing_wishlist_products_wishlist_id_989d5b1e; Type: INDEX; Schema: public; Owner: scooteruser
--

CREATE INDEX landing_wishlist_products_wishlist_id_989d5b1e ON public.landing_wishlist_products USING btree (wishlist_id);


--
-- Name: landing_wishlist_user_id_f4b890f1; Type: INDEX; Schema: public; Owner: scooteruser
--

CREATE INDEX landing_wishlist_user_id_f4b890f1 ON public.landing_wishlist USING btree (user_id);


--
-- Name: service_jobcard_job_card_number_bcc21f8f_like; Type: INDEX; Schema: public; Owner: scooteruser
--

CREATE INDEX service_jobcard_job_card_number_bcc21f8f_like ON public.service_jobcard USING btree (job_card_number varchar_pattern_ops);


--
-- Name: service_jobcard_scooter_id_4b9c6be9; Type: INDEX; Schema: public; Owner: scooteruser
--

CREATE INDEX service_jobcard_scooter_id_4b9c6be9 ON public.service_jobcard USING btree (scooter_id);


--
-- Name: service_jobcard_store_id_e94e5d9f; Type: INDEX; Schema: public; Owner: scooteruser
--

CREATE INDEX service_jobcard_store_id_e94e5d9f ON public.service_jobcard USING btree (store_id);


--
-- Name: service_jobcard_technician_id_a72988fb; Type: INDEX; Schema: public; Owner: scooteruser
--

CREATE INDEX service_jobcard_technician_id_a72988fb ON public.service_jobcard USING btree (technician_id);


--
-- Name: service_jobcarditem_job_card_id_7a1eb7be; Type: INDEX; Schema: public; Owner: scooteruser
--

CREATE INDEX service_jobcarditem_job_card_id_7a1eb7be ON public.service_jobcarditem USING btree (job_card_id);


--
-- Name: service_jobcarditem_part_id_50cebbfa; Type: INDEX; Schema: public; Owner: scooteruser
--

CREATE INDEX service_jobcarditem_part_id_50cebbfa ON public.service_jobcarditem USING btree (part_id);


--
-- Name: service_servicechecklist_job_card_id_b012a0f6; Type: INDEX; Schema: public; Owner: scooteruser
--

CREATE INDEX service_servicechecklist_job_card_id_b012a0f6 ON public.service_servicechecklist USING btree (job_card_id);


--
-- Name: users_userprofile_store_id_c7153def; Type: INDEX; Schema: public; Owner: scooteruser
--

CREATE INDEX users_userprofile_store_id_c7153def ON public.users_userprofile USING btree (store_id);


--
-- Name: analytics_dashboard analytics_dashboard_owner_id_37d1219a_fk_auth_user_id; Type: FK CONSTRAINT; Schema: public; Owner: scooteruser
--

ALTER TABLE ONLY public.analytics_dashboard
    ADD CONSTRAINT analytics_dashboard_owner_id_37d1219a_fk_auth_user_id FOREIGN KEY (owner_id) REFERENCES public.auth_user(id) DEFERRABLE INITIALLY DEFERRED;


--
-- Name: analytics_dashboardwidget analytics_dashboardw_dashboard_id_9dca796a_fk_analytics; Type: FK CONSTRAINT; Schema: public; Owner: scooteruser
--

ALTER TABLE ONLY public.analytics_dashboardwidget
    ADD CONSTRAINT analytics_dashboardw_dashboard_id_9dca796a_fk_analytics FOREIGN KEY (dashboard_id) REFERENCES public.analytics_dashboard(id) DEFERRABLE INITIALLY DEFERRED;


--
-- Name: analytics_reportschedule_recipients analytics_reportsche_reportschedule_id_71e52972_fk_analytics; Type: FK CONSTRAINT; Schema: public; Owner: scooteruser
--

ALTER TABLE ONLY public.analytics_reportschedule_recipients
    ADD CONSTRAINT analytics_reportsche_reportschedule_id_71e52972_fk_analytics FOREIGN KEY (reportschedule_id) REFERENCES public.analytics_reportschedule(id) DEFERRABLE INITIALLY DEFERRED;


--
-- Name: analytics_reportschedule_recipients analytics_reportsche_user_id_36e8788b_fk_auth_user; Type: FK CONSTRAINT; Schema: public; Owner: scooteruser
--

ALTER TABLE ONLY public.analytics_reportschedule_recipients
    ADD CONSTRAINT analytics_reportsche_user_id_36e8788b_fk_auth_user FOREIGN KEY (user_id) REFERENCES public.auth_user(id) DEFERRABLE INITIALLY DEFERRED;


--
-- Name: analytics_reportschedule analytics_reportschedule_created_by_id_39ae8f35_fk_auth_user_id; Type: FK CONSTRAINT; Schema: public; Owner: scooteruser
--

ALTER TABLE ONLY public.analytics_reportschedule
    ADD CONSTRAINT analytics_reportschedule_created_by_id_39ae8f35_fk_auth_user_id FOREIGN KEY (created_by_id) REFERENCES public.auth_user(id) DEFERRABLE INITIALLY DEFERRED;


--
-- Name: analytics_savedreport analytics_savedrepor_report_schedule_id_3155f87f_fk_analytics; Type: FK CONSTRAINT; Schema: public; Owner: scooteruser
--

ALTER TABLE ONLY public.analytics_savedreport
    ADD CONSTRAINT analytics_savedrepor_report_schedule_id_3155f87f_fk_analytics FOREIGN KEY (report_schedule_id) REFERENCES public.analytics_reportschedule(id) DEFERRABLE INITIALLY DEFERRED;


--
-- Name: analytics_savedreport_allowed_users analytics_savedrepor_savedreport_id_80d83201_fk_analytics; Type: FK CONSTRAINT; Schema: public; Owner: scooteruser
--

ALTER TABLE ONLY public.analytics_savedreport_allowed_users
    ADD CONSTRAINT analytics_savedrepor_savedreport_id_80d83201_fk_analytics FOREIGN KEY (savedreport_id) REFERENCES public.analytics_savedreport(id) DEFERRABLE INITIALLY DEFERRED;


--
-- Name: analytics_savedreport_allowed_users analytics_savedrepor_user_id_a1c5f009_fk_auth_user; Type: FK CONSTRAINT; Schema: public; Owner: scooteruser
--

ALTER TABLE ONLY public.analytics_savedreport_allowed_users
    ADD CONSTRAINT analytics_savedrepor_user_id_a1c5f009_fk_auth_user FOREIGN KEY (user_id) REFERENCES public.auth_user(id) DEFERRABLE INITIALLY DEFERRED;


--
-- Name: analytics_savedreport analytics_savedreport_generated_by_id_8f08013c_fk_auth_user_id; Type: FK CONSTRAINT; Schema: public; Owner: scooteruser
--

ALTER TABLE ONLY public.analytics_savedreport
    ADD CONSTRAINT analytics_savedreport_generated_by_id_8f08013c_fk_auth_user_id FOREIGN KEY (generated_by_id) REFERENCES public.auth_user(id) DEFERRABLE INITIALLY DEFERRED;


--
-- Name: auth_group_permissions auth_group_permissio_permission_id_84c5c92e_fk_auth_perm; Type: FK CONSTRAINT; Schema: public; Owner: scooteruser
--

ALTER TABLE ONLY public.auth_group_permissions
    ADD CONSTRAINT auth_group_permissio_permission_id_84c5c92e_fk_auth_perm FOREIGN KEY (permission_id) REFERENCES public.auth_permission(id) DEFERRABLE INITIALLY DEFERRED;


--
-- Name: auth_group_permissions auth_group_permissions_group_id_b120cbf9_fk_auth_group_id; Type: FK CONSTRAINT; Schema: public; Owner: scooteruser
--

ALTER TABLE ONLY public.auth_group_permissions
    ADD CONSTRAINT auth_group_permissions_group_id_b120cbf9_fk_auth_group_id FOREIGN KEY (group_id) REFERENCES public.auth_group(id) DEFERRABLE INITIALLY DEFERRED;


--
-- Name: auth_permission auth_permission_content_type_id_2f476e4b_fk_django_co; Type: FK CONSTRAINT; Schema: public; Owner: scooteruser
--

ALTER TABLE ONLY public.auth_permission
    ADD CONSTRAINT auth_permission_content_type_id_2f476e4b_fk_django_co FOREIGN KEY (content_type_id) REFERENCES public.django_content_type(id) DEFERRABLE INITIALLY DEFERRED;


--
-- Name: auth_user_groups auth_user_groups_group_id_97559544_fk_auth_group_id; Type: FK CONSTRAINT; Schema: public; Owner: scooteruser
--

ALTER TABLE ONLY public.auth_user_groups
    ADD CONSTRAINT auth_user_groups_group_id_97559544_fk_auth_group_id FOREIGN KEY (group_id) REFERENCES public.auth_group(id) DEFERRABLE INITIALLY DEFERRED;


--
-- Name: auth_user_groups auth_user_groups_user_id_6a12ed8b_fk_auth_user_id; Type: FK CONSTRAINT; Schema: public; Owner: scooteruser
--

ALTER TABLE ONLY public.auth_user_groups
    ADD CONSTRAINT auth_user_groups_user_id_6a12ed8b_fk_auth_user_id FOREIGN KEY (user_id) REFERENCES public.auth_user(id) DEFERRABLE INITIALLY DEFERRED;


--
-- Name: auth_user_user_permissions auth_user_user_permi_permission_id_1fbb5f2c_fk_auth_perm; Type: FK CONSTRAINT; Schema: public; Owner: scooteruser
--

ALTER TABLE ONLY public.auth_user_user_permissions
    ADD CONSTRAINT auth_user_user_permi_permission_id_1fbb5f2c_fk_auth_perm FOREIGN KEY (permission_id) REFERENCES public.auth_permission(id) DEFERRABLE INITIALLY DEFERRED;


--
-- Name: auth_user_user_permissions auth_user_user_permissions_user_id_a95ead1b_fk_auth_user_id; Type: FK CONSTRAINT; Schema: public; Owner: scooteruser
--

ALTER TABLE ONLY public.auth_user_user_permissions
    ADD CONSTRAINT auth_user_user_permissions_user_id_a95ead1b_fk_auth_user_id FOREIGN KEY (user_id) REFERENCES public.auth_user(id) DEFERRABLE INITIALLY DEFERRED;


--
-- Name: customers_payment customers_payment_payment_method_id_6b153ff4_fk_customers; Type: FK CONSTRAINT; Schema: public; Owner: scooteruser
--

ALTER TABLE ONLY public.customers_payment
    ADD CONSTRAINT customers_payment_payment_method_id_6b153ff4_fk_customers FOREIGN KEY (payment_method_id) REFERENCES public.customers_paymentmethod(id) DEFERRABLE INITIALLY DEFERRED;


--
-- Name: customers_payment customers_payment_rental_id_88a702cd_fk_customers_rental_id; Type: FK CONSTRAINT; Schema: public; Owner: scooteruser
--

ALTER TABLE ONLY public.customers_payment
    ADD CONSTRAINT customers_payment_rental_id_88a702cd_fk_customers_rental_id FOREIGN KEY (rental_id) REFERENCES public.customers_rental(id) DEFERRABLE INITIALLY DEFERRED;


--
-- Name: customers_paymentmethod customers_paymentmet_customer_id_4a8c4e90_fk_customers; Type: FK CONSTRAINT; Schema: public; Owner: scooteruser
--

ALTER TABLE ONLY public.customers_paymentmethod
    ADD CONSTRAINT customers_paymentmet_customer_id_4a8c4e90_fk_customers FOREIGN KEY (customer_id) REFERENCES public.customers_customer(id) DEFERRABLE INITIALLY DEFERRED;


--
-- Name: customers_rental customers_rental_category_id_09278e1b_fk_customers; Type: FK CONSTRAINT; Schema: public; Owner: scooteruser
--

ALTER TABLE ONLY public.customers_rental
    ADD CONSTRAINT customers_rental_category_id_09278e1b_fk_customers FOREIGN KEY (category_id) REFERENCES public.customers_rentalcategory(id) DEFERRABLE INITIALLY DEFERRED;


--
-- Name: customers_rental customers_rental_created_by_id_bdd3a8a2_fk_auth_user_id; Type: FK CONSTRAINT; Schema: public; Owner: scooteruser
--

ALTER TABLE ONLY public.customers_rental
    ADD CONSTRAINT customers_rental_created_by_id_bdd3a8a2_fk_auth_user_id FOREIGN KEY (created_by_id) REFERENCES public.auth_user(id) DEFERRABLE INITIALLY DEFERRED;


--
-- Name: customers_rental customers_rental_customer_id_aabbc65f_fk_customers_customer_id; Type: FK CONSTRAINT; Schema: public; Owner: scooteruser
--

ALTER TABLE ONLY public.customers_rental
    ADD CONSTRAINT customers_rental_customer_id_aabbc65f_fk_customers_customer_id FOREIGN KEY (customer_id) REFERENCES public.customers_customer(id) DEFERRABLE INITIALLY DEFERRED;


--
-- Name: customers_rental customers_rental_scooter_id_8a782220_fk_inventory_scooter_id; Type: FK CONSTRAINT; Schema: public; Owner: scooteruser
--

ALTER TABLE ONLY public.customers_rental
    ADD CONSTRAINT customers_rental_scooter_id_8a782220_fk_inventory_scooter_id FOREIGN KEY (scooter_id) REFERENCES public.inventory_scooter(id) DEFERRABLE INITIALLY DEFERRED;


--
-- Name: django_admin_log django_admin_log_content_type_id_c4bce8eb_fk_django_co; Type: FK CONSTRAINT; Schema: public; Owner: scooteruser
--

ALTER TABLE ONLY public.django_admin_log
    ADD CONSTRAINT django_admin_log_content_type_id_c4bce8eb_fk_django_co FOREIGN KEY (content_type_id) REFERENCES public.django_content_type(id) DEFERRABLE INITIALLY DEFERRED;


--
-- Name: django_admin_log django_admin_log_user_id_c564eba6_fk_auth_user_id; Type: FK CONSTRAINT; Schema: public; Owner: scooteruser
--

ALTER TABLE ONLY public.django_admin_log
    ADD CONSTRAINT django_admin_log_user_id_c564eba6_fk_auth_user_id FOREIGN KEY (user_id) REFERENCES public.auth_user(id) DEFERRABLE INITIALLY DEFERRED;


--
-- Name: inventory_inventoryalert inventory_inventorya_acknowledged_by_id_c7e0935a_fk_auth_user; Type: FK CONSTRAINT; Schema: public; Owner: scooteruser
--

ALTER TABLE ONLY public.inventory_inventoryalert
    ADD CONSTRAINT inventory_inventorya_acknowledged_by_id_c7e0935a_fk_auth_user FOREIGN KEY (acknowledged_by_id) REFERENCES public.auth_user(id) DEFERRABLE INITIALLY DEFERRED;


--
-- Name: inventory_inventoryalert inventory_inventorya_resolved_by_id_a966607b_fk_auth_user; Type: FK CONSTRAINT; Schema: public; Owner: scooteruser
--

ALTER TABLE ONLY public.inventory_inventoryalert
    ADD CONSTRAINT inventory_inventorya_resolved_by_id_a966607b_fk_auth_user FOREIGN KEY (resolved_by_id) REFERENCES public.auth_user(id) DEFERRABLE INITIALLY DEFERRED;


--
-- Name: inventory_inventoryalert inventory_inventorya_scooter_id_7392e07e_fk_inventory; Type: FK CONSTRAINT; Schema: public; Owner: scooteruser
--

ALTER TABLE ONLY public.inventory_inventoryalert
    ADD CONSTRAINT inventory_inventorya_scooter_id_7392e07e_fk_inventory FOREIGN KEY (scooter_id) REFERENCES public.inventory_scooter(id) DEFERRABLE INITIALLY DEFERRED;


--
-- Name: inventory_inventoryalert inventory_inventorya_store_id_8dbd54a3_fk_inventory; Type: FK CONSTRAINT; Schema: public; Owner: scooteruser
--

ALTER TABLE ONLY public.inventory_inventoryalert
    ADD CONSTRAINT inventory_inventorya_store_id_8dbd54a3_fk_inventory FOREIGN KEY (store_id) REFERENCES public.inventory_store(id) DEFERRABLE INITIALLY DEFERRED;


--
-- Name: inventory_inventoryalert inventory_inventoryalert_created_by_id_95354611_fk_auth_user_id; Type: FK CONSTRAINT; Schema: public; Owner: scooteruser
--

ALTER TABLE ONLY public.inventory_inventoryalert
    ADD CONSTRAINT inventory_inventoryalert_created_by_id_95354611_fk_auth_user_id FOREIGN KEY (created_by_id) REFERENCES public.auth_user(id) DEFERRABLE INITIALLY DEFERRED;


--
-- Name: inventory_inventoryalert inventory_inventoryalert_part_id_b905a7fa_fk_inventory_parts_id; Type: FK CONSTRAINT; Schema: public; Owner: scooteruser
--

ALTER TABLE ONLY public.inventory_inventoryalert
    ADD CONSTRAINT inventory_inventoryalert_part_id_b905a7fa_fk_inventory_parts_id FOREIGN KEY (part_id) REFERENCES public.inventory_parts(id) DEFERRABLE INITIALLY DEFERRED;


--
-- Name: inventory_parts inventory_parts_store_id_dffee19e_fk_inventory_store_id; Type: FK CONSTRAINT; Schema: public; Owner: scooteruser
--

ALTER TABLE ONLY public.inventory_parts
    ADD CONSTRAINT inventory_parts_store_id_dffee19e_fk_inventory_store_id FOREIGN KEY (store_id) REFERENCES public.inventory_store(id) DEFERRABLE INITIALLY DEFERRED;


--
-- Name: inventory_purchase inventory_purchase_created_by_id_95f05171_fk_auth_user_id; Type: FK CONSTRAINT; Schema: public; Owner: scooteruser
--

ALTER TABLE ONLY public.inventory_purchase
    ADD CONSTRAINT inventory_purchase_created_by_id_95f05171_fk_auth_user_id FOREIGN KEY (created_by_id) REFERENCES public.auth_user(id) DEFERRABLE INITIALLY DEFERRED;


--
-- Name: inventory_purchase inventory_purchase_store_id_3d4db578_fk_inventory_store_id; Type: FK CONSTRAINT; Schema: public; Owner: scooteruser
--

ALTER TABLE ONLY public.inventory_purchase
    ADD CONSTRAINT inventory_purchase_store_id_3d4db578_fk_inventory_store_id FOREIGN KEY (store_id) REFERENCES public.inventory_store(id) DEFERRABLE INITIALLY DEFERRED;


--
-- Name: inventory_purchase inventory_purchase_supplier_id_d098a335_fk_inventory; Type: FK CONSTRAINT; Schema: public; Owner: scooteruser
--

ALTER TABLE ONLY public.inventory_purchase
    ADD CONSTRAINT inventory_purchase_supplier_id_d098a335_fk_inventory FOREIGN KEY (supplier_id) REFERENCES public.inventory_supplier(id) DEFERRABLE INITIALLY DEFERRED;


--
-- Name: inventory_purchaseitem inventory_purchaseit_purchase_id_142d2777_fk_inventory; Type: FK CONSTRAINT; Schema: public; Owner: scooteruser
--

ALTER TABLE ONLY public.inventory_purchaseitem
    ADD CONSTRAINT inventory_purchaseit_purchase_id_142d2777_fk_inventory FOREIGN KEY (purchase_id) REFERENCES public.inventory_purchase(id) DEFERRABLE INITIALLY DEFERRED;


--
-- Name: inventory_purchaseitem inventory_purchaseit_scooter_id_6f5e0353_fk_inventory; Type: FK CONSTRAINT; Schema: public; Owner: scooteruser
--

ALTER TABLE ONLY public.inventory_purchaseitem
    ADD CONSTRAINT inventory_purchaseit_scooter_id_6f5e0353_fk_inventory FOREIGN KEY (scooter_id) REFERENCES public.inventory_scooter(id) DEFERRABLE INITIALLY DEFERRED;


--
-- Name: inventory_purchaseitem inventory_purchaseitem_part_id_18970575_fk_inventory_parts_id; Type: FK CONSTRAINT; Schema: public; Owner: scooteruser
--

ALTER TABLE ONLY public.inventory_purchaseitem
    ADD CONSTRAINT inventory_purchaseitem_part_id_18970575_fk_inventory_parts_id FOREIGN KEY (part_id) REFERENCES public.inventory_parts(id) DEFERRABLE INITIALLY DEFERRED;


--
-- Name: inventory_purchaseitem inventory_purchaseitem_store_id_2331265f_fk_inventory_store_id; Type: FK CONSTRAINT; Schema: public; Owner: scooteruser
--

ALTER TABLE ONLY public.inventory_purchaseitem
    ADD CONSTRAINT inventory_purchaseitem_store_id_2331265f_fk_inventory_store_id FOREIGN KEY (store_id) REFERENCES public.inventory_store(id) DEFERRABLE INITIALLY DEFERRED;


--
-- Name: inventory_scooter inventory_scooter_category_id_fkey; Type: FK CONSTRAINT; Schema: public; Owner: scooteruser
--

ALTER TABLE ONLY public.inventory_scooter
    ADD CONSTRAINT inventory_scooter_category_id_fkey FOREIGN KEY (category_id) REFERENCES public.inventory_scootercategory(id) ON DELETE SET NULL;


--
-- Name: inventory_scooter inventory_scooter_store_id_a3a32995_fk_inventory_store_id; Type: FK CONSTRAINT; Schema: public; Owner: scooteruser
--

ALTER TABLE ONLY public.inventory_scooter
    ADD CONSTRAINT inventory_scooter_store_id_a3a32995_fk_inventory_store_id FOREIGN KEY (store_id) REFERENCES public.inventory_store(id) DEFERRABLE INITIALLY DEFERRED;


--
-- Name: inventory_scooter inventory_scooter_supplier_id_497fe49b_fk_inventory_supplier_id; Type: FK CONSTRAINT; Schema: public; Owner: scooteruser
--

ALTER TABLE ONLY public.inventory_scooter
    ADD CONSTRAINT inventory_scooter_supplier_id_497fe49b_fk_inventory_supplier_id FOREIGN KEY (supplier_id) REFERENCES public.inventory_supplier(id) DEFERRABLE INITIALLY DEFERRED;


--
-- Name: inventory_scootermaintenancehistory inventory_scootermai_scooter_id_c43192d7_fk_inventory; Type: FK CONSTRAINT; Schema: public; Owner: scooteruser
--

ALTER TABLE ONLY public.inventory_scootermaintenancehistory
    ADD CONSTRAINT inventory_scootermai_scooter_id_c43192d7_fk_inventory FOREIGN KEY (scooter_id) REFERENCES public.inventory_scooter(id) DEFERRABLE INITIALLY DEFERRED;


--
-- Name: inventory_stocktransfer inventory_stocktrans_destination_store_id_6c5e7e9d_fk_inventory; Type: FK CONSTRAINT; Schema: public; Owner: scooteruser
--

ALTER TABLE ONLY public.inventory_stocktransfer
    ADD CONSTRAINT inventory_stocktrans_destination_store_id_6c5e7e9d_fk_inventory FOREIGN KEY (destination_store_id) REFERENCES public.inventory_store(id) DEFERRABLE INITIALLY DEFERRED;


--
-- Name: inventory_stocktransferitem inventory_stocktrans_part_id_6f65b49d_fk_inventory; Type: FK CONSTRAINT; Schema: public; Owner: scooteruser
--

ALTER TABLE ONLY public.inventory_stocktransferitem
    ADD CONSTRAINT inventory_stocktrans_part_id_6f65b49d_fk_inventory FOREIGN KEY (part_id) REFERENCES public.inventory_parts(id) DEFERRABLE INITIALLY DEFERRED;


--
-- Name: inventory_stocktransfer inventory_stocktrans_source_store_id_1c39fff7_fk_inventory; Type: FK CONSTRAINT; Schema: public; Owner: scooteruser
--

ALTER TABLE ONLY public.inventory_stocktransfer
    ADD CONSTRAINT inventory_stocktrans_source_store_id_1c39fff7_fk_inventory FOREIGN KEY (source_store_id) REFERENCES public.inventory_store(id) DEFERRABLE INITIALLY DEFERRED;


--
-- Name: inventory_stocktransferitem inventory_stocktrans_stock_transfer_id_2ddeb2c8_fk_inventory; Type: FK CONSTRAINT; Schema: public; Owner: scooteruser
--

ALTER TABLE ONLY public.inventory_stocktransferitem
    ADD CONSTRAINT inventory_stocktrans_stock_transfer_id_2ddeb2c8_fk_inventory FOREIGN KEY (stock_transfer_id) REFERENCES public.inventory_stocktransfer(id) DEFERRABLE INITIALLY DEFERRED;


--
-- Name: inventory_stocktransfer inventory_stocktransfer_created_by_id_4b71f1b5_fk_auth_user_id; Type: FK CONSTRAINT; Schema: public; Owner: scooteruser
--

ALTER TABLE ONLY public.inventory_stocktransfer
    ADD CONSTRAINT inventory_stocktransfer_created_by_id_4b71f1b5_fk_auth_user_id FOREIGN KEY (created_by_id) REFERENCES public.auth_user(id) DEFERRABLE INITIALLY DEFERRED;


--
-- Name: landing_cart landing_cart_user_id_566fbfb8_fk_auth_user_id; Type: FK CONSTRAINT; Schema: public; Owner: scooteruser
--

ALTER TABLE ONLY public.landing_cart
    ADD CONSTRAINT landing_cart_user_id_566fbfb8_fk_auth_user_id FOREIGN KEY (user_id) REFERENCES public.auth_user(id) DEFERRABLE INITIALLY DEFERRED;


--
-- Name: landing_cartitem landing_cartitem_cart_id_09637e78_fk_landing_cart_id; Type: FK CONSTRAINT; Schema: public; Owner: scooteruser
--

ALTER TABLE ONLY public.landing_cartitem
    ADD CONSTRAINT landing_cartitem_cart_id_09637e78_fk_landing_cart_id FOREIGN KEY (cart_id) REFERENCES public.landing_cart(id) DEFERRABLE INITIALLY DEFERRED;


--
-- Name: landing_cartitem landing_cartitem_product_id_739ee7f9_fk_landing_product_id; Type: FK CONSTRAINT; Schema: public; Owner: scooteruser
--

ALTER TABLE ONLY public.landing_cartitem
    ADD CONSTRAINT landing_cartitem_product_id_739ee7f9_fk_landing_product_id FOREIGN KEY (product_id) REFERENCES public.landing_product(id) DEFERRABLE INITIALLY DEFERRED;


--
-- Name: landing_product landing_product_brand_id_7d1126a4_fk_landing_brand_id; Type: FK CONSTRAINT; Schema: public; Owner: scooteruser
--

ALTER TABLE ONLY public.landing_product
    ADD CONSTRAINT landing_product_brand_id_7d1126a4_fk_landing_brand_id FOREIGN KEY (brand_id) REFERENCES public.landing_brand(id) DEFERRABLE INITIALLY DEFERRED;


--
-- Name: landing_product landing_product_category_id_a42eca5b_fk_landing_category_id; Type: FK CONSTRAINT; Schema: public; Owner: scooteruser
--

ALTER TABLE ONLY public.landing_product
    ADD CONSTRAINT landing_product_category_id_a42eca5b_fk_landing_category_id FOREIGN KEY (category_id) REFERENCES public.landing_category(id) DEFERRABLE INITIALLY DEFERRED;


--
-- Name: landing_wishlist_products landing_wishlist_pro_product_id_0a713b77_fk_landing_p; Type: FK CONSTRAINT; Schema: public; Owner: scooteruser
--

ALTER TABLE ONLY public.landing_wishlist_products
    ADD CONSTRAINT landing_wishlist_pro_product_id_0a713b77_fk_landing_p FOREIGN KEY (product_id) REFERENCES public.landing_product(id) DEFERRABLE INITIALLY DEFERRED;


--
-- Name: landing_wishlist_products landing_wishlist_pro_wishlist_id_989d5b1e_fk_landing_w; Type: FK CONSTRAINT; Schema: public; Owner: scooteruser
--

ALTER TABLE ONLY public.landing_wishlist_products
    ADD CONSTRAINT landing_wishlist_pro_wishlist_id_989d5b1e_fk_landing_w FOREIGN KEY (wishlist_id) REFERENCES public.landing_wishlist(id) DEFERRABLE INITIALLY DEFERRED;


--
-- Name: landing_wishlist landing_wishlist_user_id_f4b890f1_fk_auth_user_id; Type: FK CONSTRAINT; Schema: public; Owner: scooteruser
--

ALTER TABLE ONLY public.landing_wishlist
    ADD CONSTRAINT landing_wishlist_user_id_f4b890f1_fk_auth_user_id FOREIGN KEY (user_id) REFERENCES public.auth_user(id) DEFERRABLE INITIALLY DEFERRED;


--
-- Name: service_jobcard service_jobcard_scooter_id_4b9c6be9_fk_inventory_scooter_id; Type: FK CONSTRAINT; Schema: public; Owner: scooteruser
--

ALTER TABLE ONLY public.service_jobcard
    ADD CONSTRAINT service_jobcard_scooter_id_4b9c6be9_fk_inventory_scooter_id FOREIGN KEY (scooter_id) REFERENCES public.inventory_scooter(id) DEFERRABLE INITIALLY DEFERRED;


--
-- Name: service_jobcard service_jobcard_store_id_e94e5d9f_fk_inventory_store_id; Type: FK CONSTRAINT; Schema: public; Owner: scooteruser
--

ALTER TABLE ONLY public.service_jobcard
    ADD CONSTRAINT service_jobcard_store_id_e94e5d9f_fk_inventory_store_id FOREIGN KEY (store_id) REFERENCES public.inventory_store(id) DEFERRABLE INITIALLY DEFERRED;


--
-- Name: service_jobcard service_jobcard_technician_id_a72988fb_fk_auth_user_id; Type: FK CONSTRAINT; Schema: public; Owner: scooteruser
--

ALTER TABLE ONLY public.service_jobcard
    ADD CONSTRAINT service_jobcard_technician_id_a72988fb_fk_auth_user_id FOREIGN KEY (technician_id) REFERENCES public.auth_user(id) DEFERRABLE INITIALLY DEFERRED;


--
-- Name: service_jobcarditem service_jobcarditem_job_card_id_7a1eb7be_fk_service_jobcard_id; Type: FK CONSTRAINT; Schema: public; Owner: scooteruser
--

ALTER TABLE ONLY public.service_jobcarditem
    ADD CONSTRAINT service_jobcarditem_job_card_id_7a1eb7be_fk_service_jobcard_id FOREIGN KEY (job_card_id) REFERENCES public.service_jobcard(id) DEFERRABLE INITIALLY DEFERRED;


--
-- Name: service_jobcarditem service_jobcarditem_part_id_50cebbfa_fk_inventory_parts_id; Type: FK CONSTRAINT; Schema: public; Owner: scooteruser
--

ALTER TABLE ONLY public.service_jobcarditem
    ADD CONSTRAINT service_jobcarditem_part_id_50cebbfa_fk_inventory_parts_id FOREIGN KEY (part_id) REFERENCES public.inventory_parts(id) DEFERRABLE INITIALLY DEFERRED;


--
-- Name: service_servicechecklist service_servicecheck_job_card_id_b012a0f6_fk_service_j; Type: FK CONSTRAINT; Schema: public; Owner: scooteruser
--

ALTER TABLE ONLY public.service_servicechecklist
    ADD CONSTRAINT service_servicecheck_job_card_id_b012a0f6_fk_service_j FOREIGN KEY (job_card_id) REFERENCES public.service_jobcard(id) DEFERRABLE INITIALLY DEFERRED;


--
-- Name: users_userprofile users_userprofile_store_id_c7153def_fk_inventory_store_id; Type: FK CONSTRAINT; Schema: public; Owner: scooteruser
--

ALTER TABLE ONLY public.users_userprofile
    ADD CONSTRAINT users_userprofile_store_id_c7153def_fk_inventory_store_id FOREIGN KEY (store_id) REFERENCES public.inventory_store(id) DEFERRABLE INITIALLY DEFERRED;


--
-- Name: users_userprofile users_userprofile_user_id_87251ef1_fk_auth_user_id; Type: FK CONSTRAINT; Schema: public; Owner: scooteruser
--

ALTER TABLE ONLY public.users_userprofile
    ADD CONSTRAINT users_userprofile_user_id_87251ef1_fk_auth_user_id FOREIGN KEY (user_id) REFERENCES public.auth_user(id) DEFERRABLE INITIALLY DEFERRED;


--
-- Name: SCHEMA public; Type: ACL; Schema: -; Owner: pg_database_owner
--

REVOKE USAGE ON SCHEMA public FROM PUBLIC;
GRANT ALL ON SCHEMA public TO scooteruser;
GRANT ALL ON SCHEMA public TO PUBLIC;


--
-- PostgreSQL database dump complete
--

